student_id,age,gender,major,study_hours_per_day,social_media_hours,netflix_hours,part_time_job,attendance_percentage,sleep_hours,diet_quality,exercise_frequency,parental_education_level,internet_quality,mental_health_rating,extracurricular_participation,previous_gpa,semester,stress_level,dropout_risk,social_activity,screen_time,study_environment,access_to_tutoring,family_income_range,parental_support_level,motivation_level,exam_anxiety_score,learning_style,time_management_score,exam_score
100024,16,Other,Psychology,6.1,1.3,1.5,Yes,86.7,5.2,Poor,1,Bachelor,High,1.7999999999999998,No,3.27,4,9.5,Yes,5,10.1,Co-Learning Group,Yes,Low,10,1,10,Kinesthetic,9.4,80
100050,27,Female,Psychology,7.3,2.1,3.7,No,76.0,8.4,Fair,4,PhD,Medium,7.0,Yes,3.52,1,8.1,Yes,4,13.2,Library,No,High,4,3,10,Visual,6.9,79
100118,16,Other,Business,8.0,4.8,2.0,Yes,78.3,7.6,Poor,7,High School,High,10.0,No,3.57,4,10.0,Yes,5,15.0,Co-Learning Group,No,Medium,6,3,10,Kinesthetic,4.5,93
100157,21,Other,Biology,2.5,0.7,3.3,No,40.7,9.1,Good,0,PhD,Medium,4.9,Yes,2.63,2,8.2,Yes,2,8.3,Cafe,No,Medium,8,3,10,Reading,1.7,60
100239,24,Other,Computer Science,6.978527133247132,2.3,2.1,No,65.3,7.3,Good,5,Bachelor,High,6.3,Yes,4.0,4,8.7,Yes,4,12.3,Co-Learning Group,No,Medium,3,1,10,Reading,7.3,100
100240,20,Male,Arts,2.8,0.4,2.0,Yes,55.1,5.0,Good,4,Bachelor,High,7.5,Yes,3.45,8,8.3,Yes,2,6.9,Co-Learning Group,No,Medium,1,2,10,Auditory,6.4,83
100262,17,Male,Business,1.2,1.5,3.9,Yes,68.4,10.4,Fair,2,High School,Low,6.3,No,3.19,2,8.6,Yes,2,7.7,Library,Yes,Medium,4,2,10,Reading,1.2,79
100291,28,Male,Arts,4.5,2.9,0.4,No,90.8,6.6,Good,2,Bachelor,Medium,5.4,Yes,4.0,3,8.2,Yes,1,8.3,Co-Learning Group,Yes,Medium,8,3,10,Reading,3.3,100
100351,19,Male,Arts,1.1,2.5,4.0,No,55.1,4.9,Poor,2,Bachelor,Low,6.2,Yes,1.97,5,8.7,Yes,0,9.0,Dorm,Yes,High,7,3,10,Kinesthetic,4.0,54
100535,24,Male,Arts,5.4,3.1,3.4,No,72.4,6.3,Good,2,Master,High,5.7,Yes,3.23,3,8.3,Yes,4,13.4,Cafe,Yes,Low,5,1,10,Reading,9.6,87
100583,21,Female,Psychology,4.0,2.6,2.9,Yes,43.8,6.5,Poor,7,Some College,High,5.9,No,3.96,6,8.6,Yes,2,10.9,Library,No,Low,9,3,10,Visual,9.5,98
100631,19,Other,Biology,4.3,1.8,1.4,No,40.2,7.1,Fair,5,PhD,Medium,8.2,Yes,3.7,8,8.9,Yes,4,8.7,Co-Learning Group,Yes,Low,4,3,10,Reading,4.0,93
100788,21,Other,Biology,4.8,0.6,1.2,Yes,47.2,6.3,Poor,3,Bachelor,Medium,8.9,Yes,3.54,1,10.0,Yes,5,7.2,Library,Yes,Low,10,2,10,Kinesthetic,7.9,86
100806,19,Other,Engineering,3.1,3.4,1.9,No,98.3,6.5,Poor,6,PhD,Low,2.7,No,2.35,6,8.8,Yes,5,8.4,Dorm,No,High,4,2,10,Reading,3.3,63
100810,19,Male,Psychology,5.3,5.0,0.9,Yes,41.3,4.9,Fair,3,Master,Low,3.3,Yes,4.0,3,8.4,Yes,2,13.0,Quiet Room,Yes,Medium,8,2,10,Kinesthetic,7.6,100
100832,23,Other,Arts,3.3,0.1,1.2,Yes,79.8,7.3,Good,2,Master,Medium,5.2,No,3.37,6,8.6,Yes,3,4.6,Quiet Room,Yes,Low,6,3,10,Auditory,2.1,91
100862,21,Male,Computer Science,7.012324258878803,4.0,0.9,No,85.2,6.6,Poor,3,Master,Medium,4.0,Yes,3.94,2,8.3,Yes,5,12.8,Co-Learning Group,Yes,Low,3,2,10,Kinesthetic,2.0,97
100868,26,Male,Psychology,2.0,4.8,2.0,Yes,59.1,8.3,Fair,6,Some College,High,5.6,No,3.8,6,8.6,Yes,3,9.0,Library,No,High,1,3,10,Auditory,1.6,97
100916,25,Female,Engineering,3.8,1.2,0.3,Yes,74.5,4.9,Fair,1,Some College,Medium,8.8,Yes,2.08,4,8.3,Yes,4,6.8,Dorm,No,High,10,3,10,Kinesthetic,2.2,51
100939,18,Female,Biology,5.5,3.0,1.5,No,73.8,7.3,Poor,6,Master,High,3.7,Yes,3.05,5,10.0,Yes,2,10.3,Co-Learning Group,Yes,Medium,7,2,10,Kinesthetic,9.7,77
100979,19,Other,Business,4.1,3.6,1.0,No,88.1,4.8,Good,0,Bachelor,High,6.8,Yes,2.94,1,9.9,Yes,2,9.0,Dorm,Yes,High,10,3,10,Visual,4.0,74
100983,25,Male,Engineering,5.8,0.6,2.5,Yes,98.8,6.5,Good,0,Some College,High,9.1,Yes,3.9,3,8.1,Yes,5,10.8,Cafe,No,Medium,10,1,10,Reading,1.3,100
101025,18,Male,Psychology,4.2,1.4,1.3,Yes,61.5,6.5,Good,3,PhD,High,3.6,Yes,3.48,3,8.1,Yes,0,7.2,Quiet Room,Yes,Medium,1,1,10,Reading,3.5,88
101046,27,Other,Arts,0.4,0.7,0.5,No,67.5,6.2,Fair,0,PhD,High,7.300000000000001,No,3.38,1,8.3,Yes,1,2.6,Co-Learning Group,No,High,3,2,10,Auditory,3.6,81
101077,20,Female,Psychology,4.3,1.6,0.2,No,75.8,5.8,Good,0,Master,Low,6.0,Yes,2.48,7,8.6,Yes,4,8.1,Library,No,Medium,3,1,10,Reading,1.5,53
101176,23,Other,Psychology,6.4,0.8,0.2,Yes,89.1,7.5,Good,5,Bachelor,Low,6.3,No,4.0,2,9.2,Yes,4,8.6,Quiet Room,No,Medium,7,2,10,Kinesthetic,1.9,92
101209,23,Female,Psychology,3.1,3.0,0.6,Yes,57.0,8.7,Fair,5,Some College,Medium,6.4,Yes,4.0,1,8.6,Yes,2,7.5,Quiet Room,No,Low,2,3,10,Auditory,3.4,95
101250,23,Female,Arts,4.2,3.1,3.9,Yes,86.9,6.1,Fair,4,Bachelor,Medium,8.2,Yes,3.45,4,8.1,Yes,1,12.9,Quiet Room,Yes,Medium,5,2,10,Kinesthetic,8.6,93
101447,25,Other,Biology,3.5,3.3,1.0,Yes,58.3,8.4,Poor,4,Master,Low,5.3,Yes,2.17,8,9.4,Yes,0,9.2,Dorm,Yes,Medium,2,1,10,Kinesthetic,8.2,61
101452,18,Female,Computer Science,1.4964053873426215,0.0,3.9,No,86.1,6.8,Fair,1,PhD,Low,10.0,Yes,3.12,6,8.2,Yes,2,6.9,Dorm,No,High,5,3,10,Reading,1.5,77
101463,18,Female,Psychology,3.9,1.4,1.6,No,42.0,6.2,Fair,3,High School,Medium,3.8,No,2.98,5,8.8,Yes,4,8.5,Co-Learning Group,No,Low,7,1,10,Auditory,4.5,83
101489,26,Other,Engineering,5.3,4.8,0.8,Yes,88.0,8.4,Poor,2,Some College,Medium,4.2,Yes,2.92,5,9.5,Yes,0,11.0,Library,No,Low,4,2,10,Auditory,5.9,77
101516,17,Other,Biology,4.5,1.5,1.2,No,87.0,8.1,Good,3,Master,Low,5.3,No,3.12,2,10.0,Yes,0,7.7,Cafe,No,Low,6,2,10,Reading,3.8,75
101575,19,Female,Biology,5.9,4.7,1.5,Yes,48.6,10.5,Fair,3,High School,Low,5.7,No,4.0,4,8.6,Yes,5,12.2,Co-Learning Group,Yes,Medium,5,3,10,Reading,9.4,100
101645,17,Female,Biology,0.9,4.6,1.3,No,53.4,8.7,Good,4,High School,High,7.0,Yes,3.81,4,8.3,Yes,3,8.2,Dorm,Yes,High,6,2,10,Kinesthetic,6.7,100
101680,22,Female,Business,1.9,3.5,3.0,No,98.5,7.5,Fair,2,PhD,Medium,8.4,Yes,3.28,7,8.3,Yes,3,9.6,Cafe,No,High,4,2,10,Reading,2.8,81
101784,18,Other,Biology,0.0,3.3,0.3,No,73.5,7.8,Fair,7,Some College,Medium,7.1,Yes,3.08,4,8.6,Yes,2,3.7,Library,Yes,High,9,3,10,Visual,6.2,80
101815,23,Female,Business,4.2,3.0,2.1,No,91.7,6.8,Good,0,Bachelor,Low,3.7,Yes,3.84,7,9.3,Yes,5,9.3,Co-Learning Group,No,Low,9,3,10,Visual,5.9,100
101904,28,Other,Biology,4.6,2.4,2.8,No,46.4,6.9,Fair,6,High School,Medium,5.5,Yes,4.0,2,9.0,Yes,3,10.5,Quiet Room,Yes,High,10,2,10,Reading,1.3,96
101909,25,Other,Psychology,3.2,1.3,1.4,Yes,98.5,7.0,Good,1,High School,High,6.6,No,3.89,3,8.4,Yes,5,7.9,Library,No,Medium,1,3,10,Auditory,5.1,99
101964,16,Female,Psychology,5.9,4.9,2.8,No,65.9,4.0,Poor,2,Bachelor,High,4.5,Yes,3.53,5,8.4,Yes,2,15.4,Quiet Room,No,High,1,3,10,Auditory,7.5,94
102079,18,Male,Computer Science,3.087752653688525,0.9,0.4,No,78.0,6.5,Fair,0,High School,High,8.7,Yes,2.72,2,8.5,Yes,5,6.3,Dorm,No,High,3,2,10,Visual,8.4,70
102104,16,Male,Computer Science,7.461949497871446,0.3,0.9,No,62.9,7.3,Good,6,PhD,Medium,5.5,No,4.0,1,9.9,Yes,0,9.4,Dorm,No,Low,7,2,10,Auditory,1.0,100
102149,24,Male,Computer Science,4.767431512637663,1.2,0.9,Yes,79.7,4.0,Good,0,Bachelor,Low,4.2,No,2.17,6,9.9,Yes,3,7.4,Cafe,No,High,7,2,10,Reading,6.6,48
102154,27,Female,Business,5.1,2.3,0.1,Yes,65.3,9.0,Fair,2,Some College,Low,8.0,Yes,4.0,4,8.4,Yes,5,7.7,Dorm,Yes,High,6,1,10,Reading,6.1,100
102183,19,Female,Biology,3.7,4.2,2.7,Yes,58.3,7.7,Fair,1,Some College,Low,2.1,Yes,3.25,5,8.2,Yes,2,11.1,Dorm,No,Medium,6,3,10,Kinesthetic,1.2,80
102206,23,Female,Biology,6.0,3.8,1.6,Yes,86.8,5.6,Good,2,PhD,Low,6.1,Yes,3.74,3,9.2,Yes,5,13.3,Cafe,Yes,Medium,1,3,10,Visual,1.1,100
102397,17,Other,Engineering,4.7,1.4,1.0,No,55.6,6.1,Poor,1,High School,Medium,5.3,No,2.38,6,9.5,Yes,3,8.5,Library,Yes,Low,3,1,10,Kinesthetic,6.8,53
102458,24,Other,Psychology,4.2,4.8,0.4,No,48.6,6.4,Poor,0,High School,Low,8.9,No,3.45,7,10.0,Yes,0,9.9,Quiet Room,No,Low,9,2,10,Auditory,8.1,92
102508,18,Female,Business,1.9,4.9,0.6,Yes,70.2,5.5,Fair,6,High School,Low,5.7,Yes,2.97,7,8.4,Yes,3,9.0,Quiet Room,No,Low,7,3,10,Kinesthetic,3.5,72
102552,22,Female,Business,7.8,1.0,0.9,No,83.7,7.1,Fair,3,High School,Low,6.2,No,3.26,3,8.1,Yes,5,9.7,Library,No,Medium,7,3,10,Reading,3.1,80
102557,16,Female,Computer Science,6.3703163711031,0.1,0.6,No,86.6,8.2,Poor,2,Bachelor,Medium,6.0,Yes,3.22,2,8.7,Yes,0,7.3,Co-Learning Group,No,Low,5,3,10,Auditory,2.7,87
102561,16,Other,Biology,3.6,0.0,1.3,No,98.1,6.6,Good,2,Bachelor,High,3.2,Yes,2.62,1,10.0,Yes,4,6.3,Dorm,No,Low,8,1,10,Kinesthetic,8.6,69
102660,26,Female,Biology,3.1,0.9,3.0,Yes,41.4,6.4,Good,5,Bachelor,High,6.5,No,2.95,7,8.9,Yes,5,8.6,Dorm,No,Low,7,1,10,Reading,8.2,78
102742,21,Other,Business,5.0,3.7,0.8,No,95.9,9.2,Poor,3,Master,Medium,5.1,Yes,2.83,8,8.3,Yes,4,9.5,Cafe,No,Medium,7,3,10,Kinesthetic,1.2,68
102757,26,Female,Psychology,4.1,3.0,1.3,Yes,56.9,8.6,Poor,6,PhD,Low,9.8,No,4.0,1,9.0,Yes,5,10.1,Quiet Room,Yes,Medium,6,1,10,Auditory,2.5,98
102761,27,Female,Engineering,4.8,3.9,3.5,No,90.0,5.8,Good,7,Master,High,1.7999999999999998,No,3.54,2,8.3,Yes,3,13.8,Dorm,No,Low,8,2,10,Reading,2.2,88
102764,23,Male,Computer Science,2.4334177051646764,2.9,1.8,Yes,58.6,8.0,Good,3,Master,High,2.6,No,3.81,2,10.0,Yes,4,7.3,Quiet Room,Yes,High,7,1,10,Visual,1.9,91
102888,24,Male,Psychology,5.4,3.3,3.0,Yes,84.9,8.8,Good,1,PhD,Medium,5.3,Yes,3.38,4,8.6,Yes,2,12.1,Dorm,Yes,Low,7,3,10,Auditory,8.2,83
102949,22,Other,Computer Science,4.993190305848523,1.2,2.8,Yes,44.9,7.6,Good,0,Master,Low,7.699999999999999,Yes,4.0,7,8.6,Yes,1,10.4,Library,Yes,Low,2,2,10,Visual,1.8,95
102975,16,Other,Psychology,2.7,4.6,3.4,Yes,64.5,8.7,Good,7,Some College,High,8.1,Yes,4.0,7,8.3,Yes,3,10.8,Co-Learning Group,No,Medium,2,3,10,Auditory,7.7,100
102984,27,Other,Computer Science,3.0664010219388347,3.3,3.0,Yes,44.2,5.5,Fair,6,PhD,Low,5.0,Yes,2.77,3,8.8,Yes,5,10.5,Dorm,Yes,Low,1,2,10,Auditory,5.9,77
103049,28,Male,Arts,4.3,1.3,3.2,No,65.1,7.2,Good,1,Master,High,6.2,Yes,3.4,6,8.3,Yes,5,10.4,Cafe,No,High,6,1,10,Visual,8.4,93
103071,24,Female,Arts,1.8,4.9,3.8,Yes,77.4,5.2,Fair,2,High School,Low,3.6,Yes,2.72,5,9.4,Yes,4,12.0,Quiet Room,Yes,Low,5,1,10,Visual,6.6,66
103079,17,Other,Psychology,0.0,3.6,1.9,Yes,60.8,5.1,Good,1,Master,High,7.4,No,2.77,2,9.1,Yes,3,5.8,Cafe,Yes,Low,3,2,10,Auditory,7.9,65
103101,23,Female,Psychology,7.5,4.1,1.6,Yes,41.5,6.8,Good,4,Master,High,3.6,Yes,3.8,6,8.7,Yes,0,14.9,Co-Learning Group,Yes,High,7,3,10,Visual,2.0,95
103139,25,Male,Biology,0.4,3.7,2.7,Yes,99.1,8.0,Fair,3,Some College,High,8.1,Yes,2.0,7,8.3,Yes,0,7.7,Dorm,No,Medium,6,2,10,Kinesthetic,2.9,45
103156,16,Male,Psychology,4.2,0.5,1.0,No,59.1,6.2,Fair,0,High School,Medium,7.0,No,3.45,6,9.7,Yes,4,6.0,Dorm,Yes,Low,8,2,10,Kinesthetic,5.6,81
103267,27,Other,Computer Science,4.577814684867206,0.3,3.3,Yes,58.1,6.2,Poor,4,Some College,High,3.1,Yes,3.72,2,10.0,Yes,0,8.5,Dorm,No,Low,4,1,10,Kinesthetic,4.8,92
103275,20,Female,Engineering,5.3,1.0,2.0,Yes,71.5,6.6,Fair,4,Some College,High,6.5,No,3.48,7,8.2,Yes,5,8.6,Dorm,No,High,6,3,10,Reading,6.3,80
103279,23,Other,Biology,0.3,2.9,0.7,No,85.3,8.2,Good,3,Master,High,6.7,Yes,2.82,5,9.6,Yes,5,4.7,Cafe,Yes,Medium,5,1,10,Reading,5.6,70
103354,25,Male,Arts,5.8,3.3,1.4,No,88.5,5.7,Good,1,Bachelor,Low,6.7,Yes,2.83,1,8.1,Yes,5,10.5,Quiet Room,No,High,4,1,10,Reading,6.7,74
103364,28,Other,Engineering,2.7,1.1,0.4,No,69.2,5.7,Good,6,High School,Low,4.2,No,2.74,1,8.9,Yes,5,6.0,Library,Yes,Low,2,1,10,Reading,5.3,79
103423,23,Male,Biology,0.7,4.3,0.3,No,99.3,6.3,Fair,2,PhD,High,5.8,No,3.68,8,8.6,Yes,2,5.5,Cafe,No,Low,5,1,10,Auditory,1.6,97
103433,22,Male,Psychology,5.3,2.6,1.7,No,45.0,9.8,Good,7,Bachelor,Low,6.4,Yes,4.0,7,8.7,Yes,3,11.1,Quiet Room,Yes,Low,9,2,10,Kinesthetic,2.4,88
103495,28,Female,Engineering,5.4,4.2,0.4,Yes,80.3,10.1,Fair,5,PhD,High,6.4,Yes,3.54,4,8.5,Yes,0,10.9,Quiet Room,Yes,Medium,10,1,10,Visual,6.7,93
103503,23,Male,Business,2.0,1.1,3.0,No,52.2,7.3,Good,2,Master,High,3.4000000000000004,Yes,2.49,4,8.3,Yes,2,7.9,Co-Learning Group,No,Low,8,2,10,Kinesthetic,1.1,56
103694,24,Male,Arts,5.7,2.8,1.8,No,70.2,7.5,Good,1,High School,Low,6.0,No,2.95,4,9.9,Yes,1,11.5,Cafe,No,High,7,1,10,Reading,5.6,62
103701,23,Other,Business,2.5,0.4,1.9,No,69.4,7.9,Good,7,Bachelor,Medium,8.4,Yes,2.84,1,8.2,Yes,3,5.6,Quiet Room,Yes,High,4,1,10,Kinesthetic,8.6,61
103747,20,Other,Business,6.0,3.4,0.9,No,57.0,7.2,Fair,1,Bachelor,Low,2.9,No,3.23,4,9.1,Yes,1,11.9,Dorm,Yes,Medium,5,3,10,Reading,1.1,70
103792,17,Female,Psychology,4.9,0.4,0.8,No,80.4,7.3,Fair,0,Master,Low,10.0,No,3.08,5,9.9,Yes,1,6.8,Library,Yes,Low,1,3,10,Auditory,6.7,71
103814,16,Female,Business,4.8,4.5,3.5,Yes,57.5,8.1,Good,0,High School,Medium,6.1,Yes,3.35,1,9.3,Yes,1,12.9,Dorm,Yes,Medium,2,3,10,Auditory,3.0,90
103885,22,Other,Psychology,4.5,2.0,0.3,No,40.7,7.4,Good,4,Bachelor,Low,5.5,No,4.0,5,8.1,Yes,2,7.1,Library,No,Low,8,2,10,Visual,1.4,100
103887,24,Other,Psychology,4.0,4.4,0.4,Yes,83.6,10.5,Fair,7,Master,High,5.7,Yes,3.15,5,8.1,Yes,4,10.6,Library,No,High,5,2,10,Auditory,3.5,80
103909,25,Male,Business,5.3,2.6,2.5,Yes,60.0,6.6,Poor,5,Master,Low,4.5,No,3.65,2,10.0,Yes,0,11.8,Quiet Room,Yes,Low,4,1,10,Auditory,7.6,94
103992,22,Male,Computer Science,2.889759808822571,4.6,3.2,Yes,85.5,6.0,Fair,0,High School,High,9.4,No,2.0,8,8.4,Yes,0,10.8,Dorm,Yes,High,4,2,10,Reading,7.8,42
103997,25,Male,Psychology,3.5,4.7,1.3,No,68.0,7.0,Good,1,Master,Low,9.0,No,2.67,4,8.6,Yes,5,10.5,Dorm,No,Low,9,1,10,Kinesthetic,5.3,65
104072,28,Male,Psychology,3.2,2.9,2.7,Yes,68.6,5.3,Good,3,Bachelor,Low,4.8,Yes,2.41,6,8.5,Yes,4,9.0,Dorm,Yes,High,5,3,10,Visual,8.9,62
104097,23,Other,Business,4.2,3.5,2.5,No,85.4,9.4,Good,2,High School,Medium,4.4,No,3.06,6,8.2,Yes,3,11.8,Library,No,Low,4,3,10,Reading,3.6,77
104137,20,Other,Biology,3.4,1.0,3.5,No,75.7,7.3,Good,1,Some College,High,5.4,No,2.74,7,8.3,Yes,4,8.4,Dorm,No,Low,9,3,10,Kinesthetic,8.1,65
104177,24,Other,Engineering,7.6,1.4,1.2,No,96.1,6.7,Good,4,Master,Low,8.8,Yes,3.54,7,8.3,Yes,5,12.0,Cafe,Yes,High,10,1,10,Kinesthetic,4.8,89
104192,28,Male,Psychology,4.3,2.0,1.0,Yes,59.3,8.1,Good,3,PhD,Medium,4.2,No,3.84,7,10.0,Yes,1,8.6,Quiet Room,Yes,Medium,5,3,10,Auditory,6.5,90
104212,18,Other,Arts,3.9,4.5,3.8,Yes,92.0,7.8,Good,1,High School,Low,5.1,Yes,3.85,2,9.7,Yes,3,13.3,Library,Yes,Medium,8,3,10,Visual,4.5,95
104383,26,Female,Computer Science,3.697314439623888,3.6,0.8,Yes,84.9,6.1,Fair,2,Master,Low,8.9,Yes,2.51,3,8.6,Yes,5,8.2,Quiet Room,Yes,Low,8,2,10,Visual,7.8,63
104423,19,Male,Psychology,3.1,3.8,0.7,No,63.1,5.3,Good,4,High School,Low,5.0,No,3.01,8,8.7,Yes,3,9.0,Co-Learning Group,Yes,Medium,6,1,10,Auditory,6.8,69
104530,26,Male,Biology,4.7,0.7,0.5,Yes,89.7,7.6,Good,5,Some College,Medium,6.7,No,3.48,3,8.3,Yes,1,7.4,Quiet Room,Yes,Medium,10,2,10,Visual,9.2,90
104602,22,Female,Arts,5.0,0.0,0.1,Yes,49.3,9.2,Fair,5,High School,Low,1.0,Yes,4.0,5,8.8,Yes,1,6.9,Quiet Room,Yes,Low,4,3,10,Reading,3.2,100
104622,20,Male,Engineering,3.2,2.4,2.1,Yes,77.9,7.8,Fair,2,Bachelor,Low,5.0,No,3.02,6,8.5,Yes,3,8.1,Co-Learning Group,No,Low,9,1,10,Reading,1.1,73
104645,20,Male,Engineering,5.6,3.2,2.1,No,70.0,7.7,Good,5,Master,Low,7.800000000000001,Yes,4.0,5,9.2,Yes,1,12.8,Quiet Room,Yes,Low,2,1,10,Visual,3.0,100
104743,23,Male,Business,2.1,5.0,0.2,No,82.4,9.1,Fair,2,PhD,Low,3.9,No,3.13,6,8.3,Yes,2,8.3,Co-Learning Group,Yes,Low,8,1,10,Visual,6.8,83
104761,26,Male,Computer Science,6.388360310063097,2.5,3.7,No,72.7,6.5,Fair,6,Bachelor,Medium,6.1,No,3.2,7,8.7,Yes,0,12.8,Quiet Room,Yes,Low,9,3,10,Auditory,1.7,78
104775,28,Other,Arts,3.8,3.8,2.8,No,51.1,11.0,Good,5,High School,Medium,7.1,No,4.0,4,8.9,Yes,1,10.9,Dorm,Yes,High,4,2,10,Visual,6.1,100
104795,19,Male,Arts,2.7,1.4,2.7,Yes,94.3,7.3,Fair,7,Bachelor,Medium,6.7,Yes,2.84,3,8.6,Yes,1,8.4,Library,Yes,High,2,1,10,Reading,8.7,69
104800,18,Male,Business,5.5,2.1,3.9,No,44.8,5.0,Good,1,Some College,Medium,4.5,Yes,2.69,4,9.8,Yes,2,11.6,Library,Yes,Medium,1,3,10,Reading,9.7,59
104803,24,Other,Biology,6.0,4.9,0.0,No,81.8,6.5,Fair,6,Some College,Medium,5.9,No,3.47,5,8.4,Yes,2,11.7,Co-Learning Group,No,Medium,6,3,10,Visual,1.0,88
104820,26,Other,Computer Science,2.2920785463355307,1.3,0.1,Yes,53.4,8.9,Good,4,PhD,Low,6.1,Yes,4.0,6,10.0,Yes,4,5.6,Quiet Room,Yes,High,2,3,10,Visual,9.7,100
104972,26,Male,Business,4.6,0.0,1.8,No,45.0,7.5,Good,5,Master,Medium,8.3,No,2.86,6,8.1,Yes,5,7.9,Library,Yes,Medium,2,3,10,Reading,5.5,63
105072,27,Other,Arts,4.1,1.0,2.2,No,42.4,6.7,Poor,2,PhD,Low,3.6,No,2.72,2,8.4,Yes,1,7.8,Quiet Room,Yes,Medium,6,3,10,Reading,3.0,68
105082,23,Male,Arts,0.0,4.7,0.7,Yes,47.3,7.4,Poor,0,Bachelor,High,3.0,No,2.57,3,8.6,Yes,0,6.4,Library,No,Low,9,1,10,Kinesthetic,2.6,55
105090,17,Other,Computer Science,10.741260775642717,2.7,0.4,Yes,80.3,7.4,Good,5,PhD,Low,6.1,No,4.0,8,8.2,Yes,3,14.9,Quiet Room,Yes,High,3,2,10,Auditory,5.0,100
105117,23,Male,Psychology,4.2,1.4,1.2,No,58.7,8.3,Poor,6,PhD,Medium,6.9,Yes,2.38,7,8.3,Yes,2,8.6,Dorm,No,Low,8,1,10,Visual,3.1,59
105153,26,Female,Business,3.8,0.8,0.9,No,70.3,7.2,Good,4,Bachelor,Low,4.0,No,3.83,6,8.1,Yes,2,5.8,Library,Yes,Low,5,2,10,Reading,8.5,89
105187,23,Male,Psychology,3.2,1.3,4.0,Yes,85.7,8.0,Good,7,High School,Low,7.0,No,3.58,3,9.4,Yes,2,9.6,Library,Yes,High,5,1,10,Visual,9.9,92
105293,25,Female,Psychology,5.3,3.5,1.1,No,43.9,6.3,Fair,2,Master,High,4.2,Yes,2.41,6,8.5,Yes,5,10.2,Co-Learning Group,No,Medium,1,1,10,Visual,3.0,72
105344,22,Male,Biology,1.0,4.0,2.0,Yes,91.0,10.7,Fair,5,High School,High,2.7,No,2.36,8,8.2,Yes,2,8.4,Dorm,No,Medium,5,3,10,Auditory,7.7,57
105345,23,Female,Biology,6.9,2.9,3.8,Yes,46.6,9.2,Good,5,High School,Medium,4.2,Yes,3.1,6,8.8,Yes,0,15.1,Quiet Room,Yes,Low,5,1,10,Visual,3.6,81
105348,24,Other,Psychology,2.2,2.4,1.5,No,73.5,5.1,Good,7,PhD,High,5.6,Yes,3.07,4,8.7,Yes,0,7.9,Co-Learning Group,No,Low,7,3,10,Reading,9.1,72
105430,24,Male,Computer Science,8.85359859768284,0.6,3.7,Yes,63.1,8.3,Fair,4,PhD,Low,8.4,No,3.82,4,8.6,Yes,4,13.8,Co-Learning Group,Yes,Medium,1,3,10,Kinesthetic,3.3,100
105442,26,Male,Biology,5.1,2.5,0.6,No,74.5,6.6,Good,2,PhD,Low,4.2,Yes,3.22,1,9.0,Yes,0,8.9,Quiet Room,No,High,5,1,10,Reading,1.6,82
105511,25,Male,Arts,2.9,2.9,1.1,Yes,52.7,7.5,Good,6,Bachelor,Low,5.5,No,3.09,5,8.8,Yes,2,7.6,Co-Learning Group,No,Low,8,1,10,Auditory,9.8,79
105559,26,Female,Biology,2.7,1.9,3.5,No,51.8,5.3,Good,1,Bachelor,High,4.9,Yes,3.88,6,10.0,Yes,0,9.3,Library,No,High,3,1,10,Reading,3.5,100
105613,23,Female,Computer Science,4.267689031511102,4.5,2.0,Yes,56.6,8.1,Fair,5,High School,High,3.9,No,3.49,3,8.3,Yes,3,12.0,Library,No,Medium,4,3,10,Reading,3.0,86
105693,23,Other,Business,3.4,2.1,2.8,No,72.3,7.1,Poor,7,Master,Medium,8.4,No,3.75,1,8.5,Yes,2,8.8,Co-Learning Group,Yes,Low,10,1,10,Auditory,9.3,93
105694,27,Male,Computer Science,4.902997839738679,2.9,1.0,No,58.1,9.3,Good,1,Master,High,5.3,Yes,2.69,2,8.2,Yes,3,10.4,Co-Learning Group,No,Low,5,1,10,Reading,7.0,64
105703,16,Female,Computer Science,6.007118528744528,0.4,1.1,Yes,58.6,7.7,Good,5,Some College,Low,3.8,Yes,3.49,7,10.0,Yes,3,8.2,Dorm,No,Low,9,3,10,Auditory,4.9,90
105745,26,Male,Arts,5.5,2.6,0.6,Yes,88.3,7.9,Fair,0,Master,Medium,4.2,No,4.0,1,9.1,Yes,0,9.1,Library,Yes,High,1,1,10,Kinesthetic,8.3,100
105788,24,Male,Psychology,1.8,1.8,2.1,No,64.9,8.6,Good,1,PhD,High,6.9,No,2.58,8,8.8,Yes,2,6.3,Quiet Room,No,High,8,3,10,Kinesthetic,8.7,60
105884,26,Other,Biology,0.0,0.6,0.4,No,95.8,9.3,Poor,6,Master,Low,5.8,Yes,3.26,1,8.6,Yes,4,1.1,Dorm,No,Low,5,3,10,Reading,7.8,82
105911,28,Other,Biology,3.2,4.5,3.2,No,69.8,8.2,Fair,5,PhD,Medium,8.2,Yes,2.82,6,9.3,Yes,4,11.9,Co-Learning Group,Yes,Medium,3,3,10,Kinesthetic,7.3,67
105958,20,Other,Arts,5.4,5.0,1.3,No,73.5,6.0,Fair,2,Some College,Medium,6.9,No,3.39,1,8.9,Yes,5,11.8,Dorm,No,Low,8,1,10,Kinesthetic,4.4,84
106045,27,Other,Business,6.6,0.5,1.8,Yes,58.0,7.7,Good,6,High School,Medium,6.1,No,3.21,6,9.1,Yes,5,10.9,Co-Learning Group,Yes,Medium,6,1,10,Reading,3.3,89
106065,21,Other,Computer Science,4.795149598078927,0.8,0.7,No,77.4,8.2,Good,1,Master,Low,5.2,Yes,3.51,3,8.9,Yes,5,7.9,Cafe,Yes,Low,6,2,10,Auditory,1.8,85
106070,28,Female,Computer Science,7.115142324172881,0.9,4.0,Yes,49.8,6.5,Poor,1,Bachelor,Low,3.2,No,3.75,5,8.7,Yes,4,13.4,Library,Yes,High,4,1,10,Visual,7.6,89
106089,21,Female,Engineering,3.4,2.8,2.1,Yes,85.5,5.2,Fair,3,Bachelor,Low,5.7,Yes,3.47,4,8.5,Yes,4,8.3,Quiet Room,No,High,3,2,10,Visual,8.3,84
106131,20,Female,Psychology,3.3,0.6,1.3,No,44.9,6.6,Fair,4,Some College,Low,5.0,Yes,4.0,4,9.2,Yes,4,6.7,Cafe,Yes,Low,3,2,10,Auditory,9.0,99
106145,25,Male,Biology,3.7,3.0,1.9,Yes,43.7,6.9,Poor,5,PhD,Medium,5.8,No,2.73,5,9.2,Yes,1,10.4,Cafe,Yes,Medium,7,1,10,Auditory,8.7,80
106363,21,Female,Engineering,5.2,4.1,2.0,No,49.1,7.9,Good,7,Master,High,5.7,Yes,4.0,7,9.6,Yes,4,12.5,Dorm,Yes,Low,4,3,10,Auditory,2.0,93
106395,23,Other,Computer Science,4.339980243070356,4.9,3.6,No,84.3,4.0,Good,6,Some College,Low,6.8,Yes,2.84,7,8.1,Yes,4,14.7,Quiet Room,Yes,Low,3,2,10,Kinesthetic,5.8,71
106451,18,Male,Arts,4.4,4.5,0.6,No,87.1,5.3,Poor,4,High School,Low,9.2,Yes,2.33,4,9.0,Yes,4,11.2,Dorm,Yes,Medium,8,3,10,Auditory,5.9,47
106509,21,Male,Arts,5.3,3.3,2.8,No,97.2,9.0,Poor,5,Bachelor,High,4.4,Yes,3.72,7,8.1,Yes,0,11.4,Cafe,No,Low,10,3,10,Kinesthetic,5.0,100
106586,17,Male,Computer Science,5.222996684909339,4.4,1.8,Yes,86.9,11.3,Fair,6,PhD,Low,5.3,Yes,4.0,2,8.7,Yes,2,13.0,Quiet Room,Yes,Low,6,2,10,Auditory,3.3,98
106624,18,Other,Biology,6.9,0.4,2.7,Yes,69.9,8.2,Good,6,High School,High,5.9,No,3.62,7,8.6,Yes,5,11.1,Library,Yes,High,5,1,10,Auditory,4.5,88
106682,22,Male,Business,2.1,4.1,2.7,Yes,49.0,7.4,Good,5,High School,Medium,6.7,No,3.07,1,8.2,Yes,4,10.4,Dorm,Yes,High,9,2,10,Visual,7.4,79
106722,21,Other,Biology,1.3,2.0,0.8,No,54.9,6.7,Poor,0,Bachelor,Low,8.5,No,2.0,3,8.4,Yes,2,4.3,Dorm,Yes,High,10,2,10,Reading,3.6,38
106733,21,Other,Arts,4.8,0.4,4.0,Yes,52.2,7.1,Good,1,Master,High,2.3,No,3.7,6,8.1,Yes,2,10.6,Cafe,No,High,10,2,10,Visual,6.5,100
106769,16,Female,Psychology,4.4,3.9,2.0,No,69.7,6.1,Fair,4,Some College,Medium,3.8,No,3.16,4,8.2,Yes,1,11.6,Library,Yes,Medium,8,2,10,Visual,6.2,75
106807,16,Female,Biology,7.6,0.7,1.9,No,73.8,6.9,Good,7,Some College,Medium,5.6,Yes,4.0,1,10.0,Yes,0,10.6,Quiet Room,Yes,Medium,2,3,10,Visual,9.6,100
106831,23,Other,Computer Science,5.775492440684012,1.3,2.4,No,90.4,7.1,Good,1,Bachelor,High,7.1,No,3.98,8,8.2,Yes,1,9.9,Library,No,High,2,3,10,Auditory,6.6,98
106885,26,Male,Biology,5.4,2.7,1.4,Yes,67.6,5.3,Fair,1,Some College,Low,7.0,No,3.81,1,8.8,Yes,2,10.6,Quiet Room,No,Low,3,3,10,Kinesthetic,2.3,100
106958,19,Other,Computer Science,3.571230998899357,3.9,1.5,No,41.1,4.0,Good,5,Some College,Medium,8.9,No,3.42,1,9.7,Yes,1,9.0,Library,Yes,High,3,1,10,Kinesthetic,5.8,87
106975,19,Female,Psychology,1.9,3.8,0.9,Yes,45.9,4.0,Fair,6,Some College,Low,6.9,No,2.75,3,8.5,Yes,3,8.3,Library,Yes,High,8,1,10,Reading,3.1,67
106997,17,Other,Business,3.9,3.9,3.2,Yes,52.3,7.1,Fair,7,Master,Low,5.5,No,4.0,1,8.8,Yes,0,12.8,Co-Learning Group,Yes,High,10,2,10,Auditory,6.3,94
107090,28,Other,Engineering,4.0,2.6,3.3,Yes,69.7,6.4,Good,2,Some College,High,8.3,No,3.61,8,9.5,Yes,5,10.8,Dorm,No,Medium,2,2,10,Kinesthetic,4.6,83
107091,26,Male,Business,4.4,0.5,0.6,No,58.5,7.4,Poor,1,Master,Medium,3.1,Yes,3.85,6,8.6,Yes,1,6.9,Quiet Room,No,Low,3,3,10,Auditory,3.8,93
107093,25,Male,Biology,3.9,1.8,0.3,No,43.8,7.5,Good,0,Some College,Low,7.0,No,2.77,4,10.0,Yes,0,6.8,Dorm,No,High,1,2,10,Reading,9.1,78
107102,16,Other,Biology,4.9,3.4,0.9,No,54.6,8.2,Fair,3,PhD,Low,6.3,Yes,3.31,8,8.5,Yes,0,10.7,Library,Yes,Medium,6,2,10,Reading,7.2,86
107103,21,Other,Arts,4.7,0.5,3.9,Yes,46.3,5.1,Good,1,Some College,High,5.8,Yes,2.99,2,10.0,Yes,1,9.8,Quiet Room,No,Low,10,3,10,Kinesthetic,6.1,70
107123,17,Female,Computer Science,5.649551671556768,1.0,2.2,Yes,53.3,7.5,Good,7,High School,Medium,6.6,No,3.37,4,9.7,Yes,5,9.5,Co-Learning Group,No,Medium,9,2,10,Reading,4.2,87
107343,27,Male,Psychology,0.4,0.1,3.8,No,82.4,6.5,Good,0,Bachelor,High,7.800000000000001,No,2.42,7,8.7,Yes,4,4.6,Quiet Room,Yes,Low,6,2,10,Kinesthetic,9.5,63
107379,27,Female,Arts,5.4,3.9,1.6,Yes,67.1,5.9,Good,5,Some College,High,3.6,Yes,3.58,8,8.1,Yes,4,10.9,Cafe,Yes,Medium,2,1,10,Visual,7.0,91
107382,22,Other,Biology,6.3,0.0,0.2,No,47.7,5.4,Fair,2,PhD,High,3.7,Yes,2.93,6,8.5,Yes,3,7.3,Dorm,No,Low,5,2,10,Kinesthetic,6.1,74
107384,24,Female,Psychology,0.0,3.1,2.9,No,55.5,6.4,Poor,2,Bachelor,Medium,8.9,Yes,3.68,8,9.2,Yes,4,6.3,Library,Yes,Medium,5,1,10,Reading,8.5,83
107446,16,Female,Arts,1.2,4.5,1.6,No,70.7,9.7,Poor,4,Some College,Medium,4.1,No,3.91,7,8.9,Yes,5,9.0,Co-Learning Group,No,Medium,10,3,10,Auditory,9.8,94
107455,22,Male,Arts,4.3,0.0,2.7,No,45.7,7.4,Poor,2,Some College,Medium,5.0,No,3.74,5,8.1,Yes,5,8.7,Quiet Room,No,Medium,1,1,10,Auditory,7.8,94
107493,18,Other,Computer Science,5.370990613973993,3.2,3.9,Yes,48.8,6.6,Good,0,PhD,Medium,8.3,Yes,2.69,8,10.0,Yes,3,12.8,Cafe,Yes,High,2,2,10,Kinesthetic,8.6,66
107496,20,Other,Computer Science,2.7804758433617773,2.5,3.7,No,73.1,8.4,Good,3,PhD,Medium,5.5,Yes,3.52,8,8.7,Yes,3,9.0,Co-Learning Group,No,Medium,2,1,10,Reading,8.2,84
107508,22,Male,Business,1.3,1.4,3.3,No,58.9,5.6,Poor,3,High School,Low,7.199999999999999,No,2.37,5,8.1,Yes,0,6.9,Cafe,No,Low,9,3,10,Auditory,1.7,67
107525,27,Male,Arts,5.4,1.5,3.3,Yes,54.3,8.4,Fair,1,High School,Low,5.7,Yes,3.48,4,9.5,Yes,4,11.6,Quiet Room,No,High,5,3,10,Auditory,5.1,87
107548,27,Other,Arts,2.9,2.5,0.7,No,67.5,4.8,Poor,2,Master,Low,3.3,Yes,2.52,5,9.4,Yes,2,6.4,Dorm,No,High,8,1,10,Reading,8.3,54
107634,25,Female,Arts,3.0,2.0,1.3,No,40.9,7.4,Good,7,High School,Medium,6.2,Yes,3.02,1,9.2,Yes,5,6.9,Library,Yes,Low,3,3,10,Kinesthetic,1.0,78
107657,22,Male,Arts,3.7,1.4,1.1,No,73.0,6.2,Good,5,PhD,Low,6.1,Yes,3.8,4,8.7,Yes,1,7.4,Co-Learning Group,Yes,Medium,3,1,10,Visual,9.4,99
107833,25,Female,Computer Science,8.205109076155148,3.4,0.9,No,72.3,8.7,Fair,5,Bachelor,Low,6.9,No,3.79,1,10.0,Yes,1,12.8,Quiet Room,Yes,High,8,2,10,Visual,7.0,94
107845,18,Female,Psychology,0.4,2.7,2.9,No,94.1,9.7,Fair,0,Master,Low,6.6,Yes,2.53,4,8.7,Yes,4,6.9,Co-Learning Group,Yes,Low,10,2,10,Visual,8.1,71
107956,17,Male,Computer Science,7.572555644445697,3.7,3.9,Yes,71.8,9.7,Fair,2,Bachelor,Medium,6.0,No,4.0,1,8.2,Yes,5,16.0,Cafe,Yes,Medium,8,2,10,Visual,7.9,99
107970,23,Male,Arts,0.0,1.1,0.4,No,56.2,6.7,Fair,0,Master,Low,7.9,No,3.4,7,8.3,Yes,5,2.7,Quiet Room,Yes,High,3,3,10,Visual,4.5,86
108097,18,Female,Business,4.1,4.2,3.7,No,44.9,7.8,Fair,1,Some College,Medium,6.1,No,3.51,6,9.5,Yes,3,12.4,Library,Yes,High,6,1,10,Kinesthetic,5.8,88
108131,16,Male,Psychology,5.0,1.9,3.5,No,93.3,5.3,Fair,0,Some College,High,8.7,No,2.38,2,9.2,Yes,5,11.5,Dorm,Yes,Medium,3,3,10,Visual,5.7,60
108196,21,Female,Business,0.2,0.7,2.8,No,63.7,8.4,Fair,3,Bachelor,Low,7.0,No,2.28,1,10.0,Yes,5,5.1,Co-Learning Group,No,Low,10,2,10,Kinesthetic,6.4,59
108219,24,Other,Business,2.9,4.4,0.7,No,88.5,7.0,Good,5,Master,Medium,4.6,No,3.39,7,9.7,Yes,0,9.0,Library,Yes,High,5,1,10,Kinesthetic,2.2,84
108225,20,Male,Engineering,2.8,0.2,1.3,No,93.0,6.8,Good,6,Bachelor,High,5.4,Yes,3.91,2,8.2,Yes,4,4.8,Library,Yes,High,4,1,10,Auditory,3.3,84
108235,19,Female,Business,6.3,4.7,2.2,No,99.3,4.6,Good,5,Bachelor,High,6.0,Yes,3.01,4,8.2,Yes,0,13.4,Dorm,No,Low,1,2,10,Kinesthetic,2.1,77
108262,20,Male,Biology,4.7,3.6,3.0,No,56.8,5.6,Good,2,Master,Medium,5.9,No,4.0,6,10.0,Yes,0,12.7,Co-Learning Group,Yes,High,2,3,10,Reading,3.0,100
108330,19,Female,Engineering,0.8,0.8,2.4,No,63.8,5.9,Good,4,Bachelor,High,6.7,Yes,3.33,6,8.4,Yes,1,4.1,Co-Learning Group,No,High,6,1,10,Auditory,2.8,82
108376,23,Other,Arts,2.5,0.9,2.5,Yes,95.4,4.0,Good,2,Master,Low,7.1,No,2.17,1,8.3,Yes,0,7.0,Dorm,Yes,High,4,3,10,Reading,4.3,53
108474,23,Male,Biology,6.1,0.2,3.2,No,61.3,6.6,Fair,6,High School,Medium,6.5,Yes,4.0,8,8.3,Yes,3,10.6,Cafe,Yes,Low,9,1,10,Visual,8.4,100
108507,25,Male,Business,5.8,4.3,1.0,Yes,68.8,7.1,Poor,2,High School,High,5.7,Yes,3.37,7,8.6,Yes,5,11.3,Cafe,Yes,Low,1,3,10,Visual,1.4,87
108513,24,Male,Computer Science,3.8385831869597338,2.2,1.0,No,40.9,5.2,Good,3,High School,Medium,5.0,No,3.95,6,8.7,Yes,3,8.3,Co-Learning Group,No,Medium,3,2,10,Kinesthetic,4.8,100
108670,27,Other,Computer Science,2.4807224790612823,2.9,3.7,Yes,92.1,7.5,Good,0,Master,High,5.9,No,2.98,2,9.3,Yes,0,10.7,Cafe,No,Medium,8,3,10,Auditory,7.4,79
108803,28,Male,Computer Science,4.34329834264224,1.0,3.5,No,47.8,4.0,Good,3,Some College,High,3.1,No,3.0,1,8.6,Yes,5,9.4,Co-Learning Group,No,High,5,2,10,Reading,8.5,80
108831,16,Female,Computer Science,5.157239138398945,1.7,0.4,No,66.6,4.3,Fair,3,PhD,High,7.0,No,3.55,3,8.6,Yes,1,8.5,Dorm,No,Low,7,1,10,Kinesthetic,3.8,87
108891,18,Male,Biology,6.3,1.1,1.4,Yes,55.3,7.2,Good,5,High School,Low,5.4,No,2.77,6,8.7,Yes,3,9.5,Co-Learning Group,No,Medium,9,1,10,Kinesthetic,6.9,67
108915,21,Male,Biology,3.5,0.4,2.6,No,58.6,8.5,Good,7,Master,Medium,8.1,Yes,3.99,1,8.6,Yes,1,6.5,Library,No,High,4,3,10,Auditory,1.7,100
108944,23,Other,Psychology,4.0,2.0,1.9,Yes,43.1,9.4,Good,4,High School,Medium,4.9,Yes,3.72,1,9.2,Yes,3,8.2,Cafe,Yes,Low,5,3,10,Kinesthetic,1.1,91
108961,21,Female,Engineering,5.9,0.4,2.9,No,53.9,6.1,Good,7,PhD,High,7.9,No,3.11,2,8.7,Yes,1,9.2,Cafe,No,High,6,2,10,Kinesthetic,8.5,81
108970,17,Other,Computer Science,9.7915221712592,2.7,3.3,No,89.6,6.8,Good,4,Master,Low,2.7,No,4.0,8,8.2,Yes,0,17.3,Cafe,No,Low,5,2,10,Visual,2.5,100
109110,16,Other,Arts,0.2,0.3,3.6,No,57.2,7.5,Good,4,Bachelor,High,9.2,Yes,2.53,6,8.8,Yes,3,5.4,Library,No,Medium,8,3,10,Reading,3.2,65
109361,26,Female,Computer Science,6.406013269045726,4.8,1.6,Yes,48.4,6.2,Poor,0,PhD,Low,6.3,No,3.45,5,8.6,Yes,0,14.6,Dorm,No,Low,6,2,10,Kinesthetic,4.9,92
109394,24,Other,Biology,2.0,1.8,2.1,Yes,66.9,4.2,Good,7,Master,Medium,5.0,Yes,2.96,1,8.8,Yes,3,7.7,Cafe,Yes,High,3,2,10,Reading,4.0,64
109406,20,Female,Engineering,4.5,4.7,2.4,No,74.2,7.4,Fair,3,Master,High,8.2,Yes,4.0,6,9.8,Yes,5,12.5,Cafe,Yes,Low,2,1,10,Reading,5.1,99
109422,16,Female,Biology,5.6,4.9,3.0,Yes,45.7,5.5,Good,7,Bachelor,Medium,7.0,Yes,3.11,3,9.1,Yes,5,14.3,Dorm,Yes,Medium,2,2,10,Reading,2.8,71
109442,17,Other,Biology,2.0,0.1,3.0,Yes,99.8,6.0,Fair,7,Some College,High,6.4,Yes,2.49,6,9.2,Yes,0,7.0,Cafe,Yes,Medium,3,3,10,Auditory,1.7,61
109596,25,Female,Psychology,4.9,3.0,2.2,No,91.0,7.8,Good,3,High School,Low,5.6,Yes,2.77,2,9.3,Yes,1,12.0,Co-Learning Group,No,Low,8,2,10,Auditory,6.4,66
109655,27,Male,Business,4.0,1.0,1.3,No,60.7,5.9,Good,5,High School,Low,4.1,Yes,3.64,2,9.6,Yes,5,7.4,Quiet Room,Yes,Low,3,1,10,Reading,3.6,87
109724,27,Male,Arts,3.1,1.8,2.7,No,56.3,7.3,Poor,4,PhD,Low,1.0,Yes,3.47,2,9.1,Yes,3,8.3,Co-Learning Group,Yes,High,2,3,10,Reading,4.0,86
109842,22,Female,Biology,4.0,2.9,2.9,No,84.3,5.1,Good,6,PhD,Medium,6.8,No,3.15,3,9.0,Yes,3,10.2,Dorm,Yes,Low,1,1,10,Reading,8.3,83
109902,19,Female,Arts,4.4,0.8,0.6,No,53.3,5.6,Fair,6,Some College,Medium,10.0,No,4.0,1,8.3,Yes,5,7.5,Quiet Room,No,Low,1,1,10,Reading,8.1,100
109941,27,Other,Psychology,4.9,0.3,1.0,No,91.8,6.0,Good,1,PhD,High,4.9,Yes,2.34,6,9.1,Yes,4,7.8,Dorm,No,High,3,1,10,Reading,9.5,55
110014,28,Male,Computer Science,5.969110295226415,3.8,1.5,No,71.2,9.6,Fair,6,PhD,High,6.4,Yes,3.09,6,8.1,Yes,2,12.7,Quiet Room,No,High,2,3,10,Reading,9.8,84
110086,19,Male,Computer Science,4.4170942606841095,3.0,3.9,No,93.8,6.1,Good,0,Some College,Medium,4.1,Yes,2.94,6,8.2,Yes,2,11.9,Co-Learning Group,No,Low,2,1,10,Kinesthetic,6.1,63
110121,28,Other,Engineering,3.0,4.7,2.5,Yes,89.4,8.5,Poor,7,Some College,Low,6.4,Yes,2.88,5,9.1,Yes,4,10.2,Cafe,Yes,Medium,1,1,10,Auditory,1.5,68
110158,25,Male,Business,1.7,4.6,3.0,No,85.5,8.9,Fair,2,PhD,Low,4.9,Yes,3.78,6,10.0,Yes,3,9.4,Dorm,Yes,Low,10,2,10,Auditory,6.5,90
110167,23,Male,Psychology,0.0,2.6,3.7,No,42.8,7.5,Good,0,Some College,Medium,2.0,No,2.58,6,10.0,Yes,4,7.4,Co-Learning Group,No,Low,2,3,10,Reading,7.7,60
110168,25,Female,Biology,3.5,1.3,1.8,Yes,96.2,7.3,Fair,5,PhD,Medium,4.2,Yes,2.95,3,10.0,Yes,2,6.6,Co-Learning Group,Yes,High,9,2,10,Reading,8.5,63
110185,22,Other,Business,4.1,3.8,3.9,Yes,69.4,6.3,Good,4,Master,High,9.4,Yes,2.65,2,9.7,Yes,1,11.9,Co-Learning Group,No,High,8,2,10,Kinesthetic,5.3,62
110197,17,Female,Engineering,3.3,2.9,2.0,No,97.6,7.9,Fair,0,Bachelor,Low,2.6,Yes,3.43,4,8.8,Yes,4,9.2,Cafe,No,High,7,2,10,Auditory,10.0,87
110216,23,Male,Arts,4.4,2.8,0.4,Yes,56.8,4.4,Good,2,Master,Medium,6.0,No,3.64,1,9.0,Yes,4,9.1,Quiet Room,No,Medium,6,3,10,Reading,4.4,98
110271,17,Female,Engineering,7.8,1.8,3.8,No,88.4,6.8,Good,6,PhD,High,4.4,No,3.95,7,8.8,Yes,1,14.2,Dorm,No,Medium,9,3,10,Visual,8.5,100
110293,25,Male,Biology,5.9,2.3,3.9,Yes,63.2,6.7,Good,0,Master,High,3.4000000000000004,No,2.42,6,9.3,Yes,0,12.5,Quiet Room,No,Medium,3,1,10,Reading,2.0,56
110302,21,Male,Arts,8.9,0.7,2.2,No,58.9,5.1,Fair,5,High School,High,7.800000000000001,Yes,3.9,8,8.1,Yes,3,13.2,Dorm,Yes,Low,2,3,10,Auditory,4.4,94
110328,27,Female,Arts,4.4,0.6,2.8,Yes,92.9,6.1,Good,2,Some College,Low,8.2,No,3.67,4,9.9,Yes,2,8.1,Dorm,No,High,6,1,10,Auditory,1.5,90
110372,27,Male,Computer Science,7.173636462446696,4.0,0.8,No,51.4,6.5,Good,1,Master,Low,3.0,No,3.99,3,8.4,Yes,5,12.4,Library,No,Medium,2,1,10,Auditory,9.3,100
110407,26,Female,Computer Science,2.9236706106223327,1.2,0.9,Yes,81.3,5.3,Poor,5,PhD,High,6.5,No,3.18,2,8.3,Yes,5,5.4,Library,Yes,High,9,2,10,Visual,2.3,87
110423,27,Other,Computer Science,2.1649409986285177,0.5,2.7,No,91.1,6.6,Good,2,Master,Low,5.9,Yes,3.93,6,8.1,Yes,0,6.9,Quiet Room,No,Medium,2,3,10,Reading,9.4,96
110518,27,Other,Computer Science,5.203920477680532,0.7,3.8,Yes,80.0,7.5,Good,1,Some College,High,6.2,Yes,3.89,6,8.3,Yes,1,11.3,Quiet Room,Yes,Low,3,2,10,Kinesthetic,6.1,91
110613,23,Male,Computer Science,4.126356820856199,0.3,2.4,Yes,72.4,6.5,Good,7,Bachelor,Low,3.7,No,2.56,4,9.6,Yes,1,7.2,Quiet Room,No,Medium,5,3,10,Kinesthetic,3.5,64
110632,16,Female,Business,3.3,0.1,0.3,Yes,73.9,6.2,Poor,5,Some College,High,1.6,Yes,3.9,1,8.2,Yes,2,4.6,Library,No,High,9,2,10,Visual,4.2,99
110718,25,Other,Arts,2.3,2.4,1.1,Yes,96.3,7.9,Fair,3,High School,High,4.4,No,2.51,6,8.4,Yes,4,5.8,Library,Yes,Low,5,2,10,Auditory,3.4,68
110730,26,Other,Computer Science,4.489130490734873,4.0,2.3,Yes,41.3,4.7,Good,1,PhD,Medium,3.4000000000000004,Yes,2.65,8,8.7,Yes,1,11.5,Library,No,Low,3,2,10,Visual,7.0,69
110746,16,Female,Arts,1.4,0.3,1.5,Yes,43.6,4.3,Fair,4,Master,High,5.6,Yes,2.84,4,8.4,Yes,1,4.9,Library,Yes,High,8,2,10,Visual,1.0,63
110848,16,Male,Psychology,4.1,3.7,2.0,No,60.9,7.1,Good,0,Master,Medium,6.9,No,2.53,5,8.5,Yes,5,10.6,Quiet Room,No,Medium,9,2,10,Reading,3.9,60
110878,26,Other,Arts,3.0,3.5,1.4,No,60.0,7.4,Poor,2,Some College,High,4.9,Yes,3.16,7,10.0,Yes,5,8.2,Dorm,No,Medium,4,1,10,Visual,1.4,70
111003,17,Female,Computer Science,3.1570364963006727,3.7,2.9,Yes,86.8,7.4,Good,1,Bachelor,High,7.4,Yes,3.28,2,9.9,Yes,3,11.3,Cafe,No,Medium,9,3,10,Kinesthetic,8.2,88
111017,20,Male,Computer Science,4.049500240110351,2.7,1.6,No,91.0,7.6,Fair,7,PhD,Low,6.3,No,3.94,3,10.0,Yes,1,9.9,Quiet Room,No,Low,6,1,10,Reading,7.9,93
111033,16,Female,Computer Science,7.308974142063313,2.6,3.5,Yes,61.8,9.6,Good,2,PhD,High,5.7,No,3.9,8,8.8,Yes,1,15.2,Library,No,High,8,1,10,Reading,6.5,95
111057,24,Female,Psychology,6.7,1.9,2.4,Yes,91.3,7.8,Good,5,PhD,Low,9.5,Yes,3.54,5,10.0,Yes,2,12.5,Quiet Room,Yes,High,7,3,10,Reading,6.1,89
111084,20,Other,Biology,5.7,1.5,3.8,Yes,90.3,8.9,Poor,5,Master,Medium,1.0,No,4.0,5,8.5,Yes,1,11.1,Co-Learning Group,No,Medium,3,3,10,Visual,8.1,100
111096,26,Male,Arts,1.1,1.3,3.1,Yes,54.5,6.6,Fair,7,Some College,High,5.9,Yes,4.0,7,10.0,Yes,3,7.4,Quiet Room,Yes,Medium,7,3,10,Auditory,6.6,100
111103,27,Female,Biology,3.9,3.5,2.3,No,56.7,7.4,Poor,0,Master,Low,7.1,Yes,3.45,1,8.2,Yes,1,11.0,Co-Learning Group,Yes,Low,2,3,10,Reading,6.1,83
111104,16,Male,Psychology,3.5,4.1,0.0,No,58.2,7.4,Fair,3,Some College,Low,5.1,No,3.67,1,10.0,Yes,0,8.8,Dorm,No,High,9,2,10,Visual,9.8,94
111122,16,Other,Psychology,4.9,2.9,2.4,Yes,85.1,7.5,Good,4,PhD,Medium,7.199999999999999,No,3.65,4,8.5,Yes,4,11.9,Quiet Room,Yes,High,9,1,10,Auditory,4.1,95
111201,20,Other,Computer Science,6.674491564168359,4.2,3.9,Yes,70.1,8.7,Fair,7,Some College,Medium,7.4,No,3.78,5,10.0,Yes,3,15.9,Co-Learning Group,No,Low,4,1,10,Reading,7.4,94
111208,16,Female,Psychology,6.0,0.1,1.4,Yes,50.4,6.1,Fair,4,Master,Medium,8.0,Yes,2.63,3,8.7,Yes,0,7.8,Co-Learning Group,No,Low,8,3,10,Kinesthetic,3.4,65
111257,26,Male,Biology,5.2,3.8,3.8,No,52.3,8.5,Fair,2,Bachelor,Medium,4.2,No,4.0,6,10.0,Yes,3,12.8,Quiet Room,Yes,High,9,2,10,Reading,9.9,97
111384,27,Other,Computer Science,5.802691886367479,4.8,1.8,Yes,59.9,7.3,Good,3,Bachelor,Medium,5.2,Yes,3.86,5,8.1,Yes,2,14.0,Quiet Room,Yes,Medium,3,2,10,Kinesthetic,1.5,100
111430,21,Other,Arts,3.8,2.1,2.2,Yes,63.8,6.0,Good,4,High School,Medium,5.1,Yes,2.86,1,8.3,Yes,5,9.4,Quiet Room,No,Low,7,2,10,Auditory,3.1,62
111435,17,Other,Arts,6.8,3.9,3.0,No,64.4,6.9,Poor,5,Master,Medium,6.4,Yes,3.11,3,8.4,Yes,1,14.9,Library,No,Medium,6,1,10,Reading,9.4,86
111438,26,Female,Biology,5.0,4.9,2.4,No,45.1,5.2,Good,4,Bachelor,High,10.0,Yes,3.18,6,8.5,Yes,2,13.3,Quiet Room,No,Medium,10,3,10,Auditory,3.4,74
111501,16,Other,Engineering,3.9,2.6,0.8,No,62.7,5.1,Good,5,Master,Medium,2.8,Yes,2.05,5,9.7,Yes,1,7.7,Dorm,No,High,1,1,10,Visual,6.4,50
111526,17,Other,Psychology,0.9,3.0,0.3,Yes,70.9,7.2,Good,4,Bachelor,Medium,7.699999999999999,No,2.98,7,8.4,Yes,0,4.6,Quiet Room,No,High,4,1,10,Auditory,1.3,69
111552,17,Female,Engineering,3.8,2.6,2.7,Yes,40.0,6.3,Fair,3,High School,Low,4.9,No,3.59,3,9.7,Yes,2,10.6,Library,No,High,5,3,10,Reading,4.5,83
111576,22,Other,Arts,2.7,2.7,3.2,No,51.6,7.9,Good,1,PhD,High,8.6,No,3.16,8,10.0,Yes,0,10.5,Cafe,Yes,High,10,1,10,Auditory,3.9,84
111586,18,Female,Biology,2.9,4.0,2.9,Yes,82.7,7.8,Good,1,Bachelor,Medium,7.4,Yes,2.44,2,8.5,Yes,2,10.7,Cafe,Yes,Low,4,3,10,Reading,9.4,57
111641,17,Male,Biology,2.5,3.5,1.3,Yes,49.7,9.9,Good,2,High School,Medium,6.8,No,2.18,3,10.0,Yes,4,8.7,Dorm,Yes,Low,5,2,10,Reading,5.9,59
111669,23,Female,Arts,1.6,0.7,1.2,No,93.7,6.2,Good,6,Bachelor,High,4.1,Yes,2.82,5,8.1,Yes,5,3.9,Quiet Room,No,High,8,2,10,Visual,2.8,73
111738,24,Male,Computer Science,2.716371586648316,1.8,1.1,No,55.7,9.7,Fair,6,Some College,Low,6.3,No,2.62,8,8.3,Yes,1,5.7,Cafe,No,High,2,1,10,Kinesthetic,9.2,67
111750,26,Male,Psychology,3.6,2.4,1.8,Yes,92.3,5.7,Fair,7,PhD,Medium,5.1,Yes,3.48,7,8.4,Yes,3,9.6,Co-Learning Group,No,Medium,5,1,10,Kinesthetic,6.2,98
111837,24,Male,Computer Science,8.522611423504351,4.8,3.9,Yes,78.4,7.3,Fair,5,High School,Medium,4.3,No,4.0,1,9.6,Yes,3,19.1,Co-Learning Group,No,High,6,2,10,Kinesthetic,3.0,100
111849,18,Male,Arts,6.1,4.6,3.5,No,47.7,9.0,Fair,6,Some College,Medium,7.1,Yes,4.0,3,9.1,Yes,2,14.5,Cafe,No,Medium,4,3,10,Visual,3.5,89
111902,25,Male,Computer Science,5.585059681565122,1.2,4.0,Yes,71.8,8.1,Good,4,Bachelor,Low,7.5,Yes,4.0,2,8.2,Yes,0,11.9,Co-Learning Group,No,High,10,3,10,Visual,8.8,95
111951,25,Other,Arts,4.5,2.9,3.3,Yes,50.5,4.7,Poor,0,Some College,Medium,2.0,Yes,2.77,5,9.2,Yes,0,10.8,Library,No,Low,1,2,10,Kinesthetic,8.6,66
111963,26,Other,Computer Science,3.782527710429612,0.4,2.3,No,47.9,8.3,Fair,5,PhD,Medium,3.4000000000000004,Yes,3.58,2,8.8,Yes,4,8.3,Co-Learning Group,No,Low,9,2,10,Reading,4.2,93
112141,20,Male,Biology,6.5,4.8,3.6,No,52.7,7.7,Fair,1,High School,Low,8.5,Yes,4.0,6,9.1,Yes,5,14.9,Co-Learning Group,No,Medium,9,1,10,Auditory,7.5,98
112182,16,Other,Engineering,4.6,2.3,0.9,Yes,57.5,9.1,Poor,0,Master,High,7.6,Yes,4.0,1,8.5,Yes,1,8.5,Dorm,No,Medium,5,3,10,Auditory,4.1,91
112194,21,Female,Psychology,2.8,2.8,2.6,No,97.4,7.1,Fair,5,Master,Medium,6.9,Yes,2.38,6,8.5,Yes,5,8.9,Quiet Room,No,High,1,1,10,Visual,3.2,62
112229,17,Other,Arts,5.0,2.5,3.8,No,85.5,6.5,Good,0,Master,High,5.8,Yes,2.12,6,8.5,Yes,3,12.8,Dorm,No,High,5,1,10,Reading,8.9,53
112344,24,Male,Computer Science,3.962952095584255,4.7,0.8,No,77.4,7.5,Good,5,High School,Low,5.8,Yes,2.97,1,9.2,Yes,4,10.6,Dorm,Yes,Medium,3,2,10,Auditory,3.7,73
112355,25,Other,Business,5.3,0.5,2.1,No,89.9,7.0,Good,5,Some College,Low,8.4,Yes,3.01,1,8.2,Yes,4,7.9,Cafe,Yes,High,6,2,10,Kinesthetic,5.8,78
112387,27,Female,Arts,4.7,3.7,0.7,No,66.3,6.2,Good,6,Bachelor,Medium,7.1,Yes,4.0,1,8.2,Yes,0,10.9,Library,Yes,Low,2,1,10,Visual,5.5,100
112456,28,Male,Arts,4.9,4.2,1.3,Yes,62.2,7.8,Good,7,Master,Low,6.6,No,3.49,6,9.4,Yes,3,12.4,Co-Learning Group,Yes,Medium,8,1,10,Kinesthetic,9.5,78
112484,20,Male,Computer Science,5.400077838613759,1.7,1.2,Yes,66.0,5.3,Good,5,High School,High,7.300000000000001,No,4.0,4,9.4,Yes,0,8.8,Quiet Room,No,High,6,1,10,Visual,1.5,100
112518,26,Other,Computer Science,7.042095550694789,4.0,0.9,Yes,89.0,6.8,Good,2,Bachelor,Medium,5.5,Yes,3.27,5,9.3,Yes,4,13.7,Dorm,No,High,6,1,10,Visual,4.9,85
112602,28,Female,Engineering,0.0,3.1,2.3,Yes,82.3,5.7,Good,3,High School,High,2.7,Yes,2.4,7,8.4,Yes,1,6.6,Library,Yes,Low,1,1,10,Kinesthetic,8.6,67
112625,26,Male,Computer Science,5.138695939832941,3.9,0.3,No,89.9,6.5,Good,5,Bachelor,High,5.8,Yes,3.04,6,10.0,Yes,4,9.6,Quiet Room,Yes,Low,2,2,10,Auditory,8.1,75
112653,22,Female,Business,5.9,4.5,1.8,Yes,53.6,5.3,Good,6,Bachelor,Low,5.3,Yes,4.0,1,9.2,Yes,0,13.5,Co-Learning Group,Yes,Medium,6,1,10,Auditory,4.8,97
112709,25,Male,Arts,1.3,2.1,3.5,No,52.8,5.9,Fair,1,High School,High,9.3,No,2.12,7,10.0,Yes,5,8.3,Co-Learning Group,Yes,High,9,3,10,Reading,2.3,63
112800,25,Female,Biology,0.4,1.2,2.1,Yes,91.0,8.1,Good,1,High School,High,3.7,No,1.77,5,8.5,Yes,0,4.5,Dorm,No,Low,10,2,10,Visual,5.7,51
112872,28,Other,Business,3.1,3.8,3.9,Yes,43.0,7.0,Fair,3,Bachelor,Medium,4.6,No,3.4,6,10.0,Yes,3,12.2,Library,No,Medium,1,2,10,Reading,4.9,83
113089,26,Other,Computer Science,1.3825810488155128,3.4,1.5,Yes,50.1,4.0,Good,3,Bachelor,High,7.199999999999999,No,2.52,4,8.6,Yes,3,8.0,Library,Yes,Low,8,2,10,Auditory,4.0,62
113127,24,Male,Computer Science,6.738217739151823,2.8,1.2,No,73.0,6.4,Poor,4,Bachelor,High,8.3,Yes,4.0,6,8.5,Yes,0,12.3,Quiet Room,No,High,3,2,10,Reading,7.9,100
113147,17,Female,Psychology,5.5,4.8,2.6,Yes,49.1,7.0,Good,5,Bachelor,High,3.9,No,3.45,4,9.1,Yes,5,13.5,Quiet Room,Yes,Medium,3,3,10,Visual,3.1,93
113309,21,Male,Business,2.8,2.1,3.1,Yes,71.7,7.4,Good,2,Bachelor,Low,6.1,Yes,2.34,2,8.9,Yes,2,9.6,Dorm,No,Low,3,2,10,Visual,9.5,48
113353,27,Female,Psychology,4.0,0.0,3.7,Yes,72.1,5.9,Fair,5,Bachelor,Low,6.7,No,2.3,8,8.3,Yes,0,9.0,Dorm,Yes,Medium,9,2,10,Kinesthetic,6.1,56
113443,26,Male,Computer Science,4.822180606928331,3.8,3.8,Yes,43.8,5.7,Good,7,Bachelor,High,4.9,No,2.57,7,8.8,Yes,0,12.9,Dorm,No,Medium,9,3,10,Kinesthetic,4.0,65
113586,18,Female,Computer Science,6.523676567226589,1.1,3.9,Yes,63.0,8.3,Good,6,PhD,Medium,6.3,Yes,4.0,2,8.2,Yes,2,12.8,Library,Yes,High,9,3,10,Visual,7.6,96
113620,19,Other,Computer Science,4.968604176608006,2.7,1.2,No,56.4,7.0,Fair,4,Bachelor,Medium,7.6,No,4.0,2,9.1,Yes,2,10.8,Dorm,No,High,9,1,10,Reading,9.8,99
113649,28,Female,Business,3.0,1.6,2.8,Yes,54.2,7.5,Good,5,Some College,Low,7.0,No,2.63,1,8.5,Yes,2,8.8,Quiet Room,No,Low,2,2,10,Visual,4.9,71
113659,19,Male,Biology,5.6,0.9,2.8,No,78.6,6.0,Fair,7,Master,High,8.4,No,4.0,8,8.1,Yes,0,9.5,Dorm,Yes,High,2,2,10,Reading,7.2,100
113694,25,Male,Arts,5.9,0.3,3.1,Yes,63.6,8.1,Poor,3,Master,High,7.199999999999999,No,3.86,6,9.6,Yes,5,11.2,Library,No,Medium,5,2,10,Kinesthetic,2.8,96
113734,23,Other,Computer Science,3.3657187764614585,4.0,2.7,Yes,78.6,8.4,Fair,1,High School,Medium,10.0,No,2.9,5,9.0,Yes,1,11.7,Library,No,High,7,1,10,Auditory,8.3,74
113736,21,Other,Computer Science,6.439859533726564,3.8,3.9,No,95.3,6.7,Good,5,PhD,High,8.8,Yes,4.0,5,8.3,Yes,3,16.0,Quiet Room,No,Low,3,2,10,Auditory,8.4,100
113750,24,Female,Computer Science,2.2964361693124893,4.7,3.6,Yes,53.9,6.2,Fair,4,PhD,High,3.3,No,2.82,7,8.6,Yes,3,11.7,Dorm,No,High,5,2,10,Visual,5.7,70
113761,26,Male,Business,2.6,4.1,4.0,No,57.1,6.8,Good,0,Master,Low,2.5,No,3.76,2,8.7,Yes,3,11.1,Dorm,No,High,2,3,10,Reading,8.2,93
113763,17,Male,Biology,4.0,3.1,1.1,Yes,68.9,6.0,Fair,4,Some College,Medium,10.0,No,3.68,2,8.3,Yes,0,8.3,Co-Learning Group,No,Low,1,1,10,Auditory,7.0,93
113780,18,Female,Psychology,0.0,1.1,2.3,Yes,91.1,6.2,Poor,7,Bachelor,Low,5.7,No,3.48,3,8.4,Yes,3,5.0,Dorm,Yes,Low,4,3,10,Visual,8.6,90
113833,22,Male,Psychology,6.0,3.2,3.0,Yes,40.6,8.0,Good,1,Master,High,3.7,No,3.68,8,9.9,Yes,4,13.9,Library,Yes,Low,9,3,10,Kinesthetic,6.3,91
113834,27,Male,Engineering,1.2,4.8,0.1,Yes,41.8,7.3,Good,2,Bachelor,High,8.6,No,2.78,8,8.2,Yes,0,6.2,Dorm,No,Medium,10,1,10,Kinesthetic,2.2,71
113936,16,Other,Computer Science,7.019117083111723,0.1,2.6,No,94.6,6.0,Fair,3,High School,Low,2.7,No,3.17,4,10.0,Yes,5,10.1,Library,Yes,Low,3,1,10,Reading,6.3,78
113962,16,Other,Business,4.4,0.0,1.8,Yes,83.6,8.2,Fair,0,Bachelor,High,7.199999999999999,No,3.16,5,8.9,Yes,5,6.4,Quiet Room,No,Low,9,2,10,Auditory,4.0,71
113975,26,Female,Psychology,2.9,2.8,1.9,No,44.4,5.9,Good,3,PhD,Low,7.1,No,2.16,7,8.8,Yes,2,9.1,Dorm,No,Low,4,3,10,Auditory,4.2,57
114134,20,Male,Business,4.9,4.4,3.2,No,49.3,6.8,Poor,4,Master,Medium,8.6,Yes,2.81,8,8.9,Yes,5,13.3,Quiet Room,Yes,Low,3,2,10,Auditory,3.5,67
114222,20,Male,Engineering,4.3,0.1,1.7,No,44.0,8.2,Good,0,Bachelor,Medium,8.2,Yes,3.88,5,8.1,Yes,0,7.8,Cafe,Yes,High,2,3,10,Kinesthetic,5.7,98
114295,19,Male,Computer Science,4.65561908718953,1.8,3.5,Yes,98.7,7.6,Fair,0,Master,Medium,8.7,No,2.33,6,8.2,Yes,3,10.8,Dorm,Yes,Low,3,3,10,Kinesthetic,1.5,60
114316,20,Female,Psychology,8.7,4.0,3.7,Yes,71.9,6.4,Fair,7,High School,Low,4.4,No,3.72,5,9.2,Yes,4,16.9,Co-Learning Group,Yes,High,1,1,10,Kinesthetic,7.1,98
114338,24,Male,Computer Science,2.9764169594776804,3.6,3.4,No,56.9,8.0,Fair,6,Master,High,6.0,Yes,3.04,6,9.0,Yes,0,10.8,Cafe,No,High,8,3,10,Kinesthetic,8.5,68
114435,20,Other,Engineering,4.9,2.2,1.1,Yes,58.0,6.7,Poor,2,Bachelor,Low,6.7,No,2.87,4,8.6,Yes,4,8.3,Co-Learning Group,Yes,Medium,10,3,10,Visual,8.6,63
114466,23,Male,Computer Science,3.9814095278891735,4.6,3.8,No,85.7,8.6,Good,6,PhD,High,8.4,No,2.84,5,8.3,Yes,0,13.4,Library,Yes,Low,1,1,10,Visual,9.2,65
114505,25,Female,Arts,0.0,0.8,1.8,Yes,84.6,6.0,Good,1,PhD,Low,6.3,No,2.92,3,9.7,Yes,3,3.2,Co-Learning Group,Yes,Medium,9,3,10,Auditory,4.8,74
114537,19,Other,Business,2.5,3.9,0.2,Yes,44.1,6.5,Poor,0,Bachelor,Low,6.6,Yes,2.41,2,8.8,Yes,5,7.6,Library,No,High,5,2,10,Auditory,2.7,79
114556,26,Female,Engineering,5.6,3.4,1.5,No,87.6,7.6,Good,4,Bachelor,Low,3.0,No,4.0,6,10.0,Yes,4,12.3,Library,Yes,Medium,9,3,10,Kinesthetic,7.9,98
114766,26,Other,Engineering,0.0,4.1,0.2,No,94.7,7.9,Fair,2,Master,High,8.0,Yes,3.54,5,8.3,Yes,0,5.3,Dorm,No,Medium,10,2,10,Visual,4.5,88
114769,25,Female,Business,5.7,4.2,1.3,Yes,77.2,7.3,Fair,7,PhD,Medium,9.8,No,3.65,8,10.0,Yes,3,12.6,Quiet Room,Yes,Medium,3,3,10,Auditory,2.7,93
114817,21,Other,Engineering,0.3,3.9,3.2,Yes,52.8,7.6,Fair,1,Bachelor,High,7.199999999999999,Yes,2.39,5,8.3,Yes,0,8.1,Library,No,Low,9,3,10,Reading,9.4,53
114836,26,Female,Biology,2.5,0.7,1.7,Yes,45.4,8.1,Fair,0,Bachelor,Medium,7.6,Yes,3.65,4,9.2,Yes,5,5.3,Library,Yes,Low,5,2,10,Auditory,6.2,93
114860,26,Female,Engineering,5.2,2.8,1.4,Yes,60.1,5.3,Good,7,Some College,High,8.8,No,3.02,6,9.7,Yes,3,9.7,Quiet Room,Yes,Low,7,1,10,Visual,5.2,73
114904,23,Female,Biology,2.3,2.7,1.9,Yes,42.4,5.9,Good,7,High School,Medium,4.1,Yes,3.25,7,9.5,Yes,1,7.0,Cafe,No,Medium,7,2,10,Visual,6.3,87
114925,20,Male,Business,4.8,1.9,3.3,No,87.7,6.2,Good,6,PhD,High,9.3,No,3.83,2,10.0,Yes,5,10.4,Quiet Room,Yes,Low,10,3,10,Visual,8.4,92
115102,19,Female,Computer Science,1.382179299132475,0.6,2.7,No,83.9,7.0,Fair,5,High School,High,7.300000000000001,No,3.17,8,8.6,Yes,4,5.0,Library,Yes,Low,3,1,10,Reading,2.8,82
115222,20,Other,Computer Science,2.237773222945,0.9,1.1,No,44.5,6.7,Fair,5,Some College,Medium,4.5,Yes,3.87,2,8.5,Yes,1,5.2,Cafe,No,High,10,1,10,Visual,6.3,94
115234,21,Female,Psychology,5.1,0.7,2.4,Yes,92.8,5.8,Fair,5,PhD,Low,4.4,Yes,2.47,3,8.9,Yes,4,9.6,Dorm,No,Low,5,1,10,Visual,8.0,66
115262,26,Male,Computer Science,4.1045356820928856,2.7,0.7,Yes,63.6,5.8,Good,7,High School,Medium,6.4,Yes,2.64,2,8.2,Yes,1,9.3,Co-Learning Group,No,Low,4,1,10,Auditory,3.8,67
115308,20,Female,Psychology,6.0,3.2,0.4,No,69.7,6.8,Fair,4,High School,Low,8.2,No,3.51,6,8.2,Yes,4,10.3,Cafe,Yes,High,8,3,10,Auditory,9.1,84
115325,17,Other,Engineering,5.0,2.5,1.0,Yes,82.8,6.8,Poor,1,Master,Medium,6.7,Yes,3.57,7,8.4,Yes,4,9.1,Co-Learning Group,Yes,High,1,3,10,Reading,7.8,88
115383,26,Female,Engineering,3.8,0.6,0.8,No,67.5,7.0,Fair,7,Master,High,7.4,Yes,3.97,7,8.1,Yes,0,6.1,Co-Learning Group,No,Low,7,1,10,Kinesthetic,9.2,100
115407,20,Female,Psychology,2.8,2.6,2.3,Yes,60.2,5.1,Poor,5,High School,Low,4.6,No,3.79,6,8.6,Yes,1,9.1,Cafe,No,High,5,1,10,Visual,8.3,97
115450,17,Female,Engineering,2.5,1.5,1.4,Yes,72.7,4.3,Good,6,Some College,Medium,2.7,Yes,3.63,4,10.0,Yes,1,6.2,Quiet Room,No,Low,4,1,10,Auditory,4.8,90
115452,18,Other,Computer Science,7.043162505437135,0.9,0.6,Yes,58.4,8.8,Fair,4,Some College,High,5.7,Yes,3.4,3,9.1,Yes,3,10.2,Co-Learning Group,Yes,Low,9,2,10,Reading,5.8,86
115585,23,Male,Psychology,4.4,2.4,3.1,Yes,54.7,7.2,Fair,7,Bachelor,Medium,6.3,Yes,3.4,7,8.2,Yes,5,10.3,Dorm,Yes,Medium,9,1,10,Kinesthetic,8.4,82
115640,23,Other,Psychology,3.0,3.1,2.7,Yes,97.6,6.1,Fair,7,Some College,Low,8.0,Yes,3.67,1,8.1,Yes,5,10.3,Library,No,Medium,10,2,10,Visual,4.9,100
115682,21,Female,Business,2.4,1.1,3.7,No,53.3,6.5,Fair,4,Bachelor,Medium,5.2,No,3.17,3,8.8,Yes,3,9.0,Library,No,High,3,3,10,Reading,9.5,81
115704,19,Female,Engineering,6.4,3.3,1.6,Yes,50.5,9.4,Fair,1,PhD,High,2.8,No,3.91,4,8.8,Yes,5,11.7,Co-Learning Group,Yes,Medium,8,3,10,Auditory,9.0,92
115707,24,Other,Psychology,1.8,3.1,0.2,No,90.6,4.3,Fair,2,Bachelor,Medium,6.6,Yes,2.88,4,8.6,Yes,5,6.5,Cafe,No,High,4,3,10,Auditory,4.3,63
115709,16,Female,Arts,1.7,4.8,2.0,No,50.8,5.9,Poor,6,PhD,Medium,5.7,Yes,2.96,3,8.6,Yes,5,8.6,Co-Learning Group,No,Medium,6,1,10,Auditory,6.8,73
115730,23,Male,Engineering,2.0,0.2,0.6,No,55.3,9.6,Good,2,Master,Low,5.9,No,4.0,1,8.4,Yes,2,3.2,Quiet Room,No,High,8,3,10,Visual,1.7,99
115741,26,Female,Business,5.5,4.6,3.4,No,42.0,6.1,Good,5,PhD,Low,6.3,No,3.49,8,9.0,Yes,0,15.1,Dorm,No,High,9,1,10,Kinesthetic,5.9,79
115749,21,Female,Arts,5.5,3.9,3.5,No,98.6,4.0,Fair,7,Master,Medium,4.8,No,2.91,4,8.6,Yes,1,13.2,Quiet Room,Yes,Medium,4,2,10,Kinesthetic,5.1,78
115905,22,Male,Engineering,4.5,0.8,0.9,Yes,42.3,7.5,Fair,2,PhD,High,5.7,Yes,3.87,4,9.5,Yes,3,6.6,Co-Learning Group,Yes,High,3,2,10,Reading,8.9,94
116017,19,Male,Computer Science,2.589079093590709,3.1,0.8,Yes,75.0,5.7,Good,3,PhD,High,7.5,Yes,3.54,7,10.0,Yes,0,7.7,Quiet Room,Yes,Low,5,3,10,Reading,1.1,84
116047,20,Male,Psychology,2.9,0.1,2.9,No,96.0,7.7,Poor,4,High School,Medium,4.4,No,2.77,5,8.2,Yes,3,6.6,Cafe,Yes,Low,6,1,10,Visual,9.3,66
116063,24,Other,Engineering,5.1,1.7,3.5,Yes,75.7,7.4,Fair,6,Bachelor,Low,3.7,No,3.55,8,10.0,Yes,0,11.5,Quiet Room,No,High,5,2,10,Kinesthetic,8.7,86
116141,16,Male,Arts,4.4,3.3,2.6,Yes,59.5,7.0,Good,7,Some College,High,5.8,Yes,3.38,4,9.9,Yes,2,11.2,Cafe,No,Medium,3,2,10,Auditory,6.1,88
116176,20,Male,Biology,4.1,1.8,2.1,Yes,92.1,6.4,Good,4,Some College,Low,6.1,No,2.92,6,9.0,Yes,3,10.0,Quiet Room,No,High,4,1,10,Kinesthetic,3.4,67
116227,17,Other,Computer Science,3.3955135713840146,0.4,0.7,No,52.9,7.4,Fair,6,PhD,Medium,6.0,No,4.0,3,9.3,Yes,1,5.6,Quiet Room,No,Low,1,2,10,Auditory,7.4,100
116363,16,Female,Computer Science,5.934690302710575,1.8,2.0,Yes,56.7,6.1,Fair,5,Some College,Medium,7.6,Yes,4.0,3,10.0,Yes,4,11.1,Library,Yes,Low,3,3,10,Visual,1.6,89
116366,19,Other,Psychology,3.2,3.4,2.5,No,60.4,7.9,Good,2,High School,High,7.5,No,2.94,2,9.1,Yes,3,9.9,Quiet Room,No,High,3,1,10,Kinesthetic,1.3,80
116377,28,Male,Business,3.4,1.5,0.4,No,52.4,6.3,Good,2,Master,Low,6.5,Yes,3.81,7,8.1,Yes,3,7.2,Dorm,No,High,9,2,10,Visual,9.4,91
116415,25,Male,Business,2.9,3.8,1.9,Yes,83.2,6.0,Good,5,High School,Low,4.9,No,2.58,8,9.5,Yes,5,9.3,Co-Learning Group,Yes,Medium,2,2,10,Kinesthetic,2.6,69
116439,22,Male,Engineering,2.9,3.7,3.9,No,72.0,6.0,Good,7,Some College,Low,7.5,No,3.51,3,8.3,Yes,1,12.1,Dorm,Yes,High,2,2,10,Visual,3.4,87
116451,22,Male,Computer Science,8.614320600189233,4.7,2.9,No,89.8,5.6,Good,3,PhD,High,4.6,Yes,3.29,4,8.9,Yes,2,17.2,Library,Yes,Medium,6,2,10,Auditory,8.4,89
116610,26,Other,Engineering,7.5,1.6,1.7,Yes,60.7,6.5,Good,3,Some College,High,9.9,Yes,4.0,8,9.3,Yes,2,11.1,Library,No,Low,2,1,10,Auditory,3.9,100
116628,17,Female,Psychology,2.3,4.3,3.9,No,97.2,5.9,Good,6,PhD,High,4.6,Yes,2.68,1,9.8,Yes,2,12.1,Cafe,No,High,8,3,10,Kinesthetic,3.0,61
116673,16,Female,Biology,3.4,4.2,2.0,Yes,74.5,6.1,Poor,7,Some College,Low,8.5,Yes,3.43,1,10.0,Yes,5,10.8,Quiet Room,Yes,Medium,10,2,10,Kinesthetic,9.1,76
116807,20,Male,Arts,5.0,2.1,0.8,Yes,83.1,4.2,Poor,2,Some College,High,6.7,No,2.71,7,8.1,Yes,0,8.9,Cafe,Yes,Low,7,3,10,Auditory,8.2,69
116851,19,Male,Engineering,4.4,4.8,0.1,No,74.7,7.0,Fair,0,Some College,Medium,6.6,Yes,3.8,8,8.2,Yes,3,10.9,Quiet Room,Yes,Low,5,3,10,Kinesthetic,6.1,96
116855,25,Female,Psychology,2.7,3.3,3.1,Yes,40.5,8.0,Fair,0,Master,Low,7.0,No,2.08,6,8.2,Yes,0,10.4,Dorm,No,High,3,1,10,Kinesthetic,4.2,55
116984,20,Other,Engineering,1.9,3.3,3.7,No,73.5,4.9,Fair,7,Some College,Medium,7.1,No,2.8,1,8.2,Yes,4,9.6,Co-Learning Group,No,Medium,5,1,10,Visual,3.9,62
117007,28,Female,Business,3.2,3.5,2.3,No,72.5,8.7,Fair,5,High School,High,5.9,No,3.13,4,8.5,Yes,4,10.4,Cafe,Yes,High,1,2,10,Kinesthetic,5.6,76
117059,26,Female,Psychology,5.6,2.6,3.9,Yes,77.4,5.5,Good,1,High School,Low,6.4,No,3.48,3,8.1,Yes,2,13.3,Dorm,Yes,High,2,3,10,Kinesthetic,4.0,85
117071,27,Other,Engineering,3.2,4.1,0.6,No,77.4,7.0,Fair,2,Some College,High,5.5,No,3.94,3,9.7,Yes,1,8.7,Cafe,No,High,10,3,10,Auditory,8.8,93
117107,23,Male,Psychology,4.1,1.7,2.7,No,52.0,7.2,Good,6,Master,Medium,8.1,No,3.24,4,10.0,Yes,4,8.6,Dorm,No,Medium,1,1,10,Auditory,1.1,75
117115,23,Other,Business,5.9,3.0,1.0,Yes,51.7,6.3,Good,6,PhD,Low,8.6,Yes,2.76,8,9.3,Yes,2,10.6,Dorm,No,High,10,3,10,Visual,9.0,78
117141,28,Female,Arts,6.2,2.6,1.5,Yes,53.1,7.0,Good,6,High School,Low,9.8,No,4.0,5,8.3,Yes,2,11.5,Dorm,Yes,Medium,3,2,10,Auditory,7.8,100
117154,26,Female,Engineering,2.5,4.0,1.8,Yes,44.2,8.8,Poor,6,Some College,High,4.6,No,4.0,1,8.6,Yes,3,9.3,Library,Yes,Medium,5,3,10,Auditory,10.0,100
117235,26,Male,Business,6.0,3.7,0.3,No,70.0,8.5,Poor,5,Master,High,4.1,No,4.0,3,8.3,Yes,0,11.2,Cafe,No,Medium,8,1,10,Visual,4.1,99
117298,24,Male,Biology,1.9,1.4,0.4,No,66.4,7.7,Good,1,Some College,Medium,6.8,Yes,2.67,6,9.6,Yes,5,4.3,Cafe,No,Medium,6,2,10,Visual,8.8,66
117328,25,Female,Psychology,5.6,2.3,3.5,No,83.7,7.3,Poor,7,Master,Low,4.6,No,3.26,2,8.5,Yes,4,13.0,Library,No,High,2,2,10,Auditory,7.9,77
117403,16,Male,Psychology,7.1,1.7,1.4,No,71.2,6.0,Good,3,Bachelor,Low,6.1,No,3.64,5,8.9,Yes,0,11.9,Co-Learning Group,No,Low,4,1,10,Kinesthetic,6.1,89
117493,20,Male,Engineering,5.0,3.9,3.7,Yes,71.6,6.7,Poor,2,Master,Low,6.5,No,3.66,3,9.0,Yes,1,13.6,Cafe,No,Medium,4,1,10,Auditory,8.8,93
117540,27,Male,Business,6.7,3.4,1.8,Yes,66.9,8.1,Good,5,PhD,Low,7.199999999999999,No,3.8,8,8.3,Yes,4,13.4,Co-Learning Group,Yes,Medium,7,3,10,Reading,8.9,92
117541,19,Male,Biology,6.5,2.8,0.4,No,54.3,9.9,Good,5,High School,Medium,6.3,Yes,2.46,7,9.7,Yes,1,9.9,Dorm,No,Low,1,1,10,Auditory,5.2,57
117635,26,Other,Business,0.9,1.4,3.9,Yes,99.1,9.3,Good,3,PhD,Low,2.6,No,2.83,6,8.4,Yes,0,8.2,Co-Learning Group,No,High,7,3,10,Visual,4.1,68
117693,16,Female,Psychology,5.9,0.7,1.5,No,92.7,4.9,Fair,6,Bachelor,Medium,7.9,No,2.23,7,8.9,Yes,4,8.8,Dorm,No,High,3,3,10,Reading,4.5,54
117703,22,Male,Computer Science,0.6289597154825429,1.8,0.9,Yes,52.1,8.1,Fair,6,PhD,Low,10.0,No,2.8,6,9.8,Yes,2,4.5,Quiet Room,Yes,High,9,1,10,Visual,4.9,69
117728,28,Other,Psychology,6.2,3.7,2.4,No,56.2,7.8,Poor,4,PhD,Medium,3.6,Yes,4.0,4,9.1,Yes,4,13.7,Library,Yes,High,6,3,10,Visual,4.7,100
117840,27,Male,Biology,5.3,0.0,3.0,No,68.6,6.7,Fair,2,Bachelor,Low,10.0,No,2.59,1,8.6,Yes,5,8.7,Library,Yes,Medium,10,1,10,Auditory,2.5,60
117910,27,Female,Computer Science,6.90884603435739,4.1,0.4,No,99.3,8.0,Good,3,Bachelor,Low,8.0,Yes,3.31,2,10.0,Yes,3,12.2,Cafe,Yes,Medium,8,2,10,Auditory,1.4,86
117919,24,Other,Business,2.9,0.7,0.3,No,40.1,7.6,Poor,4,PhD,Low,6.1,Yes,3.15,4,8.2,Yes,4,4.2,Library,Yes,High,9,2,10,Auditory,1.9,88
117996,19,Male,Psychology,4.1,2.8,3.5,Yes,71.2,4.0,Good,0,High School,Low,4.7,No,2.96,7,9.1,Yes,1,12.2,Quiet Room,Yes,High,9,1,10,Auditory,6.2,80
117997,23,Male,Biology,5.5,0.9,3.3,No,53.9,6.9,Poor,4,PhD,Low,7.9,No,3.02,1,9.9,Yes,5,11.2,Library,Yes,High,5,3,10,Visual,9.0,74
118009,28,Male,Biology,3.5,3.5,3.1,No,41.6,5.0,Poor,3,Bachelor,Low,5.8,Yes,3.82,8,8.6,Yes,1,12.1,Dorm,No,Medium,2,3,10,Auditory,5.5,100
118091,27,Other,Psychology,8.1,0.5,3.1,No,94.4,4.4,Fair,3,High School,High,3.2,Yes,2.64,3,10.0,Yes,5,12.8,Quiet Room,No,Low,3,1,10,Visual,6.6,65
118104,23,Male,Arts,1.1,2.6,2.2,No,50.6,9.1,Good,5,High School,Low,8.5,Yes,3.4,7,9.1,Yes,3,6.7,Co-Learning Group,Yes,High,10,3,10,Reading,2.7,86
118164,19,Female,Computer Science,8.070553526408235,0.4,0.9,Yes,79.6,6.0,Poor,6,PhD,Medium,5.4,No,4.0,1,8.2,Yes,2,9.8,Quiet Room,Yes,High,1,3,10,Reading,8.1,98
118168,21,Female,Psychology,3.5,4.1,1.1,Yes,52.8,7.5,Fair,0,Some College,Low,9.2,No,3.23,6,9.2,Yes,5,9.7,Dorm,Yes,Low,8,2,10,Reading,1.6,83
118187,24,Male,Biology,2.4,1.4,1.2,Yes,96.0,7.4,Poor,4,Bachelor,Low,3.3,No,3.64,3,9.7,Yes,3,6.8,Co-Learning Group,Yes,Medium,10,1,10,Auditory,6.0,93
118217,16,Female,Psychology,5.7,0.3,2.1,No,52.8,4.3,Good,2,High School,Medium,6.0,Yes,2.22,4,9.0,Yes,3,9.1,Cafe,No,Low,10,2,10,Kinesthetic,6.0,55
118227,23,Other,Computer Science,3.0149816896832147,2.0,3.7,No,87.1,9.0,Good,7,High School,Low,3.3,No,3.89,5,9.9,Yes,4,9.6,Quiet Room,Yes,Low,3,2,10,Visual,5.0,100
118280,25,Male,Psychology,7.3,1.1,1.5,Yes,58.3,4.0,Poor,7,High School,Medium,4.4,Yes,4.0,3,8.6,Yes,3,11.5,Cafe,No,High,2,2,10,Kinesthetic,3.9,100
118288,23,Male,Computer Science,4.2552330132419245,3.6,1.5,Yes,58.5,8.6,Good,3,High School,Low,7.1,No,2.94,4,8.8,Yes,4,11.0,Co-Learning Group,No,Low,7,1,10,Reading,7.8,73
118451,16,Male,Engineering,4.9,2.5,3.9,No,61.6,8.2,Good,0,PhD,Medium,3.3,Yes,3.16,7,8.1,Yes,4,12.8,Dorm,Yes,Low,8,3,10,Visual,7.7,83
118493,19,Other,Computer Science,4.933992074359315,4.9,0.8,No,77.1,9.6,Fair,4,PhD,Low,4.7,No,3.47,6,8.5,Yes,1,11.8,Quiet Room,Yes,Low,1,2,10,Kinesthetic,6.2,94
118511,18,Other,Engineering,2.3,4.1,2.8,Yes,97.6,4.0,Good,3,PhD,High,4.7,No,3.95,6,8.3,Yes,2,9.3,Cafe,Yes,Medium,1,1,10,Kinesthetic,4.0,96
118541,19,Other,Computer Science,5.596991322322657,1.0,1.9,No,80.0,4.6,Good,3,Some College,High,6.7,Yes,3.7,2,8.1,Yes,3,8.7,Quiet Room,Yes,Medium,10,2,10,Reading,1.8,98
118553,18,Other,Arts,8.1,1.1,3.8,Yes,53.2,6.8,Fair,7,Some College,Low,5.2,No,3.43,6,8.1,Yes,0,13.7,Library,Yes,High,10,3,10,Auditory,4.7,88
118665,28,Male,Arts,4.7,1.8,0.7,No,74.5,5.3,Good,3,PhD,Low,7.199999999999999,No,4.0,1,8.9,Yes,2,7.3,Quiet Room,No,Medium,10,1,10,Auditory,5.7,99
118737,21,Other,Business,4.5,4.9,3.5,No,95.9,6.9,Good,5,Master,High,8.2,No,3.26,5,8.7,Yes,4,14.1,Quiet Room,No,High,5,2,10,Visual,5.4,80
118739,28,Female,Engineering,4.9,4.2,2.6,No,41.4,7.1,Good,1,PhD,Medium,4.0,No,4.0,3,8.2,Yes,3,13.7,Quiet Room,No,High,7,1,10,Auditory,5.7,100
118786,21,Male,Arts,2.0,0.8,0.7,Yes,46.4,4.4,Good,5,High School,High,9.6,No,3.14,1,10.0,Yes,5,5.0,Library,Yes,Low,10,1,10,Reading,9.0,68
118792,26,Male,Computer Science,3.9518238957366583,1.8,2.9,Yes,74.1,7.9,Good,6,Some College,Medium,4.1,No,3.71,2,8.7,Yes,2,10.0,Cafe,No,Low,2,2,10,Visual,7.7,100
119057,20,Other,Psychology,5.7,2.1,1.5,Yes,92.3,6.2,Good,2,Bachelor,Medium,6.6,Yes,4.0,2,8.3,Yes,2,11.0,Quiet Room,Yes,Medium,4,3,10,Auditory,7.1,100
119130,19,Other,Business,8.9,4.9,3.8,No,78.8,6.7,Fair,5,Some College,Low,7.0,Yes,2.98,5,9.6,Yes,2,19.0,Library,No,Low,4,1,10,Reading,1.6,78
119168,26,Female,Biology,4.8,2.1,1.1,No,80.8,6.2,Good,2,Bachelor,Medium,4.8,Yes,2.36,4,8.8,Yes,2,8.6,Cafe,No,High,8,1,10,Kinesthetic,3.5,57
119177,23,Female,Business,4.0,1.0,2.7,No,97.3,7.8,Poor,2,High School,Low,4.7,Yes,2.96,2,8.3,Yes,4,9.2,Library,No,Low,2,3,10,Visual,7.5,69
119201,17,Male,Psychology,2.2,0.8,3.2,No,45.1,7.8,Good,6,Bachelor,Medium,3.1,No,3.09,1,9.6,Yes,0,8.0,Co-Learning Group,No,Medium,5,2,10,Kinesthetic,4.8,83
119223,27,Male,Computer Science,4.193677776098117,1.1,2.9,Yes,46.8,8.1,Poor,7,Master,Low,7.4,Yes,3.05,8,8.8,Yes,4,9.7,Dorm,Yes,Low,2,2,10,Kinesthetic,4.2,79
119241,25,Male,Psychology,3.2,1.2,0.4,Yes,40.0,6.6,Good,1,Some College,Medium,7.5,Yes,2.44,5,8.4,Yes,2,5.9,Dorm,No,Medium,3,1,10,Reading,4.2,56
119246,28,Male,Biology,4.1,2.0,3.9,No,88.4,7.7,Poor,5,Bachelor,Medium,6.7,No,4.0,2,8.4,Yes,1,11.1,Library,Yes,High,7,1,10,Kinesthetic,5.9,99
119275,27,Male,Biology,6.0,2.3,2.9,No,46.4,6.2,Good,0,Master,Low,4.5,No,2.34,4,10.0,Yes,2,13.0,Dorm,Yes,Medium,1,1,10,Auditory,4.0,61
119284,20,Other,Computer Science,7.139468841022907,0.3,1.8,No,60.4,5.0,Fair,7,Some College,High,7.9,Yes,3.4,5,9.2,Yes,2,9.3,Dorm,No,High,6,1,10,Visual,3.9,73
119303,24,Male,Biology,4.0,2.8,1.4,No,54.1,6.4,Good,3,PhD,Low,3.2,No,3.11,2,8.2,Yes,3,8.5,Dorm,No,High,1,1,10,Kinesthetic,9.6,65
119310,27,Female,Arts,6.9,2.1,3.3,Yes,93.1,7.2,Fair,5,High School,Medium,9.5,No,3.52,7,8.6,Yes,4,13.5,Co-Learning Group,Yes,High,10,3,10,Auditory,6.9,87
119364,24,Other,Computer Science,6.481080812667197,3.5,0.8,Yes,45.8,8.5,Fair,7,Some College,High,5.2,No,3.07,5,9.1,Yes,2,12.4,Cafe,Yes,High,9,1,10,Auditory,4.2,71
119411,17,Male,Computer Science,5.362947995646936,4.1,3.5,No,69.0,8.6,Good,4,Bachelor,Medium,5.3,No,3.1,8,9.6,Yes,2,13.3,Quiet Room,Yes,Low,8,1,10,Visual,6.0,80
119531,27,Male,Psychology,3.8,4.7,1.5,No,47.3,6.5,Good,2,Some College,Medium,7.0,Yes,2.08,6,9.3,Yes,4,11.5,Dorm,No,Medium,2,2,10,Kinesthetic,5.2,53
119544,19,Male,Psychology,4.3,4.2,1.2,No,79.9,8.5,Good,7,Bachelor,Low,6.1,Yes,2.92,8,10.0,Yes,2,9.8,Quiet Room,Yes,High,6,3,10,Kinesthetic,3.6,76
119591,23,Other,Business,5.2,0.7,1.0,No,93.5,6.4,Good,4,Master,High,7.9,Yes,3.34,3,9.6,Yes,0,7.3,Library,No,High,7,2,10,Kinesthetic,8.7,88
119685,17,Female,Computer Science,4.338278950212773,2.2,3.2,Yes,89.3,6.2,Poor,2,High School,High,4.9,No,3.76,4,10.0,Yes,2,9.8,Quiet Room,No,Low,10,2,10,Reading,9.6,94
119697,18,Male,Business,3.2,1.6,2.6,Yes,93.7,8.0,Good,7,Master,Low,6.8,Yes,4.0,7,8.5,Yes,4,9.3,Quiet Room,Yes,Low,4,3,10,Reading,5.8,98
119772,28,Other,Engineering,1.7,1.9,1.9,No,68.9,6.3,Good,2,High School,Low,1.4,Yes,2.45,2,9.0,Yes,0,6.4,Dorm,No,Low,2,1,10,Visual,9.6,58
119845,20,Female,Psychology,4.3,4.9,1.6,Yes,79.2,9.6,Poor,5,Bachelor,Medium,6.6,No,3.98,4,8.9,Yes,4,11.6,Library,No,Medium,10,2,10,Visual,1.9,95
119960,20,Male,Arts,7.4,1.2,0.3,No,54.9,5.5,Poor,2,Bachelor,Medium,5.8,Yes,4.0,2,9.1,Yes,3,9.7,Co-Learning Group,Yes,Low,6,1,10,Reading,8.4,100
120000,24,Female,Psychology,5.6,1.8,3.6,Yes,82.8,7.7,Good,5,Master,High,5.6,No,4.0,6,9.4,Yes,2,12.4,Quiet Room,Yes,Medium,3,3,10,Kinesthetic,7.7,96
120035,25,Other,Biology,5.5,4.0,2.0,No,61.3,6.4,Good,7,PhD,Low,5.4,No,4.0,5,9.6,Yes,0,12.2,Dorm,No,Medium,1,3,10,Auditory,9.5,95
120037,25,Male,Computer Science,6.40533536138532,1.6,0.9,No,79.0,8.7,Fair,2,Bachelor,Medium,7.1,No,4.0,3,10.0,Yes,0,10.9,Dorm,Yes,High,3,3,10,Reading,7.8,100
120084,24,Male,Biology,4.5,0.4,4.0,No,58.6,8.9,Fair,5,Some College,Medium,5.8,No,4.0,5,8.3,Yes,2,9.6,Cafe,No,Medium,4,3,10,Auditory,6.8,100
120154,28,Female,Computer Science,7.989948841039483,4.1,3.7,No,64.6,6.9,Fair,5,Master,Low,9.0,No,2.88,3,9.3,Yes,2,16.4,Quiet Room,No,Low,10,2,10,Auditory,2.5,77
120294,17,Male,Arts,3.6,0.3,3.1,No,42.0,4.0,Poor,1,Bachelor,High,8.2,No,2.35,3,8.7,Yes,1,7.7,Library,Yes,Low,3,2,10,Auditory,9.5,58
120311,24,Other,Psychology,5.2,3.9,0.8,No,81.0,7.1,Poor,7,Bachelor,Low,6.1,Yes,3.35,7,9.4,Yes,4,11.2,Cafe,No,Low,6,3,10,Visual,7.0,85
120407,18,Other,Business,3.9,1.9,0.3,Yes,78.0,7.0,Poor,5,Master,High,7.800000000000001,Yes,2.58,7,10.0,Yes,5,6.7,Dorm,Yes,High,9,2,10,Kinesthetic,3.1,70
120591,18,Female,Computer Science,5.568030522969468,1.7,2.3,No,55.8,5.3,Fair,7,Bachelor,Low,7.5,Yes,3.61,7,8.4,Yes,5,10.9,Dorm,No,Medium,3,3,10,Reading,4.9,87
120600,24,Other,Psychology,2.8,3.6,2.9,Yes,55.1,6.0,Fair,6,Bachelor,Medium,4.8,Yes,3.1,5,8.7,Yes,2,10.1,Quiet Room,No,Medium,3,1,10,Auditory,8.6,73
120609,25,Other,Engineering,5.2,2.2,1.4,Yes,56.9,5.3,Fair,4,PhD,High,5.5,Yes,3.22,2,8.7,Yes,1,9.5,Library,Yes,Low,2,2,10,Reading,2.1,79
120621,19,Other,Engineering,2.2,3.2,3.8,No,71.6,5.9,Fair,7,Master,High,2.6,No,4.0,4,9.0,Yes,2,10.4,Library,Yes,Medium,3,3,10,Reading,8.0,97
120652,17,Other,Arts,3.1,1.5,2.0,No,77.5,6.8,Poor,1,Bachelor,High,9.2,Yes,3.46,2,9.2,Yes,4,8.5,Dorm,No,High,10,3,10,Reading,8.5,79
120761,21,Other,Computer Science,3.3435760729098094,3.6,1.0,No,72.0,4.9,Good,1,High School,Medium,6.0,No,3.75,1,9.1,Yes,0,9.9,Library,Yes,High,9,3,10,Auditory,3.7,90
120819,23,Other,Biology,8.7,4.3,3.3,Yes,40.9,9.6,Good,5,Some College,Low,7.5,No,4.0,1,8.1,Yes,2,16.6,Library,Yes,High,2,2,10,Visual,7.8,100
120846,25,Female,Psychology,4.5,3.1,0.4,Yes,50.3,5.2,Poor,2,Bachelor,High,6.6,Yes,4.0,4,8.6,Yes,1,8.9,Co-Learning Group,No,Low,6,2,10,Kinesthetic,8.2,95
121002,17,Other,Business,4.4,3.1,0.2,No,79.3,6.9,Good,6,PhD,Medium,4.0,Yes,2.46,3,8.8,Yes,3,7.8,Cafe,No,Medium,10,1,10,Reading,8.3,54
121063,25,Other,Psychology,8.6,4.6,2.8,Yes,60.0,6.6,Good,5,Master,Low,5.0,No,4.0,8,8.9,Yes,4,16.6,Dorm,Yes,Medium,4,2,10,Reading,9.9,100
121103,25,Female,Biology,1.5,4.6,3.7,Yes,67.2,7.5,Good,0,Bachelor,Medium,6.2,Yes,3.42,4,10.0,Yes,0,11.0,Co-Learning Group,No,Medium,4,2,10,Reading,3.3,82
121296,16,Male,Psychology,7.9,0.5,3.2,Yes,95.7,6.9,Good,6,High School,Low,8.3,Yes,3.52,7,9.2,Yes,3,12.3,Library,Yes,High,6,1,10,Reading,4.2,88
121318,21,Male,Psychology,3.7,1.5,1.3,No,49.9,7.0,Poor,3,Bachelor,High,5.5,Yes,2.81,7,8.2,Yes,5,7.9,Library,No,Medium,9,1,10,Auditory,4.8,69
121347,25,Male,Biology,4.1,3.8,0.8,Yes,90.8,7.6,Fair,0,Master,Medium,6.5,No,2.36,1,10.0,Yes,0,8.9,Cafe,No,High,7,3,10,Auditory,1.6,63
121433,16,Other,Engineering,0.0,4.9,2.4,No,54.3,5.6,Good,4,Bachelor,Low,2.2,Yes,2.85,4,8.8,Yes,2,8.0,Quiet Room,Yes,High,9,2,10,Kinesthetic,7.7,78
121468,28,Other,Psychology,4.5,3.0,2.3,No,59.6,6.6,Fair,4,High School,Medium,3.1,No,2.9,3,8.2,Yes,2,9.9,Library,Yes,Medium,4,2,10,Kinesthetic,8.7,77
121488,25,Female,Psychology,1.3,3.9,3.3,Yes,90.6,5.9,Poor,2,High School,Medium,9.0,Yes,2.78,6,8.9,Yes,4,10.0,Co-Learning Group,No,Low,10,1,10,Visual,8.5,70
121525,19,Male,Biology,4.1,1.2,0.7,No,56.1,10.1,Poor,3,Some College,High,6.3,No,3.83,8,9.0,Yes,2,6.3,Co-Learning Group,Yes,High,4,3,10,Reading,8.7,100
121551,27,Male,Business,3.4,3.0,0.6,Yes,84.9,8.4,Good,7,High School,High,6.4,Yes,2.85,3,9.2,Yes,1,7.2,Dorm,Yes,Low,9,3,10,Auditory,9.2,67
121577,24,Female,Biology,0.1,3.5,2.3,No,54.7,8.5,Good,6,Bachelor,Low,8.4,No,3.66,4,8.2,Yes,1,6.2,Quiet Room,Yes,Low,7,1,10,Reading,2.5,90
121588,19,Other,Biology,5.2,4.5,2.0,Yes,63.2,9.5,Good,0,Some College,Medium,6.4,No,4.0,3,8.6,Yes,5,12.8,Co-Learning Group,Yes,Medium,4,3,10,Visual,3.7,100
121675,18,Male,Psychology,2.5,3.8,0.9,Yes,71.0,7.2,Good,6,Master,Medium,8.9,No,2.41,2,8.9,Yes,1,7.5,Library,No,Low,2,1,10,Visual,3.7,66
121696,18,Other,Computer Science,3.1948667745276422,3.6,0.9,No,64.1,6.9,Good,4,Bachelor,Medium,4.3,No,2.31,7,9.5,Yes,3,9.7,Quiet Room,No,High,4,1,10,Kinesthetic,3.1,59
121789,28,Other,Arts,7.5,3.4,3.3,Yes,94.3,8.0,Fair,2,PhD,Medium,6.3,No,2.89,5,8.8,Yes,2,16.2,Co-Learning Group,Yes,Medium,10,2,10,Visual,1.8,75
121802,21,Female,Business,0.0,5.0,1.9,Yes,66.2,4.2,Fair,2,Some College,Low,5.5,No,1.64,2,9.4,Yes,1,8.1,Dorm,Yes,High,8,2,10,Auditory,8.0,47
121819,21,Female,Psychology,2.0,4.4,0.2,No,62.9,7.5,Fair,6,Bachelor,High,8.6,Yes,3.21,1,9.6,Yes,4,8.1,Co-Learning Group,Yes,Low,6,1,10,Auditory,8.0,77
121831,20,Female,Arts,1.6,2.8,2.0,Yes,46.4,7.4,Fair,5,High School,Medium,8.3,Yes,3.67,6,9.2,Yes,5,8.4,Co-Learning Group,Yes,Medium,9,1,10,Auditory,5.2,92
121832,16,Female,Arts,5.6,1.1,3.4,No,41.1,7.4,Fair,0,Some College,High,7.6,No,2.77,4,8.2,Yes,1,11.6,Library,Yes,High,5,2,10,Visual,7.9,62
121882,22,Female,Computer Science,7.478106484425316,1.3,3.8,Yes,65.1,10.7,Good,6,Master,High,3.9,No,4.0,8,8.6,Yes,5,13.9,Co-Learning Group,No,High,3,2,10,Kinesthetic,6.6,95
122020,24,Female,Engineering,3.8,2.6,3.8,No,63.8,8.0,Fair,6,Some College,High,6.2,Yes,3.14,2,8.4,Yes,1,10.9,Dorm,Yes,High,4,3,10,Visual,3.0,72
122222,22,Male,Computer Science,4.954937602389837,4.9,0.8,Yes,66.8,5.3,Good,7,High School,High,9.5,No,2.61,6,8.3,Yes,3,12.0,Dorm,Yes,High,8,2,10,Auditory,9.9,66
122264,24,Other,Engineering,3.1,3.8,0.3,Yes,57.5,6.9,Fair,2,Some College,Low,6.5,No,2.56,7,9.8,Yes,1,8.8,Quiet Room,Yes,Low,5,2,10,Auditory,7.9,62
122265,20,Female,Computer Science,3.422468961613852,1.6,0.0,Yes,78.3,6.9,Good,4,Bachelor,High,3.6,Yes,2.59,6,10.0,Yes,4,5.6,Cafe,No,Low,6,3,10,Visual,2.4,58
122304,23,Female,Business,0.0,2.7,0.6,Yes,81.6,7.3,Fair,4,High School,High,4.6,No,3.26,7,8.3,Yes,5,4.1,Cafe,No,High,1,1,10,Visual,3.6,76
122308,26,Other,Arts,5.6,0.9,1.0,Yes,44.5,6.2,Good,6,Master,Low,3.1,No,2.57,5,8.8,Yes,3,8.1,Cafe,No,Medium,10,2,10,Auditory,9.7,65
122321,16,Male,Biology,7.7,4.6,0.2,Yes,67.8,9.3,Good,4,Bachelor,High,3.7,Yes,4.0,5,8.5,Yes,5,13.8,Dorm,No,High,9,3,10,Visual,5.2,95
122366,22,Female,Computer Science,0.5242880434806773,4.8,3.1,No,56.1,5.4,Fair,0,Master,Low,5.6,Yes,2.76,4,8.5,Yes,5,9.4,Co-Learning Group,Yes,Low,4,3,10,Visual,1.5,69
122368,27,Male,Biology,4.2,3.3,1.7,No,76.6,4.2,Good,4,PhD,Medium,8.6,Yes,4.0,2,9.3,Yes,0,11.1,Quiet Room,No,Low,4,2,10,Kinesthetic,9.3,95
122391,27,Female,Engineering,1.7,0.9,3.0,No,97.4,6.1,Poor,6,Some College,Medium,6.3,No,4.0,5,8.5,Yes,0,7.5,Co-Learning Group,No,High,8,3,10,Reading,3.4,100
122410,16,Male,Computer Science,8.154197184887192,1.8,0.4,Yes,94.8,9.3,Poor,4,PhD,Low,4.5,No,4.0,6,8.7,Yes,5,10.5,Quiet Room,Yes,Medium,4,2,10,Kinesthetic,4.7,97
122468,18,Male,Business,2.2,4.5,3.8,Yes,41.0,10.0,Fair,1,Master,Low,6.1,No,2.41,5,8.4,Yes,2,11.8,Cafe,No,Low,5,2,10,Auditory,7.1,62
122505,26,Other,Biology,4.2,3.7,1.7,No,54.2,9.5,Fair,1,High School,Medium,6.9,No,4.0,3,9.3,Yes,4,11.6,Dorm,Yes,Medium,4,1,10,Auditory,7.4,96
122530,18,Female,Biology,2.2,2.5,3.5,Yes,55.2,9.1,Good,2,Bachelor,High,2.8,No,2.79,1,8.6,Yes,3,9.8,Dorm,Yes,Medium,7,1,10,Auditory,9.8,72
122537,23,Other,Arts,2.9,3.4,3.7,Yes,88.0,8.6,Good,0,High School,Medium,8.3,Yes,3.95,6,9.2,Yes,5,11.0,Co-Learning Group,No,High,9,2,10,Auditory,2.4,99
122554,19,Other,Arts,6.5,1.5,1.4,Yes,98.6,5.7,Poor,2,High School,Medium,6.8,No,3.94,8,8.3,Yes,1,10.9,Cafe,Yes,Low,8,3,10,Kinesthetic,4.8,99
122606,21,Male,Arts,6.3,4.8,0.9,No,56.4,4.0,Good,0,PhD,Low,4.5,Yes,4.0,7,9.0,Yes,4,13.8,Quiet Room,No,Medium,10,3,10,Visual,6.9,98
122632,26,Male,Computer Science,2.475048221658486,4.3,0.3,No,96.0,7.6,Fair,6,Some College,Medium,6.1,Yes,3.56,8,8.8,Yes,3,8.2,Quiet Room,Yes,High,3,1,10,Auditory,4.8,85
122642,16,Other,Engineering,1.4,1.5,1.2,Yes,78.6,7.3,Good,1,Master,Low,8.0,No,3.28,4,8.5,Yes,4,5.1,Quiet Room,No,High,6,3,10,Reading,8.3,90
122645,27,Female,Computer Science,3.982797417797999,2.2,1.5,No,53.0,10.6,Good,1,High School,Low,5.4,Yes,4.0,1,8.9,Yes,0,8.4,Cafe,No,Medium,7,2,10,Kinesthetic,3.3,99
122687,20,Other,Biology,4.2,0.4,1.0,Yes,72.3,4.5,Good,7,High School,High,6.4,Yes,3.65,2,8.7,Yes,3,7.0,Dorm,Yes,Medium,10,3,10,Kinesthetic,5.2,90
122737,24,Female,Computer Science,6.8280347358183455,2.8,1.1,Yes,62.3,9.5,Fair,5,Bachelor,Low,3.7,No,4.0,6,8.4,Yes,1,12.1,Co-Learning Group,No,High,4,2,10,Kinesthetic,7.0,100
122744,22,Female,Psychology,3.7,1.6,2.3,Yes,94.4,9.4,Good,5,Some College,High,3.6,No,3.32,6,8.2,Yes,1,8.2,Quiet Room,Yes,Low,8,2,10,Visual,8.8,78
122771,18,Other,Business,6.7,1.0,1.3,No,71.4,5.9,Good,3,Some College,Medium,5.3,No,4.0,1,8.4,Yes,2,10.2,Cafe,Yes,Low,5,3,10,Reading,7.8,97
122804,25,Other,Psychology,6.0,1.7,2.1,Yes,83.8,5.7,Good,5,Some College,Low,2.3,No,4.0,1,9.7,Yes,4,9.9,Cafe,Yes,High,5,3,10,Auditory,4.4,100
122813,23,Female,Psychology,1.5,0.3,0.5,Yes,44.6,6.9,Poor,1,High School,High,5.8,No,2.45,2,8.5,Yes,2,2.9,Quiet Room,No,Medium,7,2,10,Kinesthetic,9.1,58
122834,20,Male,Engineering,5.8,0.5,0.9,Yes,53.9,9.0,Poor,0,Some College,Low,4.9,Yes,2.79,4,8.1,Yes,5,9.1,Quiet Room,Yes,Medium,1,1,10,Auditory,8.5,78
122862,22,Female,Arts,2.5,2.2,1.3,Yes,43.8,8.5,Poor,2,PhD,Low,6.4,Yes,4.0,7,9.1,Yes,2,7.2,Co-Learning Group,Yes,High,4,2,10,Auditory,7.6,100
122961,17,Other,Business,1.9,2.7,2.5,No,77.9,5.8,Fair,5,Master,High,3.1,No,3.69,6,8.5,Yes,5,9.0,Co-Learning Group,Yes,High,1,3,10,Auditory,8.0,94
123013,21,Male,Engineering,2.1,0.3,3.6,Yes,63.7,7.8,Good,6,Some College,Low,8.4,Yes,2.28,8,9.7,Yes,0,6.1,Library,No,Medium,1,3,10,Reading,7.2,51
123038,22,Female,Biology,5.2,4.6,3.4,No,53.1,5.7,Good,7,Master,High,8.9,No,3.31,4,8.5,Yes,4,13.3,Library,No,Medium,3,1,10,Reading,4.2,81
123053,28,Female,Business,6.1,0.5,1.8,No,42.5,8.2,Poor,5,PhD,Medium,5.0,Yes,4.0,3,9.1,Yes,3,8.9,Quiet Room,Yes,Low,1,1,10,Reading,8.0,100
123176,23,Male,Biology,4.3,4.4,2.8,Yes,57.1,9.0,Fair,1,Master,High,7.9,Yes,2.49,7,8.3,Yes,2,11.5,Library,No,Medium,9,1,10,Auditory,5.1,53
123180,17,Male,Computer Science,6.303000271684386,2.1,3.2,Yes,73.1,8.1,Fair,1,High School,Low,2.2,No,3.98,8,10.0,Yes,3,12.4,Library,Yes,Medium,10,1,10,Kinesthetic,9.7,100
123235,18,Other,Arts,0.8,4.0,1.4,Yes,96.2,6.9,Fair,7,High School,Low,8.5,No,2.19,3,9.0,Yes,3,6.2,Dorm,Yes,Medium,4,2,10,Visual,5.9,53
123280,26,Male,Biology,2.8,4.8,0.2,No,65.7,7.8,Poor,1,Bachelor,Low,6.2,Yes,3.02,3,8.7,Yes,5,8.0,Quiet Room,Yes,High,5,3,10,Auditory,4.6,79
123331,17,Other,Psychology,5.9,1.9,1.9,Yes,90.9,7.6,Good,6,Bachelor,Medium,5.2,Yes,3.88,4,8.4,Yes,4,11.1,Dorm,Yes,Medium,2,2,10,Visual,4.6,91
123332,21,Male,Engineering,2.5,4.5,0.8,No,71.1,7.5,Good,1,PhD,Medium,4.6,No,3.32,8,8.6,Yes,3,8.6,Cafe,Yes,High,1,1,10,Kinesthetic,5.7,89
123391,24,Male,Arts,5.2,3.7,1.1,Yes,90.9,4.6,Fair,2,PhD,High,2.6,Yes,2.79,5,9.0,Yes,0,11.9,Co-Learning Group,No,Medium,3,2,10,Auditory,9.5,69
123438,24,Male,Psychology,2.3,3.0,0.4,No,77.2,5.4,Good,7,High School,Medium,8.8,No,2.75,2,8.9,Yes,5,6.2,Quiet Room,No,Medium,5,2,10,Visual,6.2,67
123483,22,Male,Psychology,9.3,1.9,0.5,Yes,58.8,6.9,Good,0,Some College,Medium,5.2,No,4.0,1,9.9,Yes,4,11.9,Library,Yes,Low,6,2,10,Reading,5.2,100
123568,17,Male,Computer Science,5.993122569545987,2.8,2.3,Yes,96.0,6.4,Poor,4,Some College,Medium,3.3,No,3.43,7,10.0,Yes,0,11.5,Quiet Room,Yes,Medium,2,2,10,Kinesthetic,4.2,79
123580,22,Male,Psychology,4.1,2.0,1.6,Yes,56.5,7.7,Good,7,Some College,High,8.9,Yes,4.0,1,9.6,Yes,4,9.4,Dorm,No,Medium,7,1,10,Visual,9.6,100
123708,24,Male,Psychology,5.4,2.9,2.3,Yes,81.4,6.4,Fair,0,High School,Medium,3.5,No,3.71,1,8.3,Yes,1,12.1,Co-Learning Group,No,Low,1,3,10,Kinesthetic,9.4,92
123774,28,Male,Engineering,0.5,1.4,2.6,No,85.1,5.8,Fair,6,Master,High,8.3,Yes,4.0,7,8.9,Yes,4,5.7,Quiet Room,Yes,Low,10,2,10,Visual,6.1,100
123783,18,Female,Business,6.0,4.6,3.5,No,68.5,4.2,Good,3,Bachelor,High,5.6,Yes,4.0,5,8.1,Yes,2,15.8,Library,No,Low,6,2,10,Reading,3.9,99
123871,27,Female,Biology,2.2,3.9,3.1,Yes,94.2,9.0,Fair,7,Bachelor,Low,8.2,No,4.0,1,9.2,Yes,0,10.2,Library,Yes,Medium,1,2,10,Auditory,9.7,96
123892,16,Male,Psychology,6.4,1.8,1.5,No,85.8,8.0,Good,3,Master,Low,4.0,Yes,4.0,7,10.0,Yes,1,11.3,Quiet Room,No,Low,8,3,10,Reading,6.9,100
124043,23,Female,Computer Science,5.434252084101661,0.8,2.8,Yes,68.0,7.4,Poor,0,Master,Low,9.1,No,2.11,1,9.6,Yes,4,9.1,Dorm,No,Medium,10,1,10,Kinesthetic,9.3,52
124185,21,Male,Biology,6.4,4.7,1.5,Yes,81.6,6.7,Fair,0,Some College,Medium,8.3,No,3.41,1,8.4,Yes,5,13.2,Cafe,No,Medium,7,3,10,Auditory,9.1,82
124307,23,Female,Business,2.5,1.1,2.5,No,62.7,5.5,Fair,5,Bachelor,Medium,5.1,Yes,2.72,7,8.2,Yes,5,6.9,Library,Yes,Medium,8,3,10,Auditory,3.2,74
124330,19,Male,Arts,7.1,2.2,3.0,No,62.0,8.2,Fair,6,PhD,Low,7.199999999999999,Yes,3.5,5,9.6,Yes,3,12.9,Dorm,No,Medium,2,1,10,Reading,3.2,91
124346,26,Other,Engineering,6.1,2.3,3.1,No,65.8,8.7,Good,4,Master,Medium,6.6,No,4.0,4,8.6,Yes,2,12.2,Co-Learning Group,No,Medium,3,2,10,Visual,9.0,100
124421,20,Male,Arts,4.0,1.6,0.2,Yes,86.5,5.9,Poor,1,High School,High,3.8,No,3.45,6,8.1,Yes,2,7.1,Cafe,No,High,1,3,10,Auditory,2.3,92
124424,19,Other,Biology,3.0,3.3,1.6,Yes,67.4,6.8,Good,3,High School,Low,8.6,No,4.0,7,9.8,Yes,2,8.1,Library,No,Low,7,3,10,Visual,3.0,100
124520,25,Female,Business,0.0,2.6,2.8,Yes,72.5,6.4,Poor,3,High School,Low,5.6,Yes,2.06,8,9.3,Yes,2,5.9,Cafe,No,High,9,3,10,Auditory,2.0,56
124546,22,Other,Psychology,6.3,3.9,1.4,Yes,40.0,8.3,Good,2,PhD,High,3.8,Yes,2.69,5,8.4,Yes,2,12.0,Cafe,No,Medium,5,2,10,Reading,5.6,65
124571,21,Other,Biology,4.2,0.0,2.0,No,94.1,8.8,Fair,3,Some College,High,1.9,No,3.19,5,8.5,Yes,1,7.1,Cafe,No,Medium,8,1,10,Kinesthetic,2.7,84
124644,20,Male,Engineering,4.8,4.4,3.0,No,50.4,7.0,Poor,4,PhD,Medium,7.199999999999999,Yes,3.61,5,9.8,Yes,0,14.0,Dorm,No,High,7,2,10,Kinesthetic,2.4,87
124648,23,Male,Computer Science,3.9135312306497214,0.6,0.8,No,75.9,4.6,Poor,5,Some College,Medium,3.7,No,3.9,5,8.4,Yes,3,6.6,Quiet Room,No,High,7,2,10,Auditory,7.4,96
124913,28,Female,Computer Science,3.837308587965839,2.1,0.9,No,63.5,9.0,Poor,5,Some College,Medium,5.2,No,4.0,6,8.5,Yes,0,6.9,Co-Learning Group,Yes,Low,4,1,10,Auditory,1.3,92
124977,24,Male,Arts,4.2,2.5,2.8,Yes,49.3,5.4,Good,5,Bachelor,Medium,6.4,Yes,2.41,3,8.8,Yes,3,10.6,Cafe,Yes,High,9,2,10,Kinesthetic,3.2,51
124991,18,Other,Business,4.6,2.9,3.7,Yes,65.5,6.6,Good,1,High School,Medium,5.6,Yes,2.37,2,8.4,Yes,0,12.1,Co-Learning Group,No,High,10,3,10,Reading,2.1,55
125019,26,Female,Computer Science,7.568288416327052,0.2,3.6,No,72.1,7.0,Good,6,Some College,Medium,3.2,Yes,3.64,8,10.0,Yes,5,13.1,Dorm,Yes,High,5,2,10,Reading,8.2,90
125342,17,Female,Computer Science,6.956488584318997,4.9,0.6,No,71.9,7.9,Fair,5,Master,Low,5.0,Yes,4.0,5,9.3,Yes,3,13.4,Cafe,No,Low,10,2,10,Kinesthetic,7.0,98
125351,25,Female,Business,0.2,2.0,2.5,Yes,45.1,7.7,Good,5,Master,Low,6.3,Yes,3.41,1,8.4,Yes,0,6.0,Cafe,No,High,6,2,10,Kinesthetic,7.5,80
125393,21,Female,Psychology,1.6,3.4,0.1,No,92.5,4.9,Fair,7,PhD,Medium,6.3,No,2.8,2,9.1,Yes,0,6.6,Dorm,No,High,6,3,10,Auditory,9.6,66
125443,25,Other,Biology,2.9,1.1,2.3,Yes,50.2,7.7,Good,0,Bachelor,High,5.8,Yes,3.23,5,8.7,Yes,0,6.4,Library,Yes,Low,5,2,10,Visual,10.0,88
125454,16,Female,Business,3.3,4.0,1.3,Yes,59.3,10.1,Poor,6,Master,High,5.5,Yes,4.0,4,8.4,Yes,3,9.5,Cafe,Yes,High,2,1,10,Reading,4.3,100
125463,23,Male,Computer Science,5.859754613927791,2.8,1.2,No,59.0,5.6,Fair,4,High School,Medium,5.0,No,2.76,4,8.6,Yes,0,10.4,Dorm,Yes,Low,6,3,10,Kinesthetic,5.3,66
125469,25,Male,Biology,4.7,2.4,2.4,No,85.5,8.1,Good,7,High School,High,8.7,Yes,4.0,5,8.5,Yes,1,9.8,Co-Learning Group,Yes,Medium,6,1,10,Visual,3.0,95
125489,28,Male,Psychology,3.6,2.3,3.8,No,98.6,8.5,Fair,4,High School,High,8.1,Yes,3.96,4,8.7,Yes,2,11.4,Cafe,No,Medium,10,1,10,Reading,2.7,97
125504,16,Other,Biology,3.8,0.9,2.4,Yes,52.5,6.1,Good,6,PhD,High,3.4000000000000004,Yes,4.0,4,9.7,Yes,5,7.2,Quiet Room,Yes,Low,5,2,10,Kinesthetic,6.6,99
125542,26,Other,Arts,4.9,2.8,0.8,Yes,47.2,7.3,Fair,2,Bachelor,Low,8.8,No,4.0,3,9.5,Yes,2,9.0,Library,No,Low,6,3,10,Visual,2.4,93
125554,22,Female,Computer Science,7.149521818275086,1.2,0.1,Yes,90.7,7.7,Poor,5,High School,Medium,6.6,Yes,3.75,7,9.6,Yes,0,9.9,Quiet Room,No,Low,6,2,10,Reading,7.5,94
125557,24,Female,Business,3.0,2.2,1.4,Yes,54.6,6.8,Good,1,Master,High,7.699999999999999,Yes,2.29,5,9.9,Yes,2,7.5,Cafe,Yes,High,6,3,10,Auditory,4.5,60
125582,20,Male,Business,1.1,0.5,3.3,Yes,57.9,4.5,Good,1,Bachelor,High,7.1,Yes,2.05,7,9.0,Yes,2,5.0,Library,Yes,Medium,1,2,10,Visual,1.1,59
125652,19,Female,Engineering,3.7,4.2,1.6,No,83.7,7.2,Fair,4,Master,Low,9.3,Yes,3.05,5,9.3,Yes,1,10.6,Quiet Room,No,Medium,2,3,10,Kinesthetic,4.3,69
125726,21,Male,Biology,3.0,3.0,2.5,Yes,71.7,7.9,Fair,1,Master,High,4.6,No,3.43,4,8.3,Yes,4,9.8,Cafe,Yes,High,1,1,10,Visual,6.4,77
125793,19,Male,Arts,5.4,3.6,3.7,No,60.6,10.6,Fair,2,High School,High,1.0,Yes,3.76,6,10.0,Yes,0,13.7,Library,No,Low,6,1,10,Visual,8.4,90
125834,28,Other,Biology,2.8,1.9,3.0,No,64.7,5.5,Fair,5,PhD,Medium,5.8,No,3.96,1,8.3,Yes,1,7.9,Dorm,Yes,Low,9,3,10,Reading,3.5,100
125883,28,Male,Computer Science,4.900810829696563,3.2,2.4,No,76.9,6.1,Good,1,Bachelor,High,8.3,No,3.01,8,9.7,Yes,5,12.1,Co-Learning Group,Yes,High,10,2,10,Visual,3.4,92
125927,16,Other,Engineering,3.3,2.2,3.4,Yes,71.3,9.9,Good,2,PhD,Low,2.9,Yes,4.0,5,9.1,Yes,1,9.6,Cafe,Yes,High,4,2,10,Visual,2.6,100
126018,17,Female,Business,8.1,1.2,1.3,No,88.8,7.2,Good,4,Some College,Medium,5.7,Yes,4.0,1,8.8,Yes,5,10.9,Co-Learning Group,Yes,Low,10,2,10,Auditory,5.6,100
126021,28,Other,Business,3.9,3.4,2.9,No,84.9,7.1,Fair,6,Master,High,1.6,No,4.0,6,8.3,Yes,3,10.7,Cafe,Yes,Medium,6,1,10,Kinesthetic,3.7,93
126062,28,Female,Computer Science,6.995709615509524,4.9,0.8,Yes,73.3,8.9,Good,6,PhD,Low,8.2,No,3.17,6,8.5,Yes,0,14.4,Library,Yes,High,5,2,10,Auditory,2.2,81
126120,28,Female,Engineering,4.1,0.3,2.3,Yes,83.5,7.8,Good,4,PhD,High,4.6,No,3.25,4,8.3,Yes,4,7.0,Dorm,No,Low,6,3,10,Visual,1.3,80
126190,21,Male,Biology,7.0,1.5,1.9,No,64.5,7.2,Good,5,PhD,High,5.7,Yes,3.25,6,9.7,Yes,0,11.6,Dorm,Yes,Low,2,2,10,Kinesthetic,4.9,74
126278,22,Female,Psychology,2.5,1.6,1.7,Yes,54.7,7.1,Good,6,PhD,Low,2.9,Yes,3.99,1,8.5,Yes,3,6.3,Co-Learning Group,No,Medium,10,1,10,Auditory,3.9,94
126298,25,Male,Engineering,5.2,0.5,3.4,No,42.5,7.0,Fair,5,High School,High,3.7,Yes,4.0,1,8.4,Yes,4,9.8,Library,Yes,Low,7,1,10,Auditory,2.6,100
126321,18,Female,Arts,7.4,4.6,1.6,Yes,91.9,8.0,Good,4,Some College,Medium,4.5,Yes,3.46,1,8.9,Yes,4,15.6,Cafe,Yes,High,1,3,10,Auditory,8.3,83
126392,16,Female,Biology,4.0,2.9,1.1,No,95.4,6.8,Fair,0,Some College,Medium,3.1,No,2.3,6,9.0,Yes,0,8.2,Dorm,Yes,Low,5,3,10,Visual,7.1,56
126472,17,Female,Psychology,4.9,3.4,2.6,No,98.0,9.6,Good,4,Master,Medium,5.5,Yes,3.74,1,8.6,Yes,3,12.2,Quiet Room,Yes,Low,4,1,10,Kinesthetic,2.2,95
126588,26,Other,Biology,4.5,1.8,0.2,No,86.3,7.2,Fair,7,Bachelor,Medium,7.699999999999999,Yes,3.36,5,8.1,Yes,1,7.8,Library,No,Low,9,1,10,Kinesthetic,7.6,83
126596,19,Male,Business,2.8,2.5,3.4,Yes,95.0,9.3,Good,2,Master,Low,6.7,Yes,2.9,6,10.0,Yes,3,9.5,Cafe,No,High,2,2,10,Kinesthetic,4.6,74
126598,26,Female,Computer Science,5.279020718581478,1.0,0.0,No,66.1,4.0,Good,3,High School,Low,3.9,Yes,4.0,3,8.1,Yes,3,8.1,Cafe,No,High,1,2,10,Kinesthetic,2.4,98
126665,17,Male,Arts,3.6,3.9,2.8,No,71.2,9.8,Good,3,Some College,Low,4.2,No,4.0,2,9.9,Yes,5,11.2,Co-Learning Group,No,Low,8,3,10,Visual,5.2,100
126688,24,Female,Business,5.7,0.7,3.7,No,85.4,6.0,Good,0,Some College,Medium,3.5,No,3.82,1,10.0,Yes,2,10.7,Quiet Room,No,Low,5,2,10,Auditory,7.0,92
126777,17,Other,Computer Science,2.5560439747807555,2.5,4.0,No,63.4,7.5,Good,3,High School,Low,7.800000000000001,Yes,3.97,4,8.4,Yes,1,10.6,Library,No,Medium,6,1,10,Visual,7.3,100
126783,25,Female,Computer Science,4.437760739237538,2.5,1.2,Yes,89.2,4.8,Good,2,High School,Low,6.6,No,2.17,1,10.0,Yes,4,9.8,Dorm,Yes,Low,4,3,10,Reading,4.8,59
126808,16,Female,Business,6.5,3.5,3.5,Yes,67.3,7.1,Good,0,Master,High,6.0,No,4.0,3,8.4,Yes,3,13.9,Quiet Room,Yes,High,7,3,10,Visual,2.1,99
126819,16,Female,Biology,5.6,0.9,3.8,Yes,87.3,7.1,Fair,5,PhD,High,4.1,Yes,3.31,8,9.5,Yes,5,12.1,Dorm,Yes,Medium,4,3,10,Visual,7.5,81
126996,25,Male,Arts,0.3,0.5,0.6,Yes,55.0,7.3,Good,6,Some College,Low,7.0,Yes,2.29,7,9.0,Yes,1,1.8,Library,Yes,Medium,5,3,10,Reading,8.4,57
127007,24,Male,Biology,2.2,3.1,1.6,No,96.6,6.2,Fair,1,Bachelor,Medium,2.5,No,3.05,2,8.1,Yes,3,8.6,Quiet Room,Yes,Medium,6,2,10,Auditory,6.7,80
127118,26,Female,Biology,3.2,0.1,3.6,Yes,88.5,6.1,Good,0,High School,Medium,4.5,Yes,2.85,2,9.7,Yes,2,7.5,Cafe,No,High,7,3,10,Kinesthetic,1.2,68
127155,26,Female,Arts,5.0,3.0,3.5,Yes,47.9,6.3,Poor,2,High School,Low,4.6,Yes,4.0,8,8.5,Yes,3,11.7,Cafe,No,Low,6,2,10,Kinesthetic,3.5,98
127309,23,Other,Arts,0.0,3.7,1.0,No,66.4,7.5,Poor,7,PhD,Medium,4.5,Yes,3.11,8,10.0,Yes,3,6.5,Dorm,Yes,Medium,9,1,10,Reading,8.1,73
127430,27,Other,Computer Science,4.182656091505629,3.5,3.6,Yes,50.3,9.6,Good,4,Bachelor,Medium,4.0,Yes,2.65,1,8.4,Yes,3,13.2,Quiet Room,No,Medium,8,2,10,Visual,6.3,78
127432,16,Male,Psychology,9.1,1.6,3.9,Yes,43.9,9.4,Good,3,High School,Low,3.4000000000000004,No,3.96,3,10.0,Yes,3,16.6,Library,Yes,High,7,3,10,Kinesthetic,5.3,100
127530,28,Other,Psychology,3.4,3.0,2.0,No,62.1,5.9,Poor,7,Bachelor,Medium,7.199999999999999,No,3.21,7,8.9,Yes,3,8.9,Cafe,No,High,7,2,10,Auditory,1.3,87
127670,19,Male,Engineering,6.0,1.2,3.1,No,42.5,4.8,Good,0,PhD,Low,5.3,Yes,4.0,1,8.3,Yes,4,11.5,Library,No,Medium,4,3,10,Auditory,1.2,97
127713,25,Other,Biology,3.6,2.5,0.4,Yes,43.3,10.2,Fair,3,PhD,High,5.4,Yes,3.1,6,8.6,Yes,3,7.9,Cafe,No,Medium,10,3,10,Reading,7.4,73
127786,28,Other,Business,5.1,0.8,1.7,No,40.1,5.3,Poor,0,Bachelor,High,7.199999999999999,No,2.66,1,9.2,Yes,1,7.8,Library,No,High,9,3,10,Visual,1.9,61
127803,24,Male,Arts,4.6,3.4,1.9,Yes,72.4,6.7,Good,1,Some College,Medium,6.9,Yes,3.77,3,9.1,Yes,0,11.0,Dorm,Yes,High,3,1,10,Reading,8.3,97
127939,21,Other,Arts,6.0,3.4,1.1,No,95.6,5.3,Good,4,Some College,Low,6.8,No,4.0,6,8.4,Yes,3,10.9,Cafe,Yes,High,6,2,10,Kinesthetic,3.5,98
128017,22,Male,Arts,1.4,2.4,2.5,No,92.0,7.3,Good,5,Master,Medium,4.1,No,3.86,7,10.0,Yes,5,6.4,Library,Yes,High,6,3,10,Auditory,6.3,86
128079,20,Male,Arts,5.8,2.3,0.3,Yes,63.3,6.9,Good,5,PhD,High,9.0,No,3.71,7,9.9,Yes,0,9.7,Cafe,Yes,Medium,1,1,10,Kinesthetic,1.5,98
128104,23,Female,Biology,7.5,1.9,3.6,No,98.4,8.5,Poor,3,Master,Medium,8.7,No,3.98,4,8.1,Yes,3,14.5,Quiet Room,Yes,Medium,3,1,10,Kinesthetic,2.0,94
128116,18,Male,Biology,7.1,4.2,1.9,Yes,49.2,7.2,Poor,0,Master,Medium,9.0,No,3.41,7,9.7,Yes,5,13.2,Library,No,High,1,1,10,Visual,4.1,84
128186,19,Female,Engineering,4.4,3.3,0.2,No,44.1,4.8,Good,2,PhD,High,7.6,No,3.14,4,8.8,Yes,2,8.6,Dorm,No,Medium,1,1,10,Auditory,1.5,80
128229,28,Male,Arts,7.5,2.3,0.8,Yes,97.9,7.1,Poor,4,Some College,Low,6.3,Yes,3.55,6,9.8,Yes,3,11.8,Quiet Room,No,High,2,3,10,Kinesthetic,7.3,79
128299,17,Male,Computer Science,4.096868804981396,3.9,3.5,No,86.0,9.4,Good,5,Some College,High,6.6,Yes,3.94,4,8.3,Yes,5,12.7,Cafe,No,Low,3,2,10,Kinesthetic,3.3,94
128521,20,Other,Psychology,0.0,1.9,2.8,No,79.8,9.2,Good,4,Master,High,1.7000000000000002,No,3.68,6,8.6,Yes,2,5.9,Quiet Room,No,Low,10,3,10,Reading,9.2,88
128541,23,Other,Psychology,4.8,4.7,2.1,Yes,44.5,7.7,Fair,2,PhD,High,6.0,No,2.91,1,8.5,Yes,3,13.0,Dorm,Yes,High,8,3,10,Visual,6.9,76
128594,18,Male,Business,4.3,2.7,3.4,Yes,97.4,6.3,Fair,6,Some College,Medium,4.1,Yes,4.0,8,9.2,Yes,3,11.1,Quiet Room,No,Low,1,1,10,Visual,4.9,96
128710,24,Female,Computer Science,4.2829268405032295,1.1,0.8,Yes,70.6,6.8,Fair,6,Bachelor,Low,7.5,Yes,2.77,2,10.0,Yes,1,7.7,Co-Learning Group,No,Medium,1,2,10,Reading,5.8,74
128720,26,Female,Psychology,2.5,0.9,0.8,Yes,71.7,6.6,Good,3,Bachelor,Low,7.9,No,3.42,8,8.8,Yes,1,5.9,Co-Learning Group,No,Medium,8,1,10,Reading,2.5,88
128782,22,Female,Computer Science,7.244954641349904,0.8,3.0,Yes,58.0,6.0,Good,2,PhD,Low,8.1,No,4.0,1,8.3,Yes,1,11.7,Library,Yes,Medium,2,1,10,Auditory,9.9,98
128841,24,Male,Biology,5.3,3.5,0.6,No,72.3,9.9,Poor,3,Bachelor,High,5.5,Yes,2.92,5,8.1,Yes,3,9.8,Quiet Room,Yes,Low,2,2,10,Reading,3.1,78
128908,16,Other,Engineering,3.7,1.4,0.6,No,81.7,7.4,Fair,0,PhD,Medium,6.6,Yes,3.86,8,8.3,Yes,0,7.7,Cafe,Yes,High,4,1,10,Auditory,4.7,93
128970,19,Male,Engineering,4.8,1.4,0.4,Yes,72.7,9.7,Good,2,High School,Medium,5.9,Yes,4.0,7,9.0,Yes,0,7.0,Co-Learning Group,Yes,Medium,7,3,10,Kinesthetic,7.4,100
128984,24,Female,Biology,3.0,2.7,0.2,Yes,97.2,4.8,Good,1,Some College,Medium,5.8,No,3.07,1,8.3,Yes,0,6.7,Dorm,No,High,8,1,10,Visual,2.4,74
129022,25,Other,Arts,3.7,1.4,0.6,No,68.8,7.6,Poor,2,Bachelor,Low,7.9,No,3.48,8,8.9,Yes,2,7.3,Cafe,Yes,Medium,8,3,10,Visual,1.7,86
129073,22,Other,Computer Science,4.308739172264953,2.2,2.7,No,73.0,7.3,Good,2,High School,Medium,8.7,Yes,2.81,6,8.9,Yes,4,11.1,Co-Learning Group,No,Medium,6,1,10,Kinesthetic,6.4,73
129079,25,Female,Psychology,1.8,4.3,3.8,Yes,65.2,8.1,Good,5,PhD,Medium,6.4,Yes,2.82,5,8.4,Yes,2,10.1,Library,Yes,Medium,2,2,10,Auditory,1.1,74
129092,26,Male,Psychology,1.5,0.6,1.6,No,43.7,9.3,Good,4,Some College,Low,5.9,No,3.56,6,8.4,Yes,3,3.9,Cafe,Yes,Low,4,3,10,Kinesthetic,6.6,94
129114,16,Male,Psychology,2.2,4.0,0.4,No,62.4,4.6,Good,5,High School,High,7.199999999999999,No,4.0,7,10.0,Yes,0,8.2,Quiet Room,Yes,Low,6,2,10,Visual,3.4,100
129135,18,Male,Arts,0.0,1.3,0.3,No,86.9,9.1,Fair,7,Some College,Medium,6.7,No,4.0,4,8.6,Yes,2,3.3,Co-Learning Group,Yes,High,10,2,10,Kinesthetic,7.5,100
129216,18,Female,Engineering,2.0,0.6,3.8,Yes,52.0,4.6,Poor,5,PhD,Low,3.1,No,2.54,5,8.8,Yes,3,7.9,Quiet Room,No,High,9,3,10,Visual,4.7,67
129275,21,Male,Business,0.1,2.0,2.4,Yes,66.1,7.4,Poor,1,Bachelor,Medium,5.2,Yes,2.56,8,8.3,Yes,5,5.9,Cafe,No,Low,4,1,10,Kinesthetic,3.4,57
129309,22,Other,Biology,0.8,1.9,1.5,No,53.7,7.2,Good,1,Master,Low,6.3,No,2.35,4,9.3,Yes,2,5.2,Cafe,No,Low,3,3,10,Kinesthetic,6.9,60
129321,18,Male,Biology,7.8,4.8,3.2,No,49.2,6.6,Good,7,PhD,Low,5.0,Yes,4.0,8,9.5,Yes,1,16.7,Library,Yes,Low,5,1,10,Reading,8.6,100
129395,20,Male,Engineering,1.8,0.4,1.3,Yes,86.1,8.7,Good,3,Bachelor,High,5.7,No,2.55,4,8.1,Yes,5,4.6,Library,No,Low,5,1,10,Reading,7.1,57
129401,23,Other,Computer Science,5.324019844849922,4.7,0.5,Yes,71.4,6.5,Good,3,Bachelor,Low,4.9,Yes,2.85,5,8.4,Yes,1,12.2,Library,Yes,Low,2,1,10,Auditory,7.7,73
129585,26,Female,Arts,1.8,4.7,0.7,No,71.8,8.9,Good,5,Master,Medium,4.6,No,2.97,4,8.5,Yes,5,9.0,Library,No,High,9,3,10,Reading,2.9,78
129587,27,Female,Biology,0.0,0.4,0.5,Yes,78.2,10.2,Good,3,Some College,Medium,5.8,No,2.7,8,9.5,Yes,3,1.5,Quiet Room,No,Medium,10,3,10,Reading,5.6,65
129603,24,Other,Psychology,6.2,1.8,1.3,No,60.7,7.1,Fair,3,PhD,Medium,6.4,Yes,3.57,4,10.0,Yes,5,10.5,Quiet Room,Yes,High,6,3,10,Auditory,2.3,89
129636,22,Other,Arts,4.6,1.3,0.6,No,95.6,7.9,Poor,4,Bachelor,Low,3.0,Yes,2.66,4,8.2,Yes,5,6.6,Dorm,Yes,Medium,7,3,10,Visual,8.4,69
129753,26,Female,Engineering,3.3,3.2,3.0,Yes,89.4,9.7,Fair,3,Master,Low,3.0,Yes,2.91,4,9.1,Yes,1,9.5,Cafe,No,Medium,1,1,10,Kinesthetic,8.7,73
129782,18,Female,Business,0.4,3.9,1.3,Yes,55.3,6.0,Good,5,Bachelor,Medium,3.5,Yes,3.51,7,8.6,Yes,1,6.0,Cafe,No,Low,9,2,10,Reading,7.4,86
129819,16,Female,Psychology,5.3,4.1,3.5,Yes,58.7,5.5,Good,1,Master,High,3.7,No,3.17,6,10.0,Yes,3,13.6,Quiet Room,No,High,9,2,10,Visual,1.8,80
129868,16,Other,Computer Science,6.7442981715244015,1.5,0.3,No,74.3,6.7,Good,3,High School,Low,6.4,Yes,4.0,2,8.5,Yes,3,9.1,Dorm,Yes,Low,8,1,10,Reading,3.8,100
129896,23,Other,Engineering,1.7,1.8,0.7,No,49.6,7.4,Fair,1,High School,High,4.7,Yes,3.74,5,9.9,Yes,0,5.2,Co-Learning Group,No,Low,2,1,10,Auditory,3.1,92
129964,20,Male,Engineering,6.7,0.4,0.9,No,81.5,7.4,Fair,5,PhD,Medium,8.0,No,3.63,8,9.7,Yes,3,9.4,Library,Yes,High,8,2,10,Kinesthetic,6.7,95
130122,25,Male,Engineering,1.2,4.9,1.0,Yes,75.3,8.8,Good,4,Bachelor,Medium,7.6,No,2.83,2,8.2,Yes,5,8.9,Dorm,Yes,Medium,10,2,10,Kinesthetic,2.3,69
130292,22,Female,Business,3.8,1.7,0.5,Yes,43.8,8.9,Good,4,PhD,High,6.5,No,4.0,6,9.6,Yes,1,7.1,Cafe,No,Medium,8,3,10,Kinesthetic,2.0,100
130301,19,Female,Business,1.4,2.9,1.5,Yes,88.4,6.5,Good,7,High School,High,6.8,Yes,2.74,5,8.3,Yes,2,7.5,Cafe,No,High,4,1,10,Kinesthetic,7.0,70
130378,16,Other,Computer Science,4.226912922649643,4.2,2.7,Yes,91.9,6.4,Fair,4,Bachelor,Low,6.1,No,2.42,2,8.3,Yes,0,11.8,Quiet Room,No,High,6,1,10,Reading,7.4,55
130388,19,Other,Psychology,4.9,1.5,2.6,Yes,55.7,5.1,Poor,2,Some College,High,5.8,No,2.78,5,8.6,Yes,0,10.1,Dorm,Yes,High,10,2,10,Reading,6.0,63
130502,18,Other,Arts,4.2,4.7,3.3,No,40.1,6.8,Good,2,High School,Medium,5.8,No,3.95,7,8.5,Yes,4,13.2,Quiet Room,Yes,Medium,8,3,10,Visual,6.0,100
130587,19,Female,Arts,1.2,0.5,2.8,Yes,77.7,6.3,Good,4,Master,Low,8.5,Yes,3.4,2,9.7,Yes,1,6.1,Cafe,Yes,Medium,4,1,10,Auditory,9.2,86
130630,23,Female,Computer Science,4.360707268576923,4.9,0.3,Yes,73.8,7.7,Good,0,Bachelor,Low,4.5,Yes,2.35,3,8.3,Yes,1,9.9,Dorm,No,Medium,8,1,10,Kinesthetic,9.6,63
130632,24,Male,Business,6.1,4.0,1.2,No,54.0,6.6,Fair,5,Master,High,6.1,Yes,2.77,8,8.1,Yes,5,12.4,Cafe,No,Low,6,2,10,Visual,9.1,67
130666,25,Other,Psychology,7.0,1.0,3.3,Yes,86.1,10.3,Good,1,Bachelor,High,10.0,No,3.39,8,8.6,Yes,1,12.7,Library,Yes,High,6,1,10,Visual,8.6,84
130697,27,Other,Biology,2.8,1.5,1.4,Yes,72.3,9.2,Good,6,Bachelor,High,4.5,No,2.74,1,8.3,Yes,4,7.3,Quiet Room,Yes,High,6,2,10,Kinesthetic,9.6,71
130726,25,Other,Computer Science,4.124247198632777,1.3,1.5,Yes,86.2,7.5,Good,3,High School,Medium,10.0,No,3.5,6,8.4,Yes,5,8.2,Quiet Room,No,Medium,5,1,10,Kinesthetic,8.4,77
130760,21,Other,Psychology,6.0,2.6,3.1,No,60.8,7.2,Good,1,PhD,Low,9.7,Yes,3.23,8,8.6,Yes,4,12.4,Cafe,Yes,Medium,3,1,10,Auditory,2.8,82
130770,23,Other,Psychology,0.3,3.0,2.2,No,41.4,7.3,Good,7,Some College,Low,4.7,Yes,2.87,5,8.3,Yes,3,5.8,Quiet Room,Yes,Low,7,2,10,Visual,8.1,80
130794,26,Female,Biology,1.8,2.2,1.2,Yes,79.7,7.1,Good,4,PhD,Low,3.9,Yes,4.0,6,8.6,Yes,2,5.5,Library,No,High,2,2,10,Visual,3.6,95
130919,22,Other,Arts,0.1,3.2,2.4,No,75.8,5.6,Good,4,Master,Medium,4.8,Yes,3.95,4,8.1,Yes,2,6.1,Quiet Room,No,High,4,3,10,Reading,4.5,96
131012,25,Female,Business,7.8,3.3,3.2,No,75.7,7.4,Good,1,Master,High,5.0,No,3.95,4,10.0,Yes,3,15.9,Library,No,Medium,1,1,10,Kinesthetic,1.9,95
131086,16,Male,Business,5.9,4.3,0.5,No,94.7,9.0,Poor,5,Master,Medium,7.0,No,3.15,1,8.6,Yes,5,10.9,Dorm,No,Low,10,3,10,Reading,5.8,80
131096,22,Female,Computer Science,5.760139522824799,1.0,3.5,No,95.1,7.7,Good,1,Some College,Medium,8.0,Yes,3.98,2,9.9,Yes,2,10.5,Co-Learning Group,No,Low,1,2,10,Auditory,6.2,100
131139,23,Male,Biology,3.3,0.9,3.9,Yes,77.1,6.4,Fair,0,PhD,High,4.2,Yes,2.86,6,8.8,Yes,3,8.7,Library,No,Low,7,1,10,Reading,8.4,69
131215,27,Male,Engineering,6.5,3.8,3.2,No,57.9,7.4,Good,2,PhD,High,9.6,No,4.0,4,8.2,Yes,2,13.7,Library,Yes,Medium,8,3,10,Reading,7.9,100
131279,23,Other,Computer Science,6.222183057545129,1.2,3.3,No,78.9,5.4,Good,7,PhD,Medium,7.0,Yes,3.65,6,8.5,Yes,4,11.9,Co-Learning Group,No,Low,9,1,10,Auditory,4.6,87
131302,20,Other,Psychology,3.0,0.5,0.2,Yes,52.4,5.9,Fair,5,Master,Medium,5.3,Yes,4.0,2,8.4,Yes,3,3.8,Co-Learning Group,Yes,Medium,1,2,10,Kinesthetic,5.2,97
131352,28,Other,Biology,4.1,4.6,0.6,No,56.5,6.9,Poor,3,PhD,Medium,9.2,Yes,2.57,2,8.4,Yes,1,9.4,Dorm,Yes,Medium,7,2,10,Visual,5.7,71
131416,25,Male,Business,6.1,3.2,3.1,No,78.2,6.3,Fair,3,Bachelor,Low,6.0,No,3.94,3,8.7,Yes,4,14.2,Dorm,No,High,2,3,10,Reading,5.2,100
131467,20,Male,Business,5.5,0.8,1.6,Yes,68.0,7.5,Poor,7,Master,High,8.1,No,3.04,1,9.1,Yes,5,8.7,Dorm,Yes,High,6,1,10,Visual,2.4,78
131470,25,Female,Arts,6.1,2.1,3.5,No,45.2,6.0,Poor,1,Master,Low,7.4,No,4.0,4,8.8,Yes,4,13.5,Quiet Room,Yes,High,7,1,10,Kinesthetic,2.0,95
131492,18,Female,Engineering,7.0,3.4,1.8,Yes,67.6,8.1,Fair,0,Some College,Low,5.2,Yes,3.1,5,9.3,Yes,0,14.1,Quiet Room,Yes,Medium,2,2,10,Visual,3.0,75
131494,22,Male,Psychology,6.0,3.5,3.3,No,51.2,4.0,Fair,5,Some College,Low,4.9,No,3.98,7,8.1,Yes,1,14.0,Cafe,Yes,Low,9,1,10,Reading,8.4,97
131607,22,Other,Psychology,2.6,2.7,3.3,No,95.5,5.1,Fair,5,Bachelor,High,6.6,Yes,3.68,1,10.0,Yes,3,10.2,Cafe,No,Medium,6,2,10,Reading,8.1,98
131763,26,Male,Arts,4.7,3.0,0.1,Yes,80.4,5.2,Poor,6,Bachelor,Low,3.5,No,4.0,6,8.2,Yes,0,9.1,Dorm,No,High,6,2,10,Reading,3.6,93
131939,16,Other,Business,1.8,1.8,3.3,No,52.5,6.6,Fair,2,Master,Medium,8.2,Yes,3.09,2,8.2,Yes,1,7.8,Quiet Room,Yes,High,1,3,10,Reading,7.1,86
132080,25,Female,Biology,5.2,1.5,0.2,Yes,55.4,5.2,Fair,7,Some College,Low,4.9,No,4.0,8,8.5,Yes,1,7.3,Library,Yes,Low,5,3,10,Reading,7.6,100
132085,22,Other,Biology,4.1,2.0,2.0,Yes,72.4,8.8,Good,7,PhD,High,10.0,No,2.58,1,8.9,Yes,4,9.9,Co-Learning Group,No,Low,6,2,10,Auditory,8.6,62
132102,26,Female,Business,5.9,2.2,3.6,Yes,70.0,5.0,Fair,5,Some College,High,7.9,Yes,3.31,4,8.9,Yes,4,12.2,Quiet Room,No,Medium,6,2,10,Auditory,8.6,81
132146,19,Other,Psychology,0.6,1.4,3.3,Yes,47.3,7.1,Good,4,Bachelor,Medium,5.8,Yes,3.94,1,8.3,Yes,1,6.9,Quiet Room,Yes,Medium,7,1,10,Auditory,5.2,92
132149,21,Female,Psychology,5.8,2.9,3.6,Yes,79.3,6.5,Good,0,Some College,Low,6.4,Yes,4.0,8,8.1,Yes,1,13.6,Dorm,Yes,High,4,3,10,Kinesthetic,1.2,100
132254,27,Male,Business,2.2,4.0,0.6,No,60.9,7.5,Fair,7,Master,Low,7.800000000000001,Yes,2.58,3,8.3,Yes,4,7.5,Quiet Room,Yes,High,1,1,10,Kinesthetic,3.7,56
132358,27,Other,Engineering,5.4,0.3,1.6,Yes,64.0,7.5,Good,6,Some College,High,9.8,No,3.79,3,10.0,Yes,5,8.3,Dorm,Yes,Low,6,1,10,Kinesthetic,7.0,100
132422,26,Other,Psychology,8.5,0.1,3.9,Yes,99.2,8.1,Good,4,Some College,Low,9.3,No,4.0,1,8.5,Yes,5,14.5,Library,No,Low,5,2,10,Auditory,3.3,100
132463,22,Male,Biology,2.3,4.1,2.4,No,75.4,10.0,Fair,5,Some College,Low,8.5,Yes,3.36,8,8.3,Yes,5,9.9,Library,Yes,High,1,3,10,Kinesthetic,9.9,88
132556,23,Male,Psychology,6.5,4.6,3.2,No,63.8,4.6,Poor,5,PhD,High,5.0,Yes,3.76,2,10.0,Yes,0,15.3,Cafe,Yes,Medium,8,2,10,Visual,5.9,90
132570,20,Male,Computer Science,4.937411529704499,2.5,2.2,No,75.4,6.3,Poor,2,Master,Medium,7.6,Yes,3.2,1,8.3,Yes,4,10.3,Cafe,Yes,Low,5,1,10,Visual,5.6,77
132628,24,Male,Engineering,0.9,4.3,2.4,No,85.3,6.4,Fair,6,Bachelor,High,6.3,No,3.46,8,8.2,Yes,0,8.9,Library,No,Medium,3,2,10,Visual,1.1,90
132674,23,Other,Biology,2.8,1.9,2.1,No,85.2,5.7,Good,4,Master,Medium,6.6,No,3.26,3,9.2,Yes,5,8.7,Library,Yes,High,8,2,10,Kinesthetic,2.1,79
132675,16,Female,Biology,2.6,4.7,3.0,No,47.8,6.3,Good,1,Some College,Medium,3.7,No,3.97,7,8.6,Yes,3,10.4,Cafe,Yes,Low,1,3,10,Kinesthetic,8.1,100
132703,20,Male,Biology,5.7,4.0,1.9,Yes,41.5,8.9,Good,7,PhD,Medium,5.2,No,4.0,5,8.7,Yes,2,13.1,Library,No,Low,10,3,10,Reading,5.3,100
132812,22,Other,Biology,4.0,0.9,0.3,No,74.8,4.4,Fair,3,PhD,Low,10.0,No,3.55,3,8.3,Yes,0,7.1,Dorm,Yes,High,6,1,10,Reading,6.2,85
132902,23,Male,Psychology,4.7,2.5,0.7,No,69.7,4.8,Good,3,Some College,Low,5.7,Yes,2.75,1,8.6,Yes,5,9.6,Library,No,Medium,2,1,10,Reading,5.8,65
132956,20,Female,Psychology,4.7,4.4,0.0,No,98.6,7.4,Good,3,Master,Medium,4.9,Yes,2.76,4,9.8,Yes,5,9.8,Library,No,Medium,3,3,10,Auditory,1.7,74
132959,20,Male,Business,0.0,4.0,0.4,No,61.1,9.9,Good,6,High School,High,9.1,No,3.46,5,10.0,Yes,4,5.0,Library,Yes,Low,5,2,10,Kinesthetic,5.1,76
132965,28,Female,Arts,2.7,4.5,1.0,No,74.9,6.5,Good,2,Master,Low,4.8,No,4.0,7,8.3,Yes,1,9.3,Quiet Room,Yes,High,2,3,10,Reading,4.6,100
133036,17,Female,Psychology,1.4,0.9,1.1,Yes,73.8,4.7,Fair,3,Bachelor,High,6.1,Yes,3.79,8,8.7,Yes,2,5.0,Library,No,Low,1,3,10,Reading,3.0,85
133052,17,Male,Engineering,3.2,4.6,3.4,Yes,85.6,5.5,Poor,5,High School,High,4.6,No,2.34,5,8.9,Yes,3,12.9,Cafe,Yes,Low,3,2,10,Visual,5.5,58
133141,27,Other,Arts,1.7,4.5,1.2,No,41.2,8.3,Fair,3,Bachelor,Low,10.0,No,2.47,6,8.1,Yes,0,9.2,Co-Learning Group,No,Medium,1,1,10,Reading,3.0,59
133147,16,Female,Psychology,2.9,0.6,0.0,No,83.2,5.8,Good,2,High School,Medium,6.7,No,2.7,2,8.8,Yes,1,3.6,Library,Yes,High,7,3,10,Kinesthetic,1.0,69
133202,28,Female,Biology,2.7,0.2,3.2,No,83.1,8.8,Poor,4,PhD,Medium,3.5,Yes,2.26,4,10.0,Yes,1,7.4,Co-Learning Group,No,Low,10,2,10,Auditory,4.7,59
133227,25,Other,Engineering,4.9,3.8,1.0,Yes,66.2,7.3,Fair,2,PhD,High,6.8,No,2.68,3,8.3,Yes,5,10.6,Co-Learning Group,Yes,Medium,7,2,10,Kinesthetic,8.6,66
133248,16,Other,Computer Science,5.697462636858765,4.4,3.8,Yes,83.9,9.4,Good,4,High School,Medium,8.5,Yes,4.0,1,10.0,Yes,5,14.6,Cafe,No,High,4,3,10,Kinesthetic,1.7,90
133308,24,Female,Engineering,4.3,3.3,1.0,Yes,81.5,7.6,Good,7,High School,Low,6.5,No,3.65,8,8.8,Yes,3,9.6,Library,No,Medium,8,3,10,Reading,8.5,100
133376,16,Female,Engineering,0.0,3.6,1.4,Yes,82.0,8.5,Poor,2,Bachelor,Medium,6.7,No,3.39,7,10.0,Yes,3,6.3,Cafe,Yes,Low,10,1,10,Auditory,7.6,83
133410,22,Female,Engineering,5.7,3.3,1.8,No,76.3,6.4,Poor,1,Bachelor,Low,8.9,No,3.05,7,8.8,Yes,3,11.4,Co-Learning Group,Yes,Low,9,1,10,Kinesthetic,1.6,84
133422,26,Other,Business,1.5,2.8,2.9,Yes,40.6,7.3,Fair,1,Master,Medium,1.0,No,2.2,4,10.0,Yes,1,7.3,Library,No,High,1,1,10,Kinesthetic,7.6,57
133441,27,Other,Psychology,3.9,3.9,2.5,No,97.8,7.6,Poor,1,PhD,Low,6.1,No,3.83,8,8.9,Yes,1,10.4,Dorm,Yes,High,1,1,10,Kinesthetic,6.0,100
133490,26,Male,Business,6.1,0.2,2.7,No,84.0,8.5,Fair,6,PhD,Medium,5.4,Yes,4.0,1,8.6,Yes,4,10.5,Library,Yes,High,4,2,10,Visual,5.8,97
133571,17,Female,Computer Science,4.013637834272937,4.5,3.5,Yes,72.3,6.6,Good,0,PhD,High,7.0,Yes,2.34,2,8.1,Yes,2,13.3,Cafe,No,Medium,6,3,10,Reading,7.4,57
133580,18,Female,Engineering,8.9,1.9,2.3,No,58.0,5.9,Poor,3,Some College,Medium,2.9,No,4.0,7,8.5,Yes,4,15.0,Quiet Room,No,Medium,3,2,10,Auditory,7.8,95
133645,24,Other,Engineering,4.0,4.2,3.1,No,69.3,5.4,Fair,2,Bachelor,Medium,5.0,No,3.11,3,9.3,Yes,3,13.0,Cafe,Yes,Low,10,1,10,Visual,4.4,86
133791,27,Other,Engineering,4.2,0.3,2.7,No,70.7,7.2,Good,5,High School,Low,5.4,No,4.0,7,10.0,Yes,0,9.0,Co-Learning Group,Yes,Low,6,3,10,Reading,7.5,97
133799,27,Female,Arts,5.2,3.9,3.4,No,40.3,6.8,Good,0,Bachelor,Medium,10.0,No,2.61,7,8.7,Yes,3,14.0,Dorm,Yes,Medium,3,1,10,Visual,3.2,69
133807,21,Other,Arts,3.6,3.3,1.7,Yes,85.4,5.4,Good,0,PhD,High,4.3,No,3.76,1,8.8,Yes,3,10.5,Cafe,No,Medium,2,3,10,Kinesthetic,4.1,83
133859,19,Female,Business,9.8,3.9,2.4,Yes,66.9,5.2,Good,6,Master,Low,4.8,Yes,3.93,5,8.6,Yes,3,17.2,Dorm,Yes,Medium,6,3,10,Reading,8.7,96
133874,17,Other,Business,1.7,4.7,3.7,No,83.5,7.3,Good,2,Master,Medium,7.6,No,1.9,1,9.7,Yes,1,11.4,Dorm,No,High,9,1,10,Auditory,1.4,50
133886,23,Other,Arts,4.4,2.8,3.7,No,54.0,6.5,Good,7,Master,Medium,3.2,No,3.36,3,8.5,Yes,3,11.7,Library,No,High,6,2,10,Kinesthetic,4.3,88
134046,21,Male,Biology,0.0,1.9,0.6,No,92.9,4.6,Good,4,PhD,Medium,9.9,Yes,2.97,6,9.9,Yes,4,3.4,Co-Learning Group,No,High,1,3,10,Kinesthetic,4.2,74
134050,25,Other,Business,2.6,3.7,1.6,No,72.9,6.1,Good,2,High School,Medium,4.0,Yes,2.8,2,8.1,Yes,3,8.7,Dorm,No,Medium,8,1,10,Auditory,3.0,74
134079,26,Male,Engineering,4.0,0.2,3.8,Yes,78.8,5.8,Fair,7,Some College,Low,5.2,No,3.85,8,9.3,Yes,1,9.6,Cafe,Yes,High,9,2,10,Reading,5.1,94
134137,24,Other,Computer Science,5.09310265173611,0.4,1.8,Yes,89.3,6.1,Good,1,Some College,High,4.5,Yes,3.11,3,8.8,Yes,0,8.3,Quiet Room,No,Medium,2,3,10,Reading,6.1,73
134184,20,Female,Computer Science,6.265382620211104,4.5,1.3,No,74.1,6.4,Good,1,PhD,High,4.7,No,3.73,6,8.2,Yes,4,12.9,Cafe,Yes,Medium,9,3,10,Visual,3.0,100
134309,17,Other,Arts,4.8,1.8,3.4,No,92.0,7.4,Good,2,High School,High,4.3,Yes,3.37,7,8.8,Yes,4,10.3,Dorm,Yes,Low,3,2,10,Kinesthetic,4.1,84
134330,28,Other,Computer Science,6.028520828513667,3.5,0.4,No,49.7,7.9,Poor,0,Bachelor,High,7.5,No,3.45,4,10.0,Yes,1,11.7,Dorm,No,Medium,6,3,10,Reading,9.3,81
134506,19,Male,Arts,4.1,4.2,1.8,No,70.1,6.9,Poor,1,Bachelor,Medium,5.9,Yes,3.24,6,8.3,Yes,0,10.6,Cafe,Yes,Low,8,2,10,Reading,4.3,82
134522,28,Female,Arts,3.0,5.0,1.2,No,44.8,7.4,Poor,2,Some College,Low,4.3,Yes,2.94,4,10.0,Yes,4,11.1,Library,Yes,Low,10,1,10,Auditory,9.5,71
134617,23,Other,Psychology,1.4,1.0,2.9,No,47.6,4.8,Fair,7,Some College,High,4.5,Yes,4.0,7,8.7,Yes,1,5.7,Library,No,Low,9,2,10,Kinesthetic,3.3,100
134627,16,Male,Biology,4.7,0.1,4.0,Yes,66.0,6.0,Good,4,Bachelor,High,4.0,No,2.74,1,8.1,Yes,0,9.5,Co-Learning Group,No,High,9,1,10,Auditory,1.3,68
134674,24,Female,Psychology,4.7,2.9,1.5,Yes,98.1,4.0,Fair,5,Bachelor,Medium,4.8,No,2.96,5,8.1,Yes,2,9.4,Cafe,Yes,Low,5,3,10,Visual,8.9,69
134738,25,Female,Engineering,4.7,1.7,2.1,No,64.6,9.5,Good,2,High School,High,9.0,No,4.0,4,8.2,Yes,3,8.9,Quiet Room,Yes,Low,7,2,10,Reading,8.4,100
134820,28,Male,Psychology,4.0,3.6,2.6,No,63.5,4.7,Good,7,Bachelor,High,6.9,No,3.23,4,9.7,Yes,2,10.5,Library,Yes,High,4,1,10,Visual,2.1,73
134964,24,Other,Computer Science,0.0,3.1,0.5,Yes,92.2,4.8,Good,2,High School,Low,6.3,Yes,2.03,4,8.7,Yes,4,4.5,Dorm,No,Low,4,3,10,Visual,8.8,47
134967,28,Male,Biology,3.3,4.4,0.9,Yes,76.7,8.0,Good,7,High School,High,7.300000000000001,No,3.66,7,8.1,Yes,3,9.4,Quiet Room,No,High,2,3,10,Kinesthetic,3.8,88
134995,25,Male,Business,1.5,1.2,1.7,No,62.9,8.4,Fair,3,Bachelor,Medium,3.9,No,2.39,1,8.4,Yes,0,6.3,Co-Learning Group,No,Medium,7,2,10,Visual,8.6,68
135059,17,Other,Computer Science,6.174145680061847,4.0,2.2,No,67.4,5.6,Poor,0,PhD,Medium,6.2,No,2.91,8,9.2,Yes,0,12.8,Cafe,No,Low,9,1,10,Visual,4.8,79
135136,26,Male,Arts,7.9,0.7,0.8,No,64.7,8.2,Fair,2,Bachelor,High,5.5,Yes,4.0,7,9.5,Yes,4,10.6,Cafe,No,Medium,10,3,10,Visual,7.3,100
135173,16,Other,Arts,7.7,0.8,0.9,Yes,87.1,5.8,Good,6,Some College,High,9.7,Yes,3.03,2,8.2,Yes,3,11.3,Library,No,Low,10,1,10,Auditory,4.3,67
135300,25,Female,Computer Science,6.010092668070368,3.9,0.3,Yes,74.7,7.5,Good,3,Some College,Low,5.4,No,4.0,5,8.8,Yes,5,11.4,Dorm,Yes,High,1,2,10,Reading,5.0,100
135323,17,Other,Biology,3.6,4.9,0.9,No,93.2,4.8,Poor,0,High School,High,6.5,Yes,3.6,5,9.8,Yes,2,9.5,Library,Yes,Medium,3,1,10,Reading,4.6,99
135338,23,Male,Arts,6.3,4.8,3.9,No,87.4,8.4,Good,5,Some College,High,7.0,Yes,3.23,6,8.2,Yes,2,16.9,Co-Learning Group,Yes,High,7,3,10,Kinesthetic,8.6,82
135448,27,Other,Business,5.2,2.8,2.3,Yes,42.2,6.9,Fair,2,High School,Low,6.9,No,3.31,1,9.4,Yes,2,11.0,Co-Learning Group,No,Medium,1,1,10,Reading,6.5,79
135546,22,Other,Engineering,2.8,1.6,1.1,Yes,47.1,8.1,Good,1,Master,Medium,2.3,Yes,2.99,1,8.6,Yes,5,6.5,Quiet Room,Yes,Medium,5,3,10,Kinesthetic,7.4,81
135558,25,Other,Engineering,2.8,0.8,2.9,No,80.8,5.9,Fair,6,Some College,Low,4.4,No,2.35,4,8.6,Yes,3,7.0,Library,No,High,5,2,10,Visual,8.9,63
135560,28,Female,Arts,1.4,3.8,3.9,No,64.8,7.5,Good,4,Some College,Medium,7.4,Yes,3.66,6,8.5,Yes,0,9.6,Co-Learning Group,Yes,High,6,1,10,Auditory,3.6,89
135593,25,Male,Business,6.0,4.8,2.3,No,43.0,8.3,Good,3,Some College,High,5.9,Yes,2.7,6,8.8,Yes,1,13.7,Quiet Room,No,Low,10,1,10,Kinesthetic,8.8,71
135604,18,Female,Engineering,4.0,3.4,1.2,No,80.8,7.1,Poor,5,Master,Low,4.5,Yes,4.0,6,10.0,Yes,3,10.3,Cafe,Yes,High,4,2,10,Reading,4.7,99
135744,20,Other,Computer Science,6.240771165395759,0.8,2.5,Yes,63.4,5.6,Good,2,Bachelor,Low,5.9,Yes,3.95,2,9.3,Yes,4,10.0,Dorm,No,Medium,2,3,10,Reading,5.5,97
135750,25,Other,Computer Science,5.92755428052662,2.8,2.3,Yes,74.6,4.0,Fair,0,High School,Medium,4.2,No,1.99,4,8.1,Yes,5,12.3,Dorm,No,Low,3,2,10,Kinesthetic,7.8,40
135754,17,Male,Arts,3.0,3.3,0.4,Yes,50.0,6.9,Good,4,PhD,High,6.9,No,3.91,1,8.1,Yes,3,7.8,Library,No,High,7,2,10,Kinesthetic,8.1,92
135792,28,Other,Engineering,1.2,1.1,0.8,Yes,70.8,7.3,Poor,5,Some College,High,2.7,Yes,3.07,6,8.6,Yes,5,3.4,Co-Learning Group,Yes,High,5,1,10,Visual,4.3,68
135807,19,Other,Psychology,5.0,3.4,1.9,No,48.5,4.2,Poor,4,Master,Medium,7.4,Yes,2.66,4,8.4,Yes,1,10.7,Cafe,Yes,Medium,4,2,10,Visual,1.0,60
135986,23,Other,Biology,4.1,3.2,1.8,Yes,50.0,4.6,Fair,5,High School,Low,5.9,Yes,2.86,8,9.0,Yes,3,10.0,Dorm,No,Medium,5,2,10,Visual,4.9,76
136116,25,Female,Arts,4.6,1.8,0.5,Yes,61.1,6.7,Fair,6,Some College,High,8.9,No,3.89,7,8.1,Yes,1,7.1,Library,No,High,4,3,10,Auditory,2.3,96
136141,17,Male,Biology,3.0,2.2,0.2,Yes,46.1,5.4,Good,5,Bachelor,Medium,3.5,Yes,2.76,4,10.0,Yes,1,6.3,Library,Yes,High,1,3,10,Kinesthetic,2.7,69
136179,19,Male,Biology,3.2,2.2,0.2,No,44.5,7.3,Good,7,Bachelor,High,7.800000000000001,No,3.15,2,8.1,Yes,2,5.6,Co-Learning Group,No,High,2,2,10,Kinesthetic,4.0,80
136220,25,Other,Computer Science,4.0116125003313,0.8,0.0,No,63.7,6.4,Good,6,High School,Low,6.7,No,3.43,5,8.4,Yes,0,6.2,Library,Yes,Low,4,3,10,Kinesthetic,5.9,91
136264,16,Male,Biology,3.0,1.2,2.9,Yes,55.8,7.3,Good,2,Bachelor,Medium,6.2,No,4.0,4,8.8,Yes,5,8.5,Cafe,Yes,Medium,6,3,10,Reading,4.2,100
136285,24,Male,Computer Science,4.585759866669835,3.2,3.4,No,89.0,6.0,Good,7,High School,Low,3.7,No,3.39,6,8.9,Yes,2,13.0,Cafe,No,Low,5,3,10,Kinesthetic,5.4,86
136290,18,Female,Biology,3.5,0.6,1.2,No,76.4,6.4,Good,4,PhD,Low,6.1,Yes,3.6,6,8.1,Yes,1,7.0,Library,Yes,Medium,9,2,10,Visual,4.5,97
136306,17,Other,Computer Science,5.835922486996859,1.2,1.0,No,66.4,6.8,Poor,7,Some College,Medium,6.4,No,4.0,6,8.2,Yes,1,9.3,Co-Learning Group,Yes,Medium,10,3,10,Auditory,9.1,100
136371,20,Other,Psychology,4.4,4.9,1.9,No,48.5,8.4,Fair,1,Some College,Medium,5.3,No,4.0,6,9.0,Yes,0,13.0,Quiet Room,Yes,High,3,3,10,Auditory,1.7,100
136460,24,Female,Psychology,0.0,3.8,0.1,Yes,56.5,6.7,Good,0,PhD,Low,6.1,Yes,2.91,3,9.2,Yes,4,5.8,Quiet Room,Yes,Medium,8,3,10,Auditory,3.4,59
136491,17,Male,Psychology,5.8,1.7,0.3,Yes,86.3,8.3,Poor,2,Bachelor,Medium,1.0,No,3.67,4,8.8,Yes,2,7.9,Quiet Room,No,High,9,3,10,Reading,9.2,93
136532,18,Other,Business,7.4,3.0,1.3,Yes,54.2,7.1,Good,1,High School,Medium,3.4000000000000004,Yes,4.0,7,8.8,Yes,0,12.7,Library,Yes,High,4,2,10,Kinesthetic,7.5,100
136537,21,Female,Computer Science,7.182076482144359,0.3,3.0,No,63.3,6.2,Fair,3,Some College,High,3.9,No,3.75,7,9.5,Yes,0,11.6,Cafe,No,High,7,2,10,Auditory,3.8,94
136559,18,Female,Business,0.0,2.5,0.6,Yes,67.2,4.0,Good,0,Bachelor,Low,7.199999999999999,No,2.6,3,8.5,Yes,0,4.6,Quiet Room,No,Medium,3,3,10,Reading,1.8,57
136597,16,Female,Biology,5.7,2.1,2.6,No,83.1,7.5,Good,7,Bachelor,Medium,4.8,No,3.06,3,8.8,Yes,1,10.6,Cafe,Yes,Low,1,2,10,Kinesthetic,5.6,82
136642,25,Male,Biology,3.8,2.3,4.0,Yes,73.7,6.5,Fair,6,PhD,Low,7.6,Yes,2.89,8,8.9,Yes,2,10.4,Library,Yes,Medium,8,1,10,Reading,8.9,73
136674,17,Male,Psychology,3.8,4.2,2.2,No,45.6,7.6,Fair,5,High School,Medium,7.9,No,2.7,8,9.9,Yes,0,10.7,Library,Yes,Low,4,2,10,Auditory,9.3,72
136782,17,Other,Business,3.4,2.6,2.2,No,77.5,6.2,Fair,7,PhD,Low,7.800000000000001,Yes,2.22,8,8.1,Yes,0,9.7,Cafe,No,Low,3,1,10,Kinesthetic,6.7,51
136785,22,Female,Biology,2.7,0.4,1.8,No,91.0,7.7,Fair,7,Master,Low,9.0,Yes,4.0,4,8.6,Yes,3,5.1,Co-Learning Group,Yes,High,7,1,10,Kinesthetic,7.5,100
136796,20,Other,Engineering,3.0,3.3,1.4,No,94.5,6.8,Fair,5,Master,Low,5.2,Yes,4.0,7,9.2,Yes,4,7.9,Cafe,Yes,Low,7,3,10,Visual,2.1,91
136887,26,Female,Computer Science,4.236672997800845,1.7,2.0,Yes,73.7,5.0,Fair,7,Some College,Medium,7.5,Yes,3.78,7,8.3,Yes,2,9.3,Dorm,Yes,Low,6,3,10,Kinesthetic,1.7,96
136981,17,Other,Computer Science,3.688901477258848,0.3,3.9,No,46.1,6.0,Good,7,Bachelor,High,9.1,Yes,2.69,3,8.2,Yes,4,8.1,Library,Yes,High,7,1,10,Reading,9.5,72
136998,22,Female,Biology,8.2,4.8,0.1,No,46.4,5.9,Good,5,PhD,High,7.300000000000001,Yes,3.15,2,8.5,Yes,2,13.4,Library,Yes,Low,10,1,10,Kinesthetic,2.0,73
137208,18,Male,Computer Science,5.007555712632917,4.6,1.3,No,66.8,7.1,Good,6,Some College,High,3.9,No,3.75,5,8.8,Yes,0,12.8,Dorm,No,Medium,8,1,10,Reading,5.5,100
137265,18,Male,Psychology,1.9,4.8,3.4,Yes,93.5,5.6,Good,0,Bachelor,Low,4.5,No,2.64,8,8.3,Yes,4,11.3,Co-Learning Group,No,Medium,6,1,10,Visual,9.3,75
137270,25,Male,Arts,5.3,4.0,1.5,Yes,74.9,7.9,Good,0,Bachelor,Low,8.9,Yes,3.61,7,10.0,Yes,2,11.2,Library,Yes,High,9,2,10,Visual,8.7,90
137286,23,Female,Biology,4.5,3.5,0.4,Yes,43.7,7.5,Fair,2,Bachelor,Low,3.5,No,4.0,7,10.0,Yes,3,10.0,Library,Yes,Low,5,3,10,Visual,8.3,100
137427,18,Female,Psychology,7.2,0.8,2.4,No,86.7,7.0,Good,5,Some College,Low,2.7,No,4.0,5,9.3,Yes,5,12.0,Cafe,Yes,High,6,2,10,Auditory,8.7,98
137450,20,Other,Engineering,4.9,0.2,0.2,No,91.8,4.4,Poor,7,Bachelor,Medium,8.3,No,3.43,1,9.2,Yes,1,6.3,Quiet Room,Yes,Low,10,3,10,Visual,8.4,89
137452,16,Other,Engineering,6.2,2.0,2.1,No,94.1,5.7,Good,5,Some College,Low,6.5,Yes,3.99,6,8.9,Yes,5,12.1,Dorm,No,Medium,10,1,10,Reading,2.3,95
137458,28,Female,Computer Science,3.167251888080896,0.2,3.9,Yes,92.9,7.2,Good,6,Bachelor,Low,4.3,No,2.73,5,9.9,Yes,3,8.9,Co-Learning Group,No,High,4,2,10,Auditory,7.2,73
137466,16,Female,Engineering,3.3,1.9,2.5,Yes,62.1,7.7,Good,2,Some College,High,1.5,Yes,3.32,3,8.2,Yes,5,8.3,Dorm,Yes,Low,10,3,10,Visual,6.7,81
137503,21,Female,Arts,7.1,2.2,3.8,Yes,86.7,6.8,Fair,3,Some College,Medium,7.199999999999999,No,3.25,1,8.6,Yes,1,13.3,Cafe,No,Low,6,1,10,Auditory,8.1,81
137654,21,Female,Arts,8.3,0.1,1.3,No,41.3,6.4,Fair,0,PhD,Low,5.7,No,3.71,1,9.6,Yes,0,10.1,Dorm,Yes,High,5,1,10,Reading,9.3,94
137656,17,Female,Computer Science,6.799293441049353,0.5,4.0,Yes,58.9,7.3,Poor,3,Bachelor,Low,8.1,No,2.88,3,8.4,Yes,4,13.1,Quiet Room,No,Low,7,1,10,Kinesthetic,3.6,73
137714,25,Male,Psychology,1.2,0.9,1.9,No,82.3,6.4,Poor,7,Some College,High,4.6,Yes,3.02,7,8.1,Yes,0,4.3,Co-Learning Group,No,Medium,1,3,10,Kinesthetic,6.6,74
137798,16,Other,Biology,2.3,2.8,2.3,Yes,56.7,5.9,Poor,5,Bachelor,High,4.5,No,2.54,2,8.8,Yes,3,9.2,Co-Learning Group,Yes,Medium,4,1,10,Visual,9.3,66
137829,21,Other,Computer Science,11.136331750045851,1.0,0.6,Yes,72.0,8.3,Good,7,PhD,Low,8.3,Yes,3.94,4,9.1,Yes,3,14.3,Cafe,Yes,Low,7,2,10,Auditory,4.8,100
137837,22,Female,Psychology,0.1,2.4,0.7,Yes,90.8,6.4,Fair,3,PhD,High,8.1,Yes,2.91,2,9.1,Yes,4,4.8,Dorm,Yes,High,6,1,10,Reading,5.9,77
137865,26,Other,Computer Science,6.562917295294363,3.9,2.6,Yes,65.8,8.8,Poor,0,Some College,High,5.8,Yes,4.0,5,9.9,Yes,1,13.5,Quiet Room,Yes,High,6,1,10,Visual,6.4,100
137872,25,Other,Biology,3.9,0.6,0.1,No,74.5,8.6,Good,2,PhD,High,7.800000000000001,No,3.76,1,8.2,Yes,5,6.1,Cafe,No,Low,2,2,10,Auditory,2.6,95
137930,26,Male,Business,4.1,4.4,0.8,Yes,78.5,9.1,Poor,0,Master,High,6.9,Yes,3.01,5,8.1,Yes,3,10.7,Library,No,High,1,1,10,Visual,1.0,74
137941,26,Female,Computer Science,2.6469793604479888,2.1,3.5,No,87.7,9.0,Good,3,Bachelor,Low,6.5,Yes,3.2,7,8.6,Yes,4,8.3,Dorm,Yes,Low,10,2,10,Kinesthetic,2.8,77
137988,16,Male,Computer Science,6.910241470586222,3.3,0.1,Yes,69.7,5.0,Fair,3,PhD,Low,9.3,No,4.0,8,8.1,Yes,1,12.3,Co-Learning Group,Yes,Medium,8,3,10,Visual,5.8,100
138037,25,Male,Biology,4.8,3.8,2.6,No,50.6,6.0,Poor,6,Master,Low,6.5,No,3.74,3,8.4,Yes,0,12.9,Quiet Room,Yes,Low,6,1,10,Visual,5.1,98
138121,20,Other,Biology,5.6,1.8,2.5,No,67.2,7.0,Poor,4,High School,Low,1.7000000000000002,Yes,3.49,3,8.2,Yes,2,10.6,Dorm,No,Low,7,2,10,Auditory,2.0,82
138169,17,Female,Psychology,4.7,4.7,0.6,No,47.6,8.9,Good,0,High School,Low,7.9,No,4.0,8,9.6,Yes,4,10.1,Quiet Room,Yes,High,1,2,10,Auditory,4.7,95
138175,19,Other,Arts,5.3,1.0,1.4,No,81.0,5.9,Fair,7,Bachelor,High,7.4,No,3.16,4,9.2,Yes,5,7.9,Cafe,Yes,Low,5,1,10,Visual,7.7,86
138249,27,Other,Arts,1.1,3.8,4.0,No,40.6,9.2,Fair,2,Master,High,5.2,Yes,3.14,4,8.3,Yes,1,10.4,Co-Learning Group,No,Medium,3,3,10,Kinesthetic,7.3,79
138277,20,Other,Arts,7.3,3.0,3.0,No,40.4,7.1,Fair,2,PhD,Medium,6.6,No,3.55,6,10.0,Yes,5,13.4,Cafe,No,High,9,1,10,Reading,7.6,95
138358,21,Male,Psychology,3.6,2.8,1.0,No,71.4,5.8,Fair,2,Some College,Low,6.2,Yes,2.58,1,9.5,Yes,0,9.1,Library,No,Medium,5,1,10,Kinesthetic,7.3,69
138476,16,Female,Computer Science,5.501969989947851,4.7,1.4,Yes,76.8,10.0,Good,0,High School,Low,4.9,No,4.0,2,8.5,Yes,2,12.8,Library,No,High,7,2,10,Reading,7.6,93
138484,25,Other,Engineering,9.2,3.8,0.9,Yes,44.1,5.6,Fair,6,High School,Medium,10.0,Yes,3.25,2,9.3,Yes,2,15.0,Cafe,No,Low,6,2,10,Auditory,7.4,82
138485,19,Male,Business,4.6,4.8,3.0,No,61.8,10.0,Good,1,Some College,Medium,7.199999999999999,No,2.54,6,8.8,Yes,2,13.6,Dorm,Yes,High,2,2,10,Reading,2.2,61
138497,24,Other,Arts,3.6,1.9,1.5,Yes,95.3,4.8,Fair,4,Some College,High,6.6,No,3.32,2,8.7,Yes,2,7.1,Library,No,High,7,3,10,Kinesthetic,5.1,93
138629,24,Other,Engineering,3.2,2.7,3.1,Yes,95.4,5.9,Poor,2,PhD,High,4.7,No,2.69,5,8.6,Yes,4,10.9,Cafe,Yes,Low,2,3,10,Auditory,7.6,75
138661,19,Other,Biology,3.9,1.1,2.8,No,94.9,6.5,Poor,1,High School,Medium,4.4,Yes,3.69,5,8.7,Yes,0,8.1,Library,Yes,High,6,1,10,Kinesthetic,2.3,95
138683,25,Male,Computer Science,3.132814823738084,4.0,2.2,Yes,47.7,5.7,Good,3,Master,High,8.8,No,4.0,6,8.2,Yes,3,10.2,Quiet Room,No,Low,9,2,10,Auditory,7.1,100
138835,27,Other,Engineering,3.3,3.9,3.8,Yes,91.7,5.7,Poor,1,Bachelor,High,4.3,Yes,3.27,5,10.0,Yes,0,12.2,Library,Yes,Medium,9,3,10,Auditory,5.2,77
138843,23,Male,Engineering,5.1,4.8,2.5,Yes,55.9,7.0,Fair,6,Some College,Medium,9.3,No,3.98,3,8.8,Yes,0,13.6,Dorm,Yes,Low,10,2,10,Kinesthetic,3.4,98
138936,20,Female,Arts,6.7,2.3,2.5,Yes,54.5,10.2,Poor,2,Master,High,4.9,Yes,3.46,4,8.9,Yes,4,12.2,Co-Learning Group,Yes,Medium,8,2,10,Visual,2.9,86
138958,22,Female,Biology,6.2,4.1,1.1,No,40.0,6.7,Good,5,High School,Low,2.5,No,3.95,7,9.4,Yes,1,12.1,Quiet Room,Yes,Medium,9,1,10,Kinesthetic,4.1,96
139027,26,Other,Computer Science,3.259390702223527,3.0,0.6,Yes,57.1,6.4,Good,2,PhD,High,3.0,No,3.02,3,8.1,Yes,0,8.8,Quiet Room,No,Medium,9,3,10,Auditory,6.7,72
139159,19,Male,Business,5.1,3.6,0.6,No,68.5,8.5,Good,4,Some College,Medium,4.5,No,4.0,2,8.1,Yes,2,9.9,Quiet Room,Yes,High,8,3,10,Visual,4.8,98
139172,27,Male,Psychology,4.7,1.0,3.6,No,67.3,7.8,Good,1,Some College,Low,2.6,Yes,3.89,4,8.6,Yes,3,9.9,Cafe,No,Medium,5,2,10,Visual,4.4,93
139208,28,Female,Psychology,5.4,0.3,3.2,Yes,73.1,8.2,Poor,0,High School,Medium,9.2,Yes,3.75,2,8.8,Yes,5,10.9,Cafe,No,Medium,7,1,10,Kinesthetic,7.4,92
139245,25,Female,Computer Science,2.83938500531192,1.6,0.3,Yes,63.5,6.6,Poor,4,Master,Medium,7.5,No,2.92,5,9.0,Yes,1,5.6,Co-Learning Group,No,High,9,2,10,Visual,6.5,65
139247,19,Female,Biology,3.2,1.1,1.2,Yes,57.9,4.4,Fair,3,High School,High,6.4,No,2.44,7,8.3,Yes,2,6.9,Cafe,No,High,9,2,10,Reading,2.0,59
139255,26,Female,Business,6.1,1.1,0.9,Yes,86.1,8.2,Good,4,Master,Medium,9.3,Yes,2.94,5,9.9,Yes,1,8.7,Co-Learning Group,Yes,High,4,2,10,Visual,2.2,79
139295,20,Female,Arts,2.1,0.8,3.4,Yes,85.2,6.8,Fair,6,Bachelor,Low,3.4000000000000004,Yes,3.09,3,8.5,Yes,5,8.2,Quiet Room,No,Low,5,1,10,Visual,9.7,77
139327,25,Other,Psychology,1.9,3.6,0.5,Yes,95.0,7.6,Good,6,PhD,High,5.9,No,3.62,4,8.1,Yes,0,7.4,Co-Learning Group,No,Low,7,3,10,Visual,1.6,92
139336,23,Male,Biology,3.8,2.5,0.4,Yes,40.8,10.6,Good,6,PhD,Low,10.0,Yes,4.0,8,8.1,Yes,0,8.1,Co-Learning Group,Yes,Low,5,3,10,Kinesthetic,1.3,99
139356,16,Female,Arts,4.8,4.7,0.1,Yes,81.2,8.5,Fair,5,PhD,Medium,6.0,No,4.0,1,10.0,Yes,2,10.5,Library,Yes,High,8,1,10,Auditory,5.2,100
139448,19,Female,Arts,4.3,0.2,2.2,No,61.9,8.4,Good,1,Master,High,7.800000000000001,No,2.37,7,10.0,Yes,4,7.2,Cafe,No,Low,6,2,10,Kinesthetic,9.3,59
139470,21,Male,Engineering,3.5,0.2,0.0,Yes,40.9,5.7,Good,4,PhD,Medium,7.9,Yes,2.64,7,9.4,Yes,0,5.6,Quiet Room,No,High,2,1,10,Reading,1.3,66
139491,23,Other,Engineering,5.9,4.0,0.1,No,58.8,5.7,Good,4,Some College,Low,8.1,Yes,3.59,5,9.1,Yes,4,11.8,Quiet Room,No,Low,4,1,10,Visual,8.6,92
139500,26,Male,Arts,3.5,2.5,1.9,No,43.0,6.0,Fair,0,PhD,Medium,5.3,Yes,3.84,2,8.4,Yes,4,8.0,Library,Yes,Low,8,1,10,Visual,2.1,100
139629,25,Male,Psychology,5.5,2.8,2.0,Yes,63.9,8.5,Fair,6,Some College,Low,4.9,Yes,4.0,1,8.6,Yes,4,11.1,Library,No,Low,6,3,10,Reading,9.3,100
139690,27,Other,Biology,5.2,4.6,3.1,No,47.3,7.3,Fair,7,Some College,Low,4.7,No,2.88,2,9.2,Yes,1,14.4,Cafe,No,High,8,1,10,Kinesthetic,3.0,62
139699,25,Other,Computer Science,3.867175513126005,3.3,2.7,No,55.7,8.4,Poor,1,Bachelor,Medium,5.8,Yes,2.52,6,9.8,Yes,1,11.5,Library,Yes,Medium,1,3,10,Auditory,4.3,55
139759,27,Other,Arts,3.3,3.4,1.2,No,41.0,6.2,Good,4,High School,High,8.2,Yes,3.26,7,10.0,Yes,4,9.1,Cafe,Yes,Medium,2,3,10,Kinesthetic,6.1,79
139785,21,Male,Arts,2.5,4.9,3.5,Yes,72.6,9.4,Fair,1,Some College,Low,5.5,No,3.64,7,8.2,Yes,0,12.3,Dorm,No,Medium,4,3,10,Reading,8.0,90
139835,23,Female,Arts,0.4,1.3,0.3,No,40.7,6.7,Fair,1,Bachelor,Low,5.4,No,2.63,5,8.7,Yes,4,3.2,Co-Learning Group,Yes,Medium,2,3,10,Kinesthetic,7.8,68
139876,23,Female,Arts,7.8,4.8,3.6,Yes,54.0,8.4,Good,5,Master,Medium,4.7,Yes,4.0,3,8.4,Yes,0,16.8,Cafe,No,Medium,5,2,10,Kinesthetic,1.7,99
140025,19,Male,Computer Science,6.056083763740402,1.8,2.9,Yes,97.3,7.1,Fair,3,Bachelor,Medium,7.699999999999999,No,4.0,6,8.8,Yes,3,12.4,Co-Learning Group,Yes,High,1,1,10,Visual,7.6,88
140113,25,Female,Computer Science,2.94946608020302,2.9,3.8,No,46.0,5.9,Poor,7,Master,Low,9.1,No,3.18,6,9.2,Yes,3,10.8,Cafe,Yes,High,2,3,10,Kinesthetic,5.4,76
140136,27,Female,Biology,7.3,2.4,0.1,No,52.7,10.3,Poor,4,High School,Low,5.5,No,2.84,8,9.2,Yes,5,10.7,Cafe,No,Medium,7,3,10,Visual,7.4,64
140144,24,Male,Computer Science,6.4038283888492975,2.1,3.8,Yes,69.0,6.5,Good,6,Bachelor,Medium,6.6,No,3.28,7,8.5,Yes,4,13.2,Cafe,No,Medium,3,1,10,Auditory,10.0,86
140154,28,Other,Business,3.2,1.6,3.3,No,64.0,5.9,Good,5,High School,Medium,9.1,Yes,3.64,8,8.1,Yes,3,8.3,Quiet Room,No,Medium,8,1,10,Auditory,4.6,93
140188,22,Other,Psychology,3.1,3.2,2.5,Yes,72.5,6.8,Good,2,Master,Medium,6.0,Yes,2.62,1,8.6,Yes,3,9.5,Cafe,No,Low,3,1,10,Kinesthetic,2.5,63
140264,20,Male,Biology,2.7,1.7,2.8,Yes,49.8,4.0,Fair,1,Bachelor,Low,7.5,No,2.9,3,9.4,Yes,1,7.3,Quiet Room,Yes,Medium,2,2,10,Visual,3.1,65
140328,25,Female,Business,4.8,4.3,1.8,Yes,69.5,4.1,Fair,1,Master,High,5.7,No,3.48,2,9.8,Yes,5,11.6,Quiet Room,Yes,Low,5,3,10,Reading,3.5,90
140333,23,Male,Biology,4.2,0.4,0.6,Yes,72.2,6.5,Fair,2,Some College,Medium,4.6,Yes,3.49,8,9.6,Yes,3,5.6,Dorm,Yes,Medium,2,1,10,Visual,5.2,93
140510,18,Male,Engineering,2.8,1.9,1.1,No,45.3,7.3,Good,6,Bachelor,High,5.6,Yes,3.11,8,8.2,Yes,0,6.5,Dorm,Yes,Low,8,2,10,Reading,5.8,78
140701,18,Male,Psychology,6.8,0.0,2.0,Yes,60.8,4.4,Fair,5,Master,Low,7.300000000000001,No,3.38,8,8.7,Yes,3,9.9,Library,No,Low,2,2,10,Kinesthetic,4.1,79
140704,23,Female,Arts,4.2,1.0,0.2,No,66.5,7.8,Good,2,Master,Medium,7.199999999999999,No,3.88,2,8.3,Yes,0,5.9,Cafe,Yes,Medium,10,1,10,Reading,7.6,100
140708,19,Male,Business,6.4,4.9,1.2,No,62.7,11.1,Fair,3,Some College,High,5.2,No,3.3,1,8.2,Yes,0,14.2,Quiet Room,Yes,Medium,6,1,10,Reading,7.8,72
140715,21,Other,Business,4.5,1.3,0.5,Yes,62.9,5.9,Poor,5,High School,Medium,8.0,No,2.96,3,9.7,Yes,3,8.0,Quiet Room,Yes,High,4,3,10,Kinesthetic,8.1,67
140759,22,Male,Biology,1.5,0.5,3.8,No,99.9,8.2,Good,4,Bachelor,Low,4.6,No,2.21,1,8.2,Yes,1,7.4,Dorm,Yes,High,4,2,10,Auditory,9.5,58
140838,22,Female,Psychology,4.9,1.1,2.9,Yes,71.9,7.4,Good,3,Some College,High,6.1,No,2.81,5,9.2,Yes,3,9.2,Cafe,No,High,4,2,10,Kinesthetic,8.9,67
140847,26,Female,Psychology,3.5,0.3,3.7,No,53.8,10.8,Good,4,Master,Medium,4.2,Yes,2.92,2,8.6,Yes,2,8.1,Cafe,No,Medium,5,1,10,Auditory,9.3,77
140864,21,Male,Arts,5.7,0.6,1.5,Yes,96.3,4.0,Fair,3,High School,High,4.8,No,2.52,4,8.2,Yes,2,9.3,Quiet Room,No,High,3,1,10,Reading,10.0,60
140926,25,Male,Biology,3.4,0.1,1.3,No,54.5,9.1,Good,6,Some College,High,8.5,Yes,3.54,8,9.4,Yes,1,5.1,Co-Learning Group,No,High,9,1,10,Reading,2.0,83
140959,28,Male,Biology,6.2,1.0,2.1,No,87.7,7.2,Good,3,Bachelor,High,7.9,No,2.68,5,8.2,Yes,2,10.2,Dorm,No,Medium,10,2,10,Kinesthetic,4.4,70
140980,16,Female,Computer Science,3.0420559411362147,0.7,2.6,No,45.5,9.8,Good,3,High School,High,6.4,Yes,3.87,8,8.3,Yes,4,6.6,Library,No,Medium,4,3,10,Auditory,7.3,96
141010,16,Male,Biology,1.7,0.3,2.4,Yes,70.6,5.1,Good,3,PhD,High,2.8,Yes,2.65,7,8.7,Yes,5,5.5,Cafe,Yes,Medium,6,1,10,Kinesthetic,9.6,63
141073,23,Other,Computer Science,6.430990887720347,3.3,3.7,Yes,71.2,12.0,Good,2,Some College,Low,5.4,No,3.46,1,8.4,Yes,5,13.7,Library,No,Low,7,2,10,Reading,3.1,88
141077,23,Other,Computer Science,8.22245207475798,1.2,3.3,No,63.4,4.8,Good,6,Some College,Medium,7.300000000000001,Yes,3.6,7,8.5,Yes,4,13.5,Library,Yes,Low,5,2,10,Visual,6.1,100
141101,27,Other,Biology,5.1,1.2,3.2,Yes,89.4,5.2,Good,7,Master,Medium,10.0,Yes,3.0,4,8.4,Yes,4,10.0,Library,No,Low,2,2,10,Kinesthetic,9.8,69
141248,25,Other,Business,7.0,4.4,1.3,Yes,89.2,7.0,Poor,5,Bachelor,Low,2.9,Yes,3.97,2,8.7,Yes,1,14.5,Quiet Room,No,Low,5,2,10,Kinesthetic,4.9,100
141264,24,Male,Arts,2.4,1.7,3.6,Yes,59.5,6.6,Good,2,High School,Medium,6.1,No,3.54,1,9.1,Yes,1,7.8,Quiet Room,No,Low,7,2,10,Visual,7.5,92
141279,27,Female,Psychology,4.8,3.4,3.8,No,87.9,8.0,Good,4,PhD,Low,5.4,No,3.3,6,10.0,Yes,1,12.8,Quiet Room,Yes,High,8,2,10,Kinesthetic,4.9,90
141408,18,Male,Biology,4.8,3.7,1.9,No,98.9,4.7,Poor,1,Master,High,4.9,No,2.76,3,10.0,Yes,0,11.6,Co-Learning Group,Yes,Medium,6,1,10,Visual,7.2,70
141509,25,Female,Business,4.2,1.3,0.7,No,83.2,6.4,Good,4,Master,High,6.8,No,2.84,2,8.5,Yes,3,7.4,Quiet Room,Yes,Medium,9,2,10,Auditory,7.1,71
141526,21,Male,Arts,3.9,1.8,1.4,Yes,72.0,6.3,Good,6,Master,High,4.3,Yes,2.75,3,8.1,Yes,2,7.7,Library,No,Low,9,2,10,Auditory,7.7,73
141561,22,Other,Engineering,5.3,4.6,2.9,Yes,49.7,6.9,Good,3,High School,Low,7.199999999999999,No,4.0,3,8.2,Yes,5,14.3,Quiet Room,Yes,Medium,1,3,10,Auditory,5.6,100
141576,21,Female,Engineering,3.2,2.6,3.2,Yes,54.6,8.7,Fair,5,PhD,Medium,6.5,No,2.76,5,8.1,Yes,1,10.9,Co-Learning Group,No,High,9,3,10,Visual,7.5,61
141606,26,Other,Engineering,5.5,3.8,1.1,Yes,55.9,7.5,Fair,5,Bachelor,Low,8.4,No,4.0,4,8.7,Yes,0,10.8,Cafe,Yes,Low,8,1,10,Reading,2.3,100
141661,23,Male,Biology,2.8,3.8,0.6,No,72.8,7.6,Fair,5,High School,High,3.4000000000000004,No,3.27,6,8.2,Yes,5,8.2,Library,Yes,High,3,1,10,Kinesthetic,5.9,81
141701,26,Female,Arts,1.1,1.9,2.2,Yes,46.5,5.7,Poor,5,Some College,Medium,7.199999999999999,No,3.48,1,9.8,Yes,0,6.9,Co-Learning Group,Yes,Medium,9,1,10,Visual,3.7,86
141702,22,Male,Psychology,2.1,4.7,3.3,No,72.8,8.6,Fair,1,Some College,High,8.2,No,2.11,1,10.0,Yes,4,11.5,Cafe,No,High,6,1,10,Auditory,7.6,60
141752,19,Female,Business,2.7,4.5,2.3,Yes,59.2,6.9,Good,0,Master,Medium,5.7,Yes,3.32,3,8.7,Yes,4,10.5,Library,Yes,High,3,3,10,Visual,2.8,81
141794,22,Male,Arts,2.7,3.0,3.6,No,63.3,8.7,Good,7,Bachelor,High,6.6,Yes,3.08,7,8.1,Yes,3,9.4,Library,No,High,7,3,10,Auditory,8.0,70
142025,17,Female,Psychology,1.5,0.8,3.3,No,55.5,8.4,Good,2,Some College,Medium,1.7999999999999998,Yes,3.09,1,8.4,Yes,2,6.5,Library,Yes,Medium,8,3,10,Auditory,5.0,81
142058,19,Male,Engineering,4.2,0.1,3.5,Yes,44.1,6.6,Good,6,Some College,Low,4.4,No,4.0,6,9.6,Yes,2,8.4,Library,Yes,High,1,1,10,Auditory,6.7,100
142100,20,Female,Business,2.6,4.2,3.3,No,43.7,6.4,Good,7,Some College,High,8.9,Yes,3.94,4,8.9,Yes,5,11.8,Library,No,High,8,1,10,Reading,2.4,91
142109,24,Female,Psychology,0.0,0.8,3.3,No,53.9,8.7,Good,6,Bachelor,High,5.0,Yes,3.55,8,8.4,Yes,0,4.8,Cafe,No,High,7,2,10,Kinesthetic,9.4,81
142164,19,Male,Arts,3.5,3.0,0.2,No,76.2,4.0,Good,1,PhD,Low,8.5,Yes,2.72,6,8.4,Yes,3,8.5,Quiet Room,Yes,Low,4,2,10,Kinesthetic,6.3,58
142274,16,Other,Engineering,5.2,4.7,2.4,Yes,84.6,4.0,Good,0,Master,Medium,3.7,No,3.77,1,8.8,Yes,4,12.7,Dorm,Yes,High,2,2,10,Visual,9.0,82
142501,27,Male,Business,3.2,1.1,1.6,No,96.2,5.8,Good,1,Bachelor,Medium,4.1,Yes,3.71,1,9.0,Yes,4,7.1,Co-Learning Group,Yes,High,7,1,10,Kinesthetic,6.1,96
142576,23,Other,Business,6.0,0.9,2.8,No,93.6,7.4,Fair,4,Bachelor,Low,7.5,No,3.04,4,9.4,Yes,1,10.0,Dorm,Yes,Low,1,2,10,Kinesthetic,8.7,72
142683,19,Female,Business,4.0,4.2,2.4,Yes,69.8,4.9,Fair,4,Master,Medium,9.1,No,3.04,8,8.7,Yes,0,12.5,Dorm,No,Medium,6,3,10,Auditory,8.9,70
142695,19,Male,Computer Science,8.13186594936169,0.7,1.3,Yes,64.3,7.8,Good,5,Some College,Low,5.9,No,3.94,1,8.5,Yes,3,11.1,Cafe,Yes,Low,9,3,10,Reading,4.0,99
142791,19,Male,Computer Science,4.530776135147351,4.9,0.7,Yes,56.6,6.7,Fair,6,Bachelor,High,2.9,Yes,2.91,3,9.7,Yes,0,11.7,Cafe,Yes,Medium,9,2,10,Auditory,4.3,68
142797,26,Other,Biology,9.7,2.4,0.2,Yes,40.1,7.3,Fair,1,Master,Medium,7.1,Yes,3.13,3,9.5,Yes,5,12.7,Library,No,Low,7,3,10,Auditory,2.3,81
142935,27,Male,Arts,1.3,4.5,1.0,Yes,52.6,8.4,Good,5,Some College,High,7.1,Yes,3.47,4,9.5,Yes,5,7.6,Quiet Room,No,High,5,2,10,Auditory,7.6,81
142949,25,Male,Computer Science,3.2832069216243385,4.1,1.2,Yes,49.0,6.4,Good,3,PhD,Low,5.6,Yes,3.67,2,9.4,Yes,1,8.8,Cafe,Yes,Medium,2,3,10,Visual,2.2,96
142985,23,Male,Psychology,2.0,4.1,1.9,No,92.7,6.7,Poor,4,High School,Low,6.9,Yes,2.61,8,8.5,Yes,1,9.4,Dorm,Yes,High,7,1,10,Visual,6.6,66
143041,18,Other,Arts,5.2,4.0,2.0,No,62.4,7.4,Fair,0,Master,Low,1.9,Yes,3.19,6,8.5,Yes,5,12.9,Quiet Room,No,High,10,1,10,Reading,3.3,83
143083,22,Male,Business,2.4,4.0,0.5,No,95.0,11.7,Good,6,PhD,Low,8.7,No,3.43,2,9.2,Yes,1,8.3,Library,Yes,High,1,1,10,Auditory,4.0,84
143210,24,Female,Computer Science,5.420220690957272,1.4,1.9,No,80.2,7.0,Good,1,Bachelor,Low,7.1,No,2.71,7,8.6,Yes,1,9.7,Dorm,No,Low,3,3,10,Reading,5.3,72
143220,27,Male,Arts,6.2,2.7,3.3,Yes,96.2,8.2,Poor,7,PhD,Medium,6.1,No,4.0,6,8.9,Yes,3,13.4,Quiet Room,Yes,High,4,1,10,Kinesthetic,7.5,100
143224,26,Female,Psychology,5.8,4.2,3.8,No,69.5,6.9,Good,7,Bachelor,High,3.7,Yes,4.0,4,10.0,Yes,1,15.6,Co-Learning Group,Yes,Medium,2,1,10,Visual,1.1,100
143230,27,Male,Engineering,5.2,1.9,0.3,No,43.3,7.3,Good,7,PhD,Medium,4.6,No,4.0,7,8.1,Yes,0,8.3,Dorm,Yes,Medium,10,1,10,Reading,9.9,100
143309,17,Other,Computer Science,2.659833135437243,1.1,3.2,No,65.2,8.7,Fair,3,Some College,High,6.0,No,2.35,8,8.3,Yes,5,7.6,Co-Learning Group,No,Low,1,2,10,Visual,5.2,59
143327,17,Other,Engineering,2.6,0.5,3.7,Yes,78.8,7.7,Fair,3,Bachelor,Low,7.300000000000001,Yes,3.24,1,8.4,Yes,0,7.3,Quiet Room,Yes,Medium,1,2,10,Visual,3.8,79
143360,23,Female,Computer Science,1.19765495597831,4.2,0.6,No,85.8,5.0,Good,5,Bachelor,Medium,5.6,Yes,2.87,2,8.4,Yes,0,7.4,Co-Learning Group,No,Medium,2,3,10,Kinesthetic,8.4,74
143366,28,Female,Arts,1.9,1.2,3.6,No,50.9,7.8,Good,6,Master,High,2.4,Yes,2.84,4,9.8,Yes,2,8.5,Co-Learning Group,Yes,High,5,3,10,Kinesthetic,6.2,79
143438,28,Male,Engineering,1.2,2.4,2.2,Yes,59.5,9.1,Good,0,Some College,Low,2.9,No,3.73,5,9.5,Yes,5,6.6,Cafe,Yes,Medium,9,1,10,Kinesthetic,2.7,91
143613,22,Female,Computer Science,5.573488775689373,3.3,0.5,No,74.5,5.6,Poor,1,Master,High,7.4,No,3.14,8,9.9,Yes,1,9.8,Cafe,Yes,Medium,4,3,10,Kinesthetic,2.9,75
143666,23,Male,Biology,1.1,4.7,2.6,Yes,51.6,7.5,Good,0,High School,Medium,6.0,No,2.54,1,8.2,Yes,4,10.0,Co-Learning Group,Yes,Low,7,2,10,Reading,7.4,62
143712,26,Other,Psychology,2.8,1.5,3.3,No,95.7,4.3,Good,5,Bachelor,High,7.4,No,3.32,7,9.7,Yes,0,7.9,Quiet Room,Yes,Medium,8,1,10,Kinesthetic,8.6,82
143714,24,Female,Arts,5.6,3.0,1.5,Yes,41.1,6.4,Good,2,Some College,High,2.9,Yes,4.0,5,8.2,Yes,1,11.1,Quiet Room,No,Low,6,1,10,Reading,2.9,99
143775,22,Other,Arts,5.7,3.5,3.1,Yes,44.5,7.5,Poor,3,Some College,Medium,5.5,Yes,4.0,3,8.7,Yes,0,12.6,Library,Yes,Medium,7,1,10,Reading,1.5,94
143780,26,Female,Computer Science,3.937894301656727,2.2,3.4,Yes,88.1,4.0,Fair,1,Bachelor,Medium,4.8,No,2.7,2,8.2,Yes,1,9.6,Co-Learning Group,No,High,8,2,10,Visual,5.5,65
143955,22,Male,Arts,4.6,3.8,2.2,Yes,74.3,4.0,Good,5,High School,High,6.3,No,3.25,6,9.9,Yes,2,10.8,Quiet Room,No,Medium,6,1,10,Visual,1.1,90
143984,18,Male,Psychology,3.7,1.3,3.4,No,82.8,8.4,Poor,1,Master,Low,6.6,No,3.98,2,8.5,Yes,0,9.7,Library,No,Medium,7,2,10,Kinesthetic,7.4,99
144003,27,Other,Arts,6.6,0.8,3.0,No,50.3,4.0,Poor,4,Master,High,3.7,No,3.21,6,8.6,Yes,2,10.5,Quiet Room,No,High,7,3,10,Auditory,8.0,76
144009,27,Other,Arts,1.5,4.7,3.6,Yes,43.5,5.0,Good,0,Bachelor,Low,3.7,No,2.87,6,8.2,Yes,0,11.7,Quiet Room,Yes,Low,5,2,10,Auditory,1.2,80
144018,22,Female,Psychology,1.6,1.3,0.4,Yes,43.8,9.5,Poor,6,Some College,High,10.0,Yes,3.66,4,8.5,Yes,2,3.9,Quiet Room,Yes,Low,8,1,10,Visual,6.6,86
144076,20,Male,Engineering,1.2,2.7,1.0,Yes,61.3,9.1,Good,6,High School,High,7.1,No,2.78,4,8.2,Yes,0,6.6,Co-Learning Group,Yes,Medium,4,3,10,Reading,8.4,75
144100,21,Other,Computer Science,3.1593335006929117,0.6,1.3,Yes,68.2,7.7,Fair,2,Master,Low,3.1,No,3.04,4,8.1,Yes,1,6.7,Cafe,No,High,4,1,10,Kinesthetic,3.5,78
144107,28,Other,Engineering,1.2,4.5,3.1,No,63.7,6.2,Fair,6,Bachelor,Low,6.0,No,3.41,2,8.6,Yes,2,9.0,Co-Learning Group,No,Low,9,3,10,Reading,9.8,91
144202,20,Other,Engineering,4.8,4.2,3.6,Yes,73.7,4.0,Fair,5,Bachelor,High,3.4000000000000004,No,3.12,7,8.4,Yes,4,12.7,Library,Yes,Low,6,1,10,Reading,6.5,79
144255,28,Other,Arts,4.7,0.5,4.0,Yes,60.6,7.2,Good,4,Some College,Low,5.5,Yes,3.22,4,10.0,Yes,5,10.7,Dorm,Yes,High,8,2,10,Auditory,1.8,93
144326,25,Female,Psychology,2.1,2.5,3.1,Yes,53.3,8.1,Good,5,Master,Medium,7.5,Yes,2.67,1,8.2,Yes,1,7.9,Quiet Room,Yes,Medium,3,1,10,Auditory,5.3,58
144339,25,Male,Biology,3.8,1.7,3.6,Yes,65.4,8.8,Good,7,Some College,High,7.4,No,3.64,7,8.8,Yes,2,10.8,Dorm,No,Medium,10,1,10,Kinesthetic,7.3,87
144361,24,Male,Psychology,6.5,4.3,0.9,Yes,82.6,6.1,Poor,1,PhD,High,7.0,No,3.35,8,10.0,Yes,5,13.5,Co-Learning Group,Yes,Medium,4,1,10,Reading,1.2,81
144376,21,Female,Computer Science,5.237406793211956,3.5,2.0,Yes,93.5,5.2,Good,6,PhD,Low,4.7,Yes,3.95,8,8.5,Yes,4,12.7,Cafe,Yes,Low,8,1,10,Auditory,9.8,100
144412,26,Female,Arts,4.3,4.9,1.5,No,58.1,5.3,Fair,7,High School,High,9.0,No,4.0,5,8.1,Yes,4,11.1,Cafe,Yes,High,4,3,10,Kinesthetic,8.1,93
144445,18,Male,Biology,3.6,1.4,2.7,No,67.8,9.4,Good,3,Bachelor,Medium,7.300000000000001,No,3.32,4,8.6,Yes,1,8.9,Cafe,Yes,Low,4,2,10,Auditory,8.8,80
144495,18,Other,Psychology,3.8,1.7,2.9,Yes,93.0,6.1,Good,4,Bachelor,Medium,6.3,No,2.51,5,8.1,Yes,3,9.5,Co-Learning Group,No,High,6,1,10,Visual,8.3,65
144608,20,Female,Business,4.5,0.1,3.1,Yes,41.2,6.5,Poor,5,PhD,High,3.6,Yes,2.71,8,8.6,Yes,5,9.1,Quiet Room,Yes,Medium,1,2,10,Visual,5.1,72
144675,24,Female,Psychology,2.3,3.2,2.6,Yes,80.9,6.9,Good,3,Master,High,1.0,No,2.44,3,10.0,Yes,1,8.8,Quiet Room,Yes,High,6,2,10,Visual,3.2,68
144766,19,Male,Business,4.2,4.1,2.2,No,59.1,5.8,Fair,2,Bachelor,High,7.9,No,3.02,7,9.1,Yes,3,10.5,Cafe,Yes,Medium,2,2,10,Auditory,6.2,73
144769,23,Female,Business,5.7,1.2,1.7,No,64.1,4.0,Poor,1,Bachelor,Low,4.4,Yes,4.0,2,9.5,Yes,2,10.1,Dorm,Yes,Low,4,3,10,Visual,5.1,100
144881,23,Female,Business,4.9,0.6,0.5,Yes,59.2,4.8,Good,3,High School,Medium,5.1,Yes,3.9,2,8.8,Yes,5,7.4,Library,Yes,Medium,8,1,10,Kinesthetic,5.5,100
144917,28,Other,Business,2.8,0.1,0.9,Yes,87.5,5.9,Fair,1,Master,Low,1.0,Yes,3.41,3,8.6,Yes,2,4.0,Dorm,Yes,Low,4,3,10,Reading,6.5,75
145017,20,Male,Psychology,0.0,4.8,2.9,Yes,93.1,7.3,Good,5,Some College,High,5.0,Yes,2.07,5,8.5,Yes,5,8.0,Cafe,No,High,1,1,10,Visual,3.9,43
145117,21,Other,Engineering,4.4,4.6,3.9,Yes,94.3,7.2,Poor,5,Some College,High,6.4,No,4.0,1,9.3,Yes,4,14.8,Cafe,Yes,Medium,6,3,10,Auditory,7.9,95
145138,16,Other,Computer Science,6.210805848356314,1.7,2.1,No,84.5,4.6,Good,7,Master,High,3.8,No,4.0,6,8.4,Yes,0,11.6,Library,No,Medium,5,3,10,Auditory,6.8,100
145268,21,Male,Business,4.8,2.3,1.2,No,55.8,8.1,Poor,5,Bachelor,Low,4.8,Yes,3.42,3,8.8,Yes,0,9.7,Quiet Room,No,Low,3,2,10,Visual,3.5,80
145357,19,Other,Psychology,1.7,4.6,1.9,Yes,89.0,6.4,Poor,6,Master,High,3.4000000000000004,Yes,3.35,5,8.7,Yes,3,10.0,Library,Yes,Medium,8,3,10,Auditory,8.8,88
145399,26,Male,Biology,4.1,0.4,2.3,No,76.5,8.6,Fair,5,Some College,Low,5.7,No,2.8,7,8.1,Yes,4,8.5,Cafe,No,Medium,2,2,10,Visual,2.8,67
145409,16,Male,Biology,2.1,1.2,0.8,No,95.1,6.7,Poor,1,Bachelor,Low,4.7,No,3.08,7,8.4,Yes,1,4.9,Quiet Room,No,High,10,1,10,Visual,7.7,81
145424,25,Other,Business,9.3,3.6,0.7,No,55.3,5.2,Fair,1,Some College,High,9.0,No,3.18,5,9.7,Yes,5,15.5,Quiet Room,No,Low,2,1,10,Visual,5.7,78
145461,23,Male,Arts,8.2,1.3,1.8,No,99.9,9.8,Fair,4,PhD,Low,8.0,No,3.52,8,8.4,Yes,2,11.7,Quiet Room,Yes,High,1,3,10,Auditory,3.0,92
145492,24,Female,Business,3.6,3.2,1.0,No,81.3,4.6,Fair,6,PhD,Medium,5.3,Yes,3.99,2,8.2,Yes,1,8.7,Dorm,Yes,High,4,3,10,Visual,5.1,100
145550,24,Male,Biology,3.6,0.4,2.0,Yes,46.4,5.9,Poor,4,PhD,High,8.8,Yes,3.11,8,8.6,Yes,0,6.7,Cafe,Yes,Low,4,2,10,Visual,1.7,82
145596,19,Female,Psychology,6.9,0.5,2.1,No,59.6,7.2,Fair,7,PhD,High,9.0,No,3.1,7,8.6,Yes,2,10.8,Co-Learning Group,Yes,High,5,3,10,Visual,7.1,71
145677,28,Female,Arts,5.0,2.1,1.2,Yes,67.3,7.2,Good,2,Bachelor,Low,5.6,No,4.0,6,10.0,Yes,1,9.8,Co-Learning Group,No,Medium,2,3,10,Visual,9.0,99
145700,23,Female,Psychology,2.4,0.5,0.1,Yes,64.0,6.0,Good,3,Some College,Low,3.2,Yes,3.36,4,10.0,Yes,4,3.7,Dorm,No,Low,4,3,10,Kinesthetic,7.9,86
145720,24,Other,Computer Science,5.207144957920465,0.9,0.9,Yes,57.1,7.5,Fair,0,Master,Low,8.4,Yes,3.85,2,8.3,Yes,0,7.5,Co-Learning Group,No,Medium,1,1,10,Auditory,8.9,94
145724,22,Other,Engineering,6.5,3.5,1.9,No,44.7,6.8,Poor,3,High School,Medium,6.5,No,3.69,4,9.7,Yes,4,12.1,Co-Learning Group,Yes,Low,5,2,10,Auditory,2.7,95
145747,18,Other,Biology,6.1,2.9,2.9,No,81.1,4.6,Good,4,Some College,High,4.9,Yes,2.8,8,8.8,Yes,0,12.3,Cafe,Yes,Medium,10,2,10,Visual,1.6,62
145797,27,Other,Business,4.8,0.5,0.1,No,71.2,6.7,Poor,0,Bachelor,High,4.3,Yes,2.5,5,8.3,Yes,4,7.3,Co-Learning Group,No,High,2,2,10,Visual,1.6,69
145801,25,Female,Business,3.2,3.7,3.1,No,88.2,6.7,Good,0,Bachelor,Medium,5.6,No,3.65,5,8.1,Yes,5,10.9,Co-Learning Group,No,Low,7,2,10,Auditory,5.2,92
145866,19,Male,Biology,4.9,2.1,3.0,Yes,91.0,4.7,Poor,0,Master,Low,3.5,No,3.3,2,8.5,Yes,2,10.7,Cafe,No,Low,10,2,10,Visual,6.7,79
145880,22,Female,Business,4.7,3.1,3.2,No,64.1,5.1,Good,6,Bachelor,High,6.7,Yes,3.31,1,10.0,Yes,2,12.9,Library,No,Low,8,2,10,Auditory,8.3,80
145910,26,Male,Arts,5.1,2.3,2.4,No,76.8,5.9,Good,5,Bachelor,Low,6.6,Yes,3.46,8,8.7,Yes,1,11.4,Library,Yes,High,5,1,10,Visual,8.9,87
146140,17,Female,Biology,3.9,3.9,3.8,No,93.1,8.4,Fair,2,High School,Medium,4.4,Yes,3.91,8,8.2,Yes,3,13.5,Library,No,High,6,1,10,Kinesthetic,9.6,94
146205,26,Female,Arts,4.2,0.6,3.0,No,77.1,6.8,Poor,2,Bachelor,Medium,1.9,No,2.51,3,8.3,Yes,0,8.4,Cafe,Yes,Medium,3,1,10,Reading,4.1,64
146218,17,Male,Arts,4.1,2.4,2.7,No,96.6,5.2,Good,1,PhD,Low,4.8,No,2.95,6,8.3,Yes,4,11.0,Co-Learning Group,Yes,Low,3,2,10,Kinesthetic,1.3,73
146239,16,Other,Business,4.6,0.3,1.4,Yes,56.2,9.7,Good,2,High School,Medium,10.0,No,4.0,6,8.4,Yes,4,6.7,Quiet Room,No,Medium,6,2,10,Reading,1.5,100
146246,28,Male,Arts,3.3,3.0,0.7,No,99.0,7.1,Poor,0,Some College,Medium,4.0,Yes,3.17,4,9.6,Yes,1,8.9,Quiet Room,Yes,High,1,3,10,Auditory,4.9,84
146332,27,Male,Psychology,3.3,2.5,3.6,No,64.1,8.0,Poor,1,Bachelor,Low,6.1,No,3.29,7,8.7,Yes,0,11.0,Library,No,Medium,7,3,10,Kinesthetic,7.7,75
146420,18,Other,Computer Science,9.10987658481482,1.0,2.5,No,60.1,5.2,Fair,6,PhD,Low,6.8,No,4.0,6,8.3,Yes,4,13.5,Quiet Room,Yes,High,7,1,10,Visual,9.6,100
146478,22,Female,Business,1.7,2.0,0.1,Yes,57.6,7.4,Good,7,High School,Low,6.8,No,3.61,8,8.6,Yes,0,4.2,Library,Yes,Low,1,3,10,Visual,4.9,83
146499,21,Other,Biology,3.3,2.0,1.2,No,99.9,7.4,Good,4,PhD,Medium,3.6,Yes,3.84,4,9.4,Yes,1,7.1,Quiet Room,Yes,Low,2,2,10,Reading,9.4,100
146516,23,Other,Biology,5.4,4.5,2.7,Yes,94.3,6.1,Good,1,Master,Medium,1.0,No,4.0,8,8.6,Yes,4,14.1,Co-Learning Group,Yes,Low,4,2,10,Auditory,5.3,92
146580,22,Male,Biology,4.2,4.2,4.0,Yes,71.3,5.2,Poor,1,Master,Medium,8.9,No,3.86,1,8.1,Yes,4,13.8,Library,Yes,High,1,3,10,Visual,5.7,97
146712,23,Male,Engineering,3.4,4.4,0.1,Yes,44.5,6.8,Fair,6,Master,Low,4.3,Yes,3.0,5,9.2,Yes,2,9.2,Quiet Room,No,Medium,3,3,10,Kinesthetic,9.9,78
146783,22,Other,Arts,3.9,4.0,2.8,Yes,97.1,7.3,Poor,1,Some College,Low,8.5,No,2.7,4,10.0,Yes,3,11.4,Library,Yes,Medium,5,2,10,Kinesthetic,8.0,67
146874,26,Other,Business,2.9,0.5,2.7,Yes,63.0,6.8,Good,3,Bachelor,Low,7.9,Yes,3.48,3,8.8,Yes,5,6.1,Library,Yes,High,9,3,10,Auditory,1.3,88
146993,22,Other,Engineering,0.0,4.9,1.1,Yes,73.7,7.3,Poor,5,PhD,Low,4.8,No,2.22,3,8.5,Yes,4,6.5,Cafe,No,High,8,2,10,Reading,3.1,64
147046,18,Male,Engineering,6.0,4.8,1.7,No,67.4,7.5,Poor,6,Bachelor,Low,9.5,Yes,3.44,8,9.5,Yes,0,13.3,Dorm,No,Low,10,3,10,Reading,3.4,89
147061,26,Female,Engineering,2.8,0.4,2.0,No,67.4,8.3,Fair,2,Bachelor,Medium,2.6,No,4.0,3,8.7,Yes,1,6.8,Quiet Room,Yes,Medium,2,3,10,Visual,5.6,98
147090,17,Other,Engineering,3.1,2.5,1.0,Yes,54.8,7.6,Fair,2,Master,High,7.4,No,3.96,3,9.3,Yes,0,8.1,Library,No,Medium,2,3,10,Auditory,7.2,100
147091,24,Female,Biology,4.4,1.0,0.0,No,63.7,4.0,Good,3,Bachelor,Medium,7.0,Yes,3.65,1,8.1,Yes,1,7.2,Quiet Room,No,High,2,2,10,Visual,6.8,90
147257,18,Other,Business,6.7,1.4,2.2,Yes,66.6,9.5,Fair,1,Master,Medium,5.0,Yes,4.0,6,8.1,Yes,1,11.3,Library,Yes,Medium,1,3,10,Reading,9.3,99
147261,24,Other,Arts,2.8,4.7,3.1,Yes,55.1,7.5,Poor,3,Some College,Medium,8.3,Yes,3.07,8,8.6,Yes,5,10.8,Dorm,No,High,1,2,10,Visual,9.6,78
147336,19,Other,Engineering,0.4,4.5,3.2,Yes,74.2,7.4,Fair,1,PhD,Low,9.7,Yes,2.65,5,9.1,Yes,5,8.7,Quiet Room,Yes,Low,9,2,10,Visual,8.1,70
147394,25,Other,Arts,4.1,1.7,2.8,Yes,65.0,7.1,Fair,5,PhD,Low,5.4,No,2.6,7,8.3,Yes,3,9.9,Quiet Room,No,Medium,8,3,10,Visual,1.5,63
147420,17,Other,Biology,2.5,1.9,0.7,No,62.8,7.3,Good,0,PhD,Low,6.3,Yes,2.54,1,8.5,Yes,4,5.3,Quiet Room,Yes,High,7,3,10,Auditory,9.7,64
147507,25,Female,Engineering,5.1,3.4,3.1,No,56.7,8.6,Fair,0,Master,High,8.1,No,2.68,1,8.6,Yes,2,13.3,Dorm,No,High,5,2,10,Auditory,6.3,65
147651,19,Female,Biology,0.0,3.3,1.4,No,76.1,5.8,Fair,7,PhD,Medium,4.2,Yes,2.95,6,10.0,Yes,0,5.1,Cafe,Yes,High,1,3,10,Auditory,3.3,76
147659,22,Male,Biology,1.3,3.1,1.9,No,86.4,7.0,Fair,0,Some College,Medium,4.5,No,3.69,7,10.0,Yes,4,7.2,Library,No,High,3,2,10,Auditory,3.6,91
147717,26,Male,Biology,0.5,3.3,1.3,Yes,93.8,6.2,Good,3,Some College,High,5.1,No,2.55,7,8.8,Yes,5,6.3,Quiet Room,No,High,1,2,10,Reading,2.6,56
147932,22,Female,Arts,3.3,1.5,1.6,No,63.5,5.0,Good,1,Some College,High,9.6,Yes,3.67,3,8.6,Yes,5,6.9,Library,Yes,Low,8,2,10,Visual,6.9,94
148000,22,Female,Arts,6.5,2.5,2.5,Yes,60.1,8.4,Fair,6,High School,Medium,5.6,No,3.24,7,8.4,Yes,3,12.8,Quiet Room,Yes,High,4,3,10,Reading,5.1,78
148219,20,Other,Arts,0.6,4.6,1.3,Yes,63.7,8.0,Fair,1,Master,Low,6.4,No,3.88,4,8.1,Yes,1,8.4,Co-Learning Group,Yes,Medium,3,3,10,Kinesthetic,2.6,95
148394,28,Male,Business,4.5,0.4,1.1,Yes,64.4,7.0,Good,6,Bachelor,Medium,5.2,Yes,2.59,1,8.9,Yes,1,6.7,Quiet Room,No,High,9,1,10,Reading,3.7,64
148398,16,Female,Psychology,5.1,3.5,1.8,Yes,79.7,6.9,Fair,7,Bachelor,High,5.8,No,4.0,8,9.8,Yes,5,11.6,Co-Learning Group,Yes,Medium,2,3,10,Reading,3.4,100
148503,16,Female,Psychology,4.7,1.2,0.6,Yes,75.1,9.7,Good,6,High School,High,3.9,Yes,3.53,5,9.7,Yes,4,7.7,Library,Yes,Medium,8,3,10,Kinesthetic,3.5,91
148533,16,Other,Biology,6.3,0.1,1.7,Yes,55.5,7.6,Good,2,High School,Low,10.0,No,4.0,3,8.6,Yes,2,9.9,Co-Learning Group,No,High,2,3,10,Reading,6.2,100
148617,25,Other,Business,6.6,3.2,3.1,Yes,48.4,7.1,Good,0,High School,Low,6.2,Yes,3.93,2,9.2,Yes,1,14.6,Dorm,Yes,Medium,10,2,10,Reading,7.8,100
148650,19,Other,Arts,3.6,2.7,1.1,No,48.9,6.1,Good,0,Some College,High,4.1,Yes,2.9,3,8.5,Yes,5,9.1,Cafe,No,Medium,2,3,10,Auditory,5.1,72
148690,28,Female,Arts,2.1,0.3,3.2,Yes,98.0,8.5,Poor,2,Master,Low,7.1,No,2.36,4,10.0,Yes,4,7.5,Co-Learning Group,Yes,High,3,2,10,Visual,9.6,55
148696,23,Female,Engineering,5.1,3.1,3.6,Yes,75.3,7.5,Fair,6,High School,High,8.7,No,3.0,5,8.7,Yes,1,12.2,Quiet Room,No,Low,8,2,10,Kinesthetic,1.9,75
148802,16,Other,Biology,3.9,4.9,3.1,No,44.4,8.6,Poor,4,Bachelor,Medium,6.3,No,4.0,1,9.1,Yes,4,12.3,Quiet Room,Yes,High,7,2,10,Kinesthetic,6.5,100
148858,23,Female,Arts,3.0,3.2,3.5,Yes,98.4,8.3,Fair,5,Bachelor,High,2.5,No,2.45,4,8.7,Yes,0,11.3,Quiet Room,No,Medium,7,1,10,Visual,1.8,57
148879,28,Female,Computer Science,7.79324023107196,1.9,2.7,Yes,48.3,4.3,Fair,3,PhD,Low,5.6,Yes,3.11,8,8.9,Yes,1,12.5,Dorm,Yes,Medium,6,3,10,Kinesthetic,5.7,75
148898,18,Female,Biology,2.9,4.1,3.6,Yes,42.0,7.7,Poor,5,PhD,Medium,6.6,No,2.5,6,10.0,Yes,0,12.1,Library,Yes,Low,7,1,10,Visual,1.8,65
148906,20,Female,Psychology,2.7,0.9,2.3,No,70.2,4.8,Fair,0,High School,Medium,7.1,No,3.48,7,10.0,Yes,1,6.2,Library,No,Low,4,1,10,Auditory,8.7,93
148919,24,Other,Arts,5.4,3.0,1.5,No,98.1,8.5,Good,7,High School,Medium,6.1,Yes,4.0,6,8.6,Yes,4,11.3,Quiet Room,Yes,Medium,9,1,10,Auditory,9.0,96
148969,25,Other,Biology,3.9,2.5,0.6,Yes,66.8,5.5,Good,6,Master,Medium,6.8,Yes,3.28,1,8.2,Yes,1,7.5,Co-Learning Group,Yes,High,2,3,10,Auditory,4.9,87
148992,26,Female,Business,6.6,3.9,3.3,Yes,79.1,4.8,Good,0,Bachelor,Low,4.3,No,3.99,1,8.7,Yes,3,15.0,Cafe,No,Low,6,1,10,Reading,3.7,89
149004,27,Male,Computer Science,4.104592411976391,1.4,0.3,No,80.8,8.5,Fair,7,Master,Low,6.7,Yes,3.8,2,8.4,Yes,1,7.2,Library,No,Medium,4,2,10,Reading,1.8,100
149014,23,Male,Psychology,7.0,3.4,0.8,No,43.5,9.0,Fair,2,High School,High,7.6,Yes,4.0,3,9.1,Yes,1,13.1,Quiet Room,No,Medium,5,3,10,Reading,2.2,100
149029,21,Male,Biology,8.5,4.7,0.2,No,40.8,4.7,Poor,0,PhD,Medium,7.300000000000001,Yes,2.55,1,8.3,Yes,4,14.5,Cafe,No,Medium,10,3,10,Visual,6.6,72
149081,18,Male,Biology,0.2,0.2,0.9,Yes,64.9,4.7,Poor,4,Bachelor,Low,8.3,No,2.29,4,8.4,Yes,1,1.7,Library,No,Medium,8,3,10,Visual,1.4,55
149160,22,Male,Psychology,3.7,0.8,1.5,Yes,61.9,8.3,Good,4,Bachelor,Medium,5.1,Yes,3.4,1,8.5,Yes,5,6.2,Co-Learning Group,Yes,High,3,3,10,Visual,6.4,92
149172,19,Male,Engineering,0.6,3.2,2.8,No,53.3,7.5,Fair,6,Master,High,5.2,Yes,3.54,7,8.4,Yes,4,8.5,Dorm,No,Medium,6,2,10,Visual,3.3,84
149178,24,Other,Psychology,3.1,0.5,3.1,Yes,94.1,8.3,Poor,0,High School,High,7.4,Yes,4.0,5,8.9,Yes,3,8.2,Dorm,Yes,High,3,3,10,Reading,3.6,96
149259,24,Male,Business,1.8,4.7,0.6,Yes,64.6,10.2,Fair,3,Bachelor,High,8.4,Yes,3.46,1,9.7,Yes,2,8.5,Cafe,Yes,Medium,6,3,10,Visual,8.7,88
149346,22,Male,Biology,0.0,3.2,0.6,Yes,99.6,9.5,Good,2,Master,Medium,5.8,Yes,3.38,7,8.7,Yes,1,4.1,Dorm,Yes,Low,2,1,10,Reading,1.5,78
149368,27,Other,Arts,2.3,3.3,1.4,Yes,72.5,7.0,Fair,0,Bachelor,Low,4.7,Yes,3.05,5,8.2,Yes,0,7.7,Quiet Room,No,High,8,2,10,Auditory,1.5,76
149384,25,Other,Engineering,4.4,3.8,3.7,No,81.7,8.3,Poor,0,PhD,High,6.4,No,4.0,7,8.1,Yes,0,13.1,Cafe,No,Low,1,3,10,Auditory,7.6,100
149388,28,Female,Engineering,4.9,1.8,1.8,Yes,98.9,4.9,Poor,3,Master,Low,8.6,Yes,4.0,4,8.2,Yes,1,10.3,Cafe,Yes,High,7,2,10,Kinesthetic,3.4,100
149411,23,Male,Engineering,2.0,4.5,0.7,No,63.6,6.1,Poor,1,PhD,High,6.1,Yes,2.26,7,8.9,Yes,1,8.8,Library,No,Medium,5,1,10,Kinesthetic,2.4,64
149534,25,Female,Business,2.2,2.9,1.1,No,54.8,5.3,Fair,0,Some College,Medium,10.0,Yes,3.75,3,8.1,Yes,2,6.6,Co-Learning Group,No,Medium,1,3,10,Auditory,4.8,95
149649,19,Male,Business,1.8,4.2,2.0,No,52.4,8.8,Good,6,Bachelor,Low,7.300000000000001,Yes,3.18,5,8.2,Yes,0,8.8,Dorm,Yes,High,7,1,10,Reading,6.6,74
149720,28,Female,Psychology,4.8,1.7,1.8,Yes,56.7,4.3,Poor,2,Master,Medium,8.6,No,2.64,5,8.2,Yes,3,9.7,Cafe,No,High,4,2,10,Visual,6.5,73
149742,16,Other,Business,7.0,1.6,0.4,No,57.1,6.4,Good,1,Some College,High,5.0,No,3.36,1,8.2,Yes,5,10.2,Co-Learning Group,Yes,Medium,1,2,10,Kinesthetic,8.6,73
149828,21,Male,Engineering,8.3,1.4,1.5,No,64.3,6.7,Fair,3,High School,Low,8.4,Yes,4.0,5,8.8,Yes,2,12.0,Dorm,No,Medium,8,2,10,Auditory,6.1,100
149837,24,Other,Engineering,2.9,0.6,3.1,Yes,69.2,9.0,Good,0,High School,High,7.300000000000001,Yes,2.35,6,8.3,Yes,5,6.7,Dorm,No,High,9,1,10,Auditory,3.8,48
149875,22,Other,Business,3.3,4.0,0.4,No,49.6,5.9,Good,0,Master,Medium,8.8,No,2.84,5,9.6,Yes,0,8.5,Library,No,High,1,2,10,Auditory,4.2,71
149953,20,Other,Arts,2.1,4.1,2.6,Yes,59.1,8.0,Poor,3,High School,High,3.8,Yes,3.77,2,8.6,Yes,3,8.8,Co-Learning Group,No,Medium,3,1,10,Reading,5.9,91
149979,23,Male,Biology,3.7,0.9,0.1,No,46.5,5.4,Good,7,High School,Low,5.7,Yes,4.0,4,9.2,Yes,1,5.0,Cafe,Yes,High,3,2,10,Visual,1.8,96
150000,20,Female,Biology,2.9,4.0,0.9,Yes,80.4,6.4,Good,4,Bachelor,Low,2.9,Yes,3.63,3,9.5,Yes,0,8.9,Library,Yes,High,2,1,10,Visual,3.0,92
150096,22,Female,Biology,2.5,3.3,4.0,No,64.3,6.2,Good,2,PhD,High,6.5,Yes,3.81,6,9.1,Yes,4,10.5,Quiet Room,No,High,2,1,10,Auditory,8.0,94
150168,20,Female,Arts,5.6,3.4,1.5,Yes,97.4,5.6,Poor,2,Master,High,3.7,No,3.19,7,9.5,Yes,4,11.4,Dorm,No,Medium,8,1,10,Kinesthetic,7.9,84
150175,28,Other,Computer Science,1.6103837059033972,3.1,3.0,No,44.6,8.9,Fair,0,Master,High,10.0,No,2.3,6,8.4,Yes,2,9.5,Dorm,Yes,Low,6,3,10,Visual,2.1,49
150189,16,Other,Engineering,4.6,4.6,0.3,Yes,83.8,7.6,Good,0,High School,Low,7.9,Yes,4.0,1,9.5,Yes,0,10.8,Quiet Room,Yes,Medium,5,3,10,Auditory,6.6,96
150190,28,Other,Business,4.0,3.0,1.5,Yes,97.2,8.7,Fair,5,High School,High,6.7,No,2.77,7,8.8,Yes,5,8.7,Cafe,No,Medium,9,3,10,Auditory,2.7,68
150293,22,Other,Computer Science,5.318649237243356,2.7,0.4,Yes,64.4,7.3,Good,5,Some College,Low,6.1,No,3.02,4,8.8,Yes,4,8.6,Quiet Room,Yes,High,9,1,10,Auditory,8.5,74
150344,28,Female,Psychology,3.7,1.5,0.4,No,64.0,7.2,Poor,6,PhD,High,4.2,No,2.8,3,8.2,Yes,1,6.6,Quiet Room,No,Medium,8,3,10,Reading,6.7,66
150358,19,Female,Arts,3.3,4.5,4.0,Yes,48.8,8.9,Good,0,Master,Low,5.2,No,2.74,7,8.5,Yes,5,11.8,Quiet Room,No,Medium,6,1,10,Auditory,3.7,71
150360,19,Other,Engineering,5.3,1.7,3.2,Yes,44.2,7.9,Fair,5,Some College,Medium,7.300000000000001,Yes,4.0,5,8.7,Yes,0,11.5,Quiet Room,Yes,Low,1,2,10,Reading,1.7,100
150384,21,Male,Business,4.5,2.7,2.2,No,69.9,8.4,Fair,2,High School,Medium,4.8,No,3.37,6,8.1,Yes,3,11.3,Library,No,Medium,3,2,10,Kinesthetic,9.6,89
150479,19,Other,Business,3.6,3.8,1.1,No,49.7,6.2,Fair,6,Bachelor,Low,8.1,Yes,3.3,5,8.7,Yes,2,8.8,Co-Learning Group,Yes,Medium,7,1,10,Kinesthetic,3.4,77
150491,24,Other,Business,3.2,3.2,1.5,No,70.0,8.5,Good,5,PhD,Medium,5.6,Yes,2.65,7,8.2,Yes,5,9.0,Co-Learning Group,No,Low,6,2,10,Reading,4.4,69
150597,19,Female,Computer Science,3.871988885039233,4.8,3.1,No,79.5,8.3,Fair,7,High School,Low,7.5,No,4.0,7,9.0,Yes,3,13.5,Co-Learning Group,Yes,High,2,2,10,Kinesthetic,2.2,96
150603,24,Male,Psychology,6.8,2.8,3.7,Yes,64.6,7.3,Good,7,PhD,Medium,6.4,No,3.84,5,8.3,Yes,5,15.0,Dorm,No,High,8,3,10,Auditory,1.1,95
150640,27,Female,Arts,4.4,4.3,0.5,Yes,54.1,5.8,Good,4,Bachelor,High,9.7,Yes,2.68,7,8.2,Yes,4,10.2,Cafe,No,Low,1,2,10,Visual,9.6,70
150719,17,Female,Engineering,7.1,3.2,3.0,No,64.6,6.5,Fair,1,Bachelor,Medium,7.0,Yes,2.94,8,8.6,Yes,2,14.1,Library,No,High,3,1,10,Auditory,8.3,78
150727,18,Other,Computer Science,5.697371516183194,0.5,2.3,Yes,94.5,5.7,Poor,4,Bachelor,High,9.2,Yes,4.0,4,8.4,Yes,3,8.8,Dorm,Yes,Medium,8,3,10,Auditory,9.4,100
150730,28,Other,Business,3.6,4.9,3.7,Yes,46.1,8.1,Fair,1,High School,Medium,9.5,Yes,3.21,8,9.6,Yes,5,14.1,Dorm,No,Medium,7,2,10,Auditory,3.2,74
150740,21,Male,Business,3.4,4.2,2.7,No,42.3,6.0,Poor,2,Bachelor,Medium,4.5,No,2.98,1,8.2,Yes,4,10.9,Library,No,Low,6,3,10,Kinesthetic,1.9,81
150764,18,Other,Arts,3.0,2.1,1.6,No,77.8,5.6,Fair,1,Bachelor,High,10.0,No,3.11,7,8.1,Yes,4,7.4,Quiet Room,No,High,10,3,10,Reading,6.3,74
150792,19,Female,Engineering,2.5,3.0,0.4,No,98.9,8.1,Fair,5,PhD,High,7.300000000000001,No,2.76,1,9.3,Yes,0,7.6,Quiet Room,Yes,Low,9,1,10,Reading,6.4,69
150796,23,Other,Arts,2.7,1.9,1.8,No,68.0,7.1,Good,5,PhD,Medium,3.7,No,2.1,5,9.9,Yes,0,8.1,Dorm,Yes,Low,3,2,10,Visual,3.5,51
150969,24,Female,Arts,3.1,1.2,2.1,No,50.8,5.9,Fair,7,Master,High,6.5,Yes,2.37,2,10.0,Yes,1,7.7,Dorm,Yes,High,4,3,10,Visual,5.9,55
151001,22,Female,Business,3.8,1.0,2.9,Yes,95.4,6.8,Good,6,Some College,Medium,3.2,No,2.33,7,9.1,Yes,1,9.4,Dorm,Yes,High,2,2,10,Kinesthetic,1.5,56
151013,25,Other,Computer Science,3.702975982908831,1.4,1.9,Yes,57.9,6.3,Good,3,PhD,Low,9.7,Yes,2.55,4,8.2,Yes,4,7.3,Dorm,No,High,10,3,10,Visual,7.9,66
151021,26,Female,Computer Science,4.7972513541906,2.9,1.1,No,72.9,5.4,Good,0,PhD,Low,7.800000000000001,Yes,2.99,7,8.3,Yes,1,9.9,Library,No,High,7,2,10,Reading,4.3,83
151033,19,Male,Engineering,4.8,1.4,2.4,No,68.0,8.7,Good,1,PhD,High,6.8,No,2.78,8,8.2,Yes,3,9.3,Dorm,Yes,High,2,1,10,Auditory,9.8,65
151100,26,Male,Business,3.6,4.6,2.9,No,40.8,8.8,Fair,7,High School,High,7.4,Yes,3.19,5,8.9,Yes,2,11.6,Co-Learning Group,No,Low,2,3,10,Reading,2.8,86
151149,21,Other,Computer Science,4.013931022512048,1.1,0.9,Yes,74.4,7.8,Fair,5,PhD,High,5.3,No,3.39,2,8.1,Yes,5,7.7,Dorm,No,Medium,8,3,10,Kinesthetic,9.8,85
151213,27,Male,Biology,7.9,0.0,2.5,No,87.2,9.6,Fair,6,Some College,Medium,3.5,Yes,3.8,7,8.4,Yes,2,12.2,Library,No,High,4,2,10,Kinesthetic,4.5,99
151242,24,Male,Biology,3.8,3.3,3.1,Yes,99.2,8.4,Good,3,Bachelor,Low,4.8,Yes,3.84,3,10.0,Yes,1,12.0,Co-Learning Group,No,Low,10,3,10,Auditory,5.7,100
151282,21,Male,Engineering,3.7,2.8,1.4,Yes,55.3,4.1,Good,1,Bachelor,Low,6.5,No,3.58,4,9.0,Yes,0,8.7,Co-Learning Group,Yes,High,1,1,10,Kinesthetic,3.9,89
151287,23,Male,Psychology,0.5,3.6,0.6,Yes,80.3,7.9,Fair,5,Bachelor,High,8.0,No,3.65,4,8.2,Yes,3,6.0,Cafe,No,Medium,8,2,10,Kinesthetic,8.0,91
151293,16,Female,Arts,9.1,4.5,0.6,Yes,70.5,6.5,Good,4,Bachelor,Medium,1.7999999999999998,Yes,4.0,8,8.6,Yes,3,14.9,Cafe,Yes,High,7,1,10,Kinesthetic,6.1,97
151302,16,Female,Business,7.1,1.6,2.6,Yes,71.1,5.7,Fair,7,Bachelor,Medium,7.4,No,3.31,1,8.3,Yes,3,12.8,Co-Learning Group,Yes,Low,7,1,10,Reading,2.5,90
151330,26,Female,Psychology,4.4,2.6,1.1,No,43.9,7.1,Poor,6,Bachelor,High,1.0,Yes,3.83,8,8.1,Yes,3,10.1,Library,Yes,High,10,3,10,Visual,6.4,89
151341,28,Female,Arts,2.5,3.8,2.8,Yes,40.9,4.2,Good,4,Master,Low,7.800000000000001,Yes,2.91,2,8.9,Yes,0,9.8,Co-Learning Group,No,High,8,1,10,Visual,7.0,73
151354,19,Female,Business,1.3,4.1,1.7,Yes,50.2,6.2,Fair,5,Master,Medium,3.1,No,2.69,5,9.3,Yes,2,7.6,Cafe,No,Low,8,3,10,Reading,9.3,62
151362,23,Female,Arts,3.4,0.9,3.3,Yes,61.9,6.6,Good,2,Some College,Low,4.1,Yes,3.84,1,8.9,Yes,1,9.0,Cafe,No,Low,3,2,10,Visual,6.8,100
151364,27,Other,Engineering,5.4,0.5,2.5,Yes,72.1,7.4,Good,6,Bachelor,Low,6.1,No,3.29,8,8.7,Yes,5,8.5,Dorm,Yes,Low,6,1,10,Visual,2.1,85
151399,21,Female,Biology,2.9,4.8,1.3,No,86.5,7.5,Fair,4,PhD,Medium,6.2,Yes,3.33,8,10.0,Yes,2,10.4,Co-Learning Group,Yes,Medium,3,3,10,Kinesthetic,9.4,77
151420,22,Other,Biology,3.2,4.6,3.1,No,45.2,7.1,Fair,5,Some College,High,9.2,No,3.69,1,8.4,Yes,0,12.5,Quiet Room,No,Low,2,2,10,Kinesthetic,1.4,89
151461,21,Other,Business,4.6,0.2,3.6,No,78.9,6.8,Good,6,High School,High,6.7,Yes,2.63,7,8.8,Yes,0,9.0,Dorm,No,High,9,1,10,Kinesthetic,2.5,62
151507,20,Male,Computer Science,3.74942143469361,1.9,3.1,No,62.0,6.5,Fair,4,Bachelor,Low,6.7,No,3.54,7,8.7,Yes,3,9.1,Co-Learning Group,Yes,High,7,1,10,Auditory,3.5,91
151509,22,Other,Arts,2.1,1.0,1.5,Yes,90.8,8.6,Good,6,Bachelor,High,7.199999999999999,No,3.75,1,8.8,Yes,3,6.5,Quiet Room,No,Medium,5,2,10,Kinesthetic,2.9,96
151564,21,Female,Psychology,1.7,3.0,0.5,No,86.2,9.1,Poor,0,High School,High,6.2,No,3.88,4,8.2,Yes,2,5.4,Quiet Room,No,Medium,8,3,10,Kinesthetic,3.5,100
151583,19,Female,Engineering,0.8,3.5,1.0,No,81.2,4.0,Good,5,Some College,Medium,4.9,Yes,3.2,3,10.0,Yes,4,6.4,Quiet Room,Yes,Low,9,2,10,Auditory,2.8,83
151630,26,Male,Biology,4.0,3.7,1.1,No,58.8,6.1,Fair,4,PhD,Low,4.6,No,2.62,4,9.2,Yes,1,9.4,Cafe,Yes,Low,4,1,10,Kinesthetic,5.4,66
151646,20,Female,Computer Science,2.6093380526948886,0.4,1.9,No,76.7,6.0,Good,2,Some College,High,5.9,Yes,3.54,7,8.5,Yes,4,6.1,Library,Yes,High,4,2,10,Kinesthetic,8.4,93
151647,20,Other,Arts,2.3,4.9,0.3,No,90.0,5.9,Good,5,High School,Low,8.8,No,2.79,7,9.0,Yes,1,7.7,Quiet Room,Yes,Low,7,1,10,Reading,2.3,62
151657,18,Other,Arts,7.6,0.0,2.5,No,80.3,8.4,Good,2,PhD,High,4.1,No,2.82,6,10.0,Yes,0,10.5,Dorm,Yes,Low,2,1,10,Reading,8.4,72
151736,20,Other,Business,3.7,4.5,1.4,No,62.1,6.0,Poor,3,High School,High,9.8,Yes,2.27,2,9.0,Yes,3,10.9,Library,No,Low,3,2,10,Reading,5.5,59
151778,18,Male,Psychology,4.6,1.7,3.1,No,54.7,7.5,Fair,2,High School,Medium,5.3,No,3.19,1,10.0,Yes,0,11.1,Cafe,Yes,High,7,1,10,Visual,2.8,80
151784,22,Female,Arts,7.5,4.3,0.7,Yes,80.9,9.8,Fair,4,PhD,Medium,6.3,No,3.77,6,9.3,Yes,4,13.1,Co-Learning Group,Yes,Medium,2,3,10,Auditory,9.7,96
151900,16,Male,Engineering,5.2,1.2,1.7,No,48.2,6.5,Poor,4,Master,Low,3.8,Yes,3.03,1,8.1,Yes,4,8.4,Dorm,Yes,Medium,2,3,10,Auditory,7.9,77
151902,27,Other,Computer Science,4.724168635890848,4.4,2.7,Yes,67.7,6.9,Poor,0,Master,Medium,5.0,No,3.69,1,8.4,Yes,0,13.6,Quiet Room,No,Medium,2,1,10,Auditory,7.2,94
151944,22,Other,Business,4.2,4.2,2.1,Yes,50.4,5.2,Poor,4,PhD,Medium,5.7,No,3.68,4,8.2,Yes,2,11.7,Quiet Room,No,Medium,8,1,10,Reading,5.9,98
151972,24,Male,Computer Science,4.872089971132836,1.9,0.1,No,94.1,6.2,Poor,4,Some College,High,6.7,Yes,3.54,1,8.1,Yes,4,8.0,Co-Learning Group,No,Low,5,3,10,Auditory,9.0,100
152078,20,Male,Engineering,4.1,2.6,2.6,No,64.6,6.7,Good,7,PhD,High,8.2,No,3.57,3,10.0,Yes,0,10.1,Quiet Room,Yes,High,1,1,10,Visual,8.0,85
152084,27,Male,Engineering,6.2,5.0,3.9,No,61.1,4.9,Fair,4,Master,High,6.0,No,3.04,2,8.7,Yes,4,16.6,Cafe,No,Low,9,3,10,Auditory,4.7,71
152136,24,Female,Computer Science,2.1984758987795345,5.0,1.3,Yes,73.7,8.8,Good,0,PhD,Low,6.0,Yes,3.46,6,8.8,Yes,0,10.3,Library,Yes,Low,9,1,10,Visual,5.2,87
152334,25,Female,Psychology,4.3,1.1,0.3,No,43.3,8.8,Good,5,Some College,Low,6.5,No,2.59,5,8.1,Yes,5,5.8,Co-Learning Group,No,Low,6,2,10,Auditory,5.9,77
152371,26,Male,Business,4.6,0.2,2.8,Yes,49.7,6.7,Fair,6,High School,Low,8.4,Yes,3.18,8,8.7,Yes,0,8.4,Cafe,Yes,High,7,3,10,Visual,8.0,77
152383,24,Female,Engineering,1.9,0.7,2.2,Yes,88.2,6.5,Fair,6,Bachelor,Medium,7.4,Yes,3.27,3,8.1,Yes,4,6.5,Co-Learning Group,Yes,Medium,8,2,10,Kinesthetic,9.2,76
152429,16,Male,Psychology,2.7,2.2,1.6,Yes,93.1,4.0,Good,6,PhD,Medium,3.2,Yes,2.57,5,8.9,Yes,0,7.7,Quiet Room,No,High,9,2,10,Reading,4.7,70
152684,26,Male,Computer Science,4.502681546582439,4.4,3.5,Yes,97.9,8.6,Good,1,Some College,High,4.6,Yes,2.5,5,9.5,Yes,4,12.7,Quiet Room,No,Medium,8,1,10,Auditory,3.3,70
152701,25,Male,Engineering,4.5,3.3,0.5,No,73.0,7.1,Good,7,Some College,Low,6.9,No,4.0,4,9.4,Yes,5,8.8,Quiet Room,Yes,High,7,1,10,Kinesthetic,4.4,97
152709,27,Male,Biology,5.6,1.0,3.7,Yes,71.8,8.0,Good,5,Master,Low,6.6,Yes,2.92,1,8.2,Yes,1,11.0,Dorm,No,Medium,7,1,10,Reading,3.2,85
152737,27,Male,Engineering,1.4,2.7,3.8,Yes,96.9,5.5,Fair,2,Master,Medium,2.9,No,2.16,4,9.3,Yes,2,8.7,Library,Yes,Medium,1,2,10,Reading,9.8,49
152786,20,Female,Computer Science,4.696316119890946,2.7,2.7,No,70.0,6.9,Poor,5,Bachelor,Medium,8.4,No,3.74,6,10.0,Yes,5,12.0,Co-Learning Group,No,Medium,7,1,10,Reading,5.0,100
152795,25,Female,Biology,7.2,1.6,2.3,No,52.1,9.0,Poor,7,Some College,Low,8.9,Yes,3.26,1,8.7,Yes,4,12.2,Dorm,Yes,High,4,1,10,Reading,1.3,91
152884,16,Male,Psychology,7.1,0.2,3.5,No,68.2,6.5,Good,0,Bachelor,High,4.7,No,4.0,8,8.4,Yes,2,12.6,Co-Learning Group,No,Medium,8,2,10,Auditory,2.7,100
152887,17,Other,Engineering,1.1,0.3,3.6,Yes,45.8,7.0,Fair,1,Bachelor,Low,4.0,No,2.13,1,9.3,Yes,4,5.3,Dorm,No,Medium,6,3,10,Auditory,2.6,52
152963,20,Female,Psychology,6.0,3.3,1.4,No,67.9,7.3,Good,2,Bachelor,Low,5.1,Yes,3.43,7,9.0,Yes,1,11.5,Library,Yes,Medium,2,2,10,Kinesthetic,6.5,85
152988,18,Female,Arts,0.5,2.0,0.0,No,81.3,7.7,Fair,6,High School,Low,3.4000000000000004,Yes,3.87,5,8.2,Yes,1,4.3,Cafe,No,Low,10,3,10,Reading,1.5,99
153006,23,Female,Computer Science,0.785874301059279,0.7,0.8,Yes,64.1,7.8,Poor,1,Master,High,5.5,No,2.14,3,9.3,Yes,4,2.7,Library,No,High,7,1,10,Auditory,1.6,55
153040,24,Other,Engineering,1.9,4.8,2.8,No,66.2,4.5,Fair,7,Some College,Medium,4.6,No,3.5,7,10.0,Yes,3,10.5,Dorm,No,Medium,5,3,10,Reading,5.7,88
153204,24,Female,Biology,7.7,1.8,1.0,No,85.7,7.4,Fair,6,High School,Medium,2.8,No,2.95,1,8.6,Yes,0,10.7,Library,No,High,1,1,10,Auditory,3.3,77
153293,25,Other,Arts,6.2,2.3,1.8,Yes,74.7,4.8,Good,1,Master,High,2.2,Yes,3.1,8,8.3,Yes,2,12.0,Dorm,Yes,High,8,3,10,Visual,5.1,77
153352,21,Other,Business,5.2,3.1,3.0,Yes,45.4,8.6,Fair,2,High School,Medium,5.0,Yes,3.97,4,9.0,Yes,2,12.3,Cafe,Yes,Low,3,1,10,Kinesthetic,6.0,95
153376,23,Male,Biology,0.0,1.7,2.1,No,90.0,6.5,Good,1,Master,Medium,3.2,Yes,2.86,2,9.8,Yes,1,4.9,Co-Learning Group,No,Medium,8,2,10,Auditory,8.6,72
153608,24,Male,Arts,3.4,2.7,0.3,No,49.6,6.6,Good,7,High School,High,4.7,No,2.83,8,10.0,Yes,5,8.1,Cafe,Yes,Low,5,2,10,Reading,1.7,69
153679,27,Other,Business,7.2,0.4,3.8,Yes,93.9,8.6,Good,6,Master,High,7.699999999999999,No,3.7,8,9.1,Yes,5,11.9,Library,Yes,Low,1,2,10,Reading,2.3,100
153739,18,Male,Biology,2.9,4.6,2.1,No,74.1,5.4,Poor,0,Some College,High,7.1,No,1.95,5,10.0,Yes,2,10.1,Co-Learning Group,No,High,6,1,10,Visual,8.6,49
153766,26,Male,Engineering,2.6,0.8,1.4,Yes,85.7,5.7,Good,1,High School,Medium,6.2,No,1.79,4,10.0,Yes,2,5.0,Dorm,No,Low,10,1,10,Visual,8.2,42
153774,26,Other,Arts,5.3,2.8,1.8,No,49.8,8.3,Fair,0,Some College,High,7.800000000000001,No,4.0,3,9.7,Yes,2,10.4,Co-Learning Group,No,Medium,3,2,10,Kinesthetic,3.1,93
153839,28,Female,Computer Science,6.35587700894065,4.7,3.6,No,60.8,6.9,Good,5,High School,Medium,2.4,No,2.61,7,8.8,Yes,3,16.1,Dorm,No,Low,2,2,10,Auditory,6.0,63
153868,17,Other,Engineering,3.8,2.3,3.3,No,86.9,5.7,Good,0,Master,Low,7.1,No,3.31,1,8.2,Yes,2,10.1,Library,Yes,Medium,4,3,10,Auditory,8.6,86
153932,22,Female,Arts,0.0,1.6,1.7,No,95.0,5.1,Good,1,High School,Low,7.800000000000001,Yes,3.37,4,8.4,Yes,4,4.6,Co-Learning Group,Yes,Medium,5,1,10,Kinesthetic,6.7,86
154004,17,Other,Computer Science,3.281522062976612,3.6,3.5,Yes,90.7,6.5,Poor,1,Master,Low,5.6,Yes,3.75,5,10.0,Yes,3,11.5,Library,Yes,Low,1,3,10,Reading,2.8,88
154131,20,Male,Engineering,5.2,0.4,1.1,No,45.6,4.9,Good,5,High School,High,6.8,No,2.98,7,9.1,Yes,5,6.9,Quiet Room,Yes,Medium,6,3,10,Auditory,1.0,78
154133,26,Other,Psychology,2.2,0.5,3.0,No,67.9,8.0,Fair,1,PhD,Medium,9.0,No,2.45,4,9.4,Yes,5,6.4,Library,Yes,Low,9,3,10,Reading,9.2,57
154189,18,Male,Biology,7.3,4.8,2.8,Yes,83.6,9.8,Fair,7,Master,Medium,8.8,No,3.6,5,8.3,Yes,0,16.3,Quiet Room,Yes,High,10,2,10,Reading,5.5,85
154196,23,Male,Business,6.6,4.8,3.2,No,69.8,4.2,Good,7,Master,Low,5.0,No,3.29,1,8.4,Yes,4,15.9,Dorm,Yes,High,6,2,10,Kinesthetic,8.1,85
154257,17,Male,Computer Science,5.978986372765742,0.5,2.4,Yes,43.9,6.9,Poor,5,Master,High,6.5,No,4.0,6,8.1,Yes,2,9.8,Co-Learning Group,Yes,High,1,3,10,Reading,7.3,93
154263,28,Other,Engineering,7.5,2.0,0.4,No,84.3,6.2,Fair,6,PhD,High,6.8,Yes,3.34,6,9.3,Yes,1,10.1,Library,Yes,Medium,9,2,10,Reading,5.5,87
154268,27,Female,Psychology,3.7,3.2,0.9,No,75.9,7.4,Good,3,Bachelor,High,5.9,Yes,2.72,6,9.5,Yes,3,8.2,Library,Yes,High,10,3,10,Visual,5.8,65
154314,26,Male,Biology,4.3,1.9,1.2,Yes,57.5,6.5,Good,6,PhD,Low,10.0,No,3.14,6,8.6,Yes,5,8.3,Library,Yes,Low,1,2,10,Auditory,4.0,79
154337,20,Male,Engineering,5.3,3.9,1.8,No,47.3,6.2,Good,6,Some College,Low,5.5,Yes,4.0,7,9.4,Yes,1,11.0,Dorm,Yes,Low,5,1,10,Auditory,4.2,100
154388,27,Female,Psychology,4.1,1.6,1.8,Yes,53.0,7.9,Good,5,Some College,High,1.1,No,2.31,6,9.8,Yes,2,8.6,Dorm,No,Medium,8,3,10,Auditory,6.6,57
154428,27,Other,Engineering,3.1,3.2,1.7,No,68.7,8.4,Good,6,Bachelor,Medium,7.9,No,4.0,8,8.7,Yes,3,8.1,Co-Learning Group,Yes,Low,5,3,10,Reading,6.6,98
154454,22,Female,Business,1.5,2.1,3.3,No,72.9,6.3,Good,2,Some College,Medium,7.6,Yes,2.3,1,8.5,Yes,0,8.3,Co-Learning Group,No,Medium,8,3,10,Kinesthetic,5.1,61
154463,24,Male,Engineering,3.6,2.5,2.9,No,48.7,6.9,Poor,4,PhD,Low,6.6,Yes,3.9,5,9.0,Yes,1,10.2,Cafe,No,High,1,2,10,Visual,8.0,89
154505,20,Female,Computer Science,6.236298128646469,3.4,2.2,No,67.6,6.8,Good,6,PhD,Low,4.0,No,4.0,6,10.0,Yes,5,12.6,Quiet Room,Yes,Medium,9,2,10,Kinesthetic,5.7,100
154588,24,Female,Engineering,3.8,3.2,3.1,Yes,84.2,10.3,Good,4,Some College,Low,7.9,No,3.19,2,8.5,Yes,5,11.0,Quiet Room,Yes,Low,6,2,10,Auditory,2.9,82
154600,20,Male,Business,6.1,5.0,2.5,No,90.4,8.3,Fair,4,High School,Low,5.3,Yes,3.9,5,9.2,Yes,5,13.6,Co-Learning Group,No,Medium,4,3,10,Auditory,6.7,96
154688,25,Female,Engineering,7.4,2.7,2.1,No,96.1,6.6,Good,1,Bachelor,Medium,4.8,Yes,3.96,6,8.8,Yes,4,12.4,Co-Learning Group,No,High,8,1,10,Visual,6.4,93
154851,25,Female,Biology,7.2,1.3,1.1,Yes,99.2,6.2,Good,0,Master,Medium,1.4,Yes,3.86,1,9.8,Yes,2,10.5,Dorm,No,High,2,3,10,Auditory,7.6,95
154984,20,Male,Psychology,3.1,1.8,0.7,No,46.0,6.2,Poor,7,Bachelor,Medium,2.5,Yes,3.29,7,9.7,Yes,1,6.1,Quiet Room,No,Medium,6,2,10,Auditory,2.3,79
155140,24,Other,Arts,1.5,0.8,3.7,Yes,46.0,9.0,Good,0,Some College,Medium,5.2,No,3.54,8,8.8,Yes,5,7.8,Dorm,No,High,1,1,10,Visual,6.1,93
155151,25,Other,Engineering,2.8,4.0,3.1,No,44.8,6.6,Poor,2,Some College,Low,7.9,No,3.99,3,8.3,Yes,4,10.8,Cafe,Yes,Low,5,3,10,Auditory,8.3,100
155249,26,Female,Engineering,1.1,2.7,0.6,Yes,41.8,7.7,Good,6,High School,High,7.1,Yes,2.55,4,8.7,Yes,0,6.0,Dorm,No,High,2,2,10,Reading,4.1,63
155272,17,Female,Psychology,3.0,3.4,2.1,Yes,83.7,5.3,Fair,0,Bachelor,Low,7.4,No,3.23,3,8.7,Yes,1,9.6,Library,No,Low,2,1,10,Visual,8.6,84
155429,28,Male,Arts,3.3,3.5,3.2,No,53.3,5.9,Good,2,Bachelor,High,6.0,Yes,3.73,6,8.6,Yes,5,11.4,Dorm,No,Low,8,1,10,Reading,3.8,88
155441,20,Male,Computer Science,6.557480082304169,0.7,3.8,No,93.4,5.4,Fair,6,High School,High,5.7,Yes,4.0,6,8.4,Yes,2,12.3,Dorm,Yes,High,6,1,10,Reading,3.4,97
155500,21,Female,Psychology,5.2,0.0,1.4,No,41.4,4.8,Fair,1,Bachelor,Low,2.1,No,3.62,8,9.0,Yes,2,7.0,Dorm,No,High,7,1,10,Auditory,9.3,93
155570,21,Female,Business,3.6,4.5,2.0,Yes,50.8,7.6,Fair,7,Some College,High,5.5,No,2.7,5,8.8,Yes,5,11.0,Quiet Room,No,High,7,3,10,Auditory,1.9,76
155597,24,Female,Business,6.1,1.2,1.6,Yes,89.0,8.1,Poor,0,PhD,High,8.9,Yes,3.78,1,9.9,Yes,2,9.6,Co-Learning Group,Yes,High,1,2,10,Auditory,3.4,100
155602,23,Other,Arts,3.3,3.7,0.0,Yes,45.8,8.8,Fair,2,Some College,Medium,5.1,No,3.02,1,8.6,Yes,5,7.3,Dorm,No,High,4,2,10,Visual,8.7,74
155625,16,Other,Computer Science,7.611433441608212,3.6,3.0,No,47.5,5.9,Good,7,PhD,Low,6.9,Yes,4.0,7,8.7,Yes,2,14.6,Cafe,Yes,High,2,2,10,Visual,5.9,86
155626,27,Male,Business,3.3,3.2,3.3,No,95.5,7.2,Fair,5,PhD,Medium,5.6,No,3.99,3,8.5,Yes,3,10.3,Quiet Room,No,High,3,1,10,Visual,9.3,100
155739,20,Female,Biology,6.8,0.8,2.8,No,63.9,6.4,Fair,7,Some College,High,9.2,No,2.71,4,10.0,Yes,0,10.5,Cafe,No,Low,1,2,10,Reading,9.9,76
155939,19,Female,Arts,6.4,2.5,2.1,Yes,52.5,8.6,Fair,1,Some College,High,4.5,No,2.84,1,8.5,Yes,1,11.5,Cafe,Yes,Low,8,1,10,Visual,2.8,69
155955,25,Other,Psychology,3.7,4.0,0.5,Yes,51.7,7.4,Poor,4,PhD,High,9.1,No,3.49,8,9.6,Yes,0,10.1,Cafe,No,Low,2,1,10,Auditory,8.3,99
156056,24,Other,Engineering,1.1,0.2,0.9,No,64.0,7.6,Good,7,Some College,Low,7.300000000000001,No,4.0,7,8.4,Yes,5,2.3,Co-Learning Group,Yes,Low,8,3,10,Auditory,8.7,100
156141,22,Male,Engineering,2.1,2.9,3.0,Yes,53.0,7.9,Good,4,High School,Low,2.7,Yes,2.74,3,8.2,Yes,5,8.2,Cafe,No,Low,3,1,10,Auditory,4.2,61
156276,24,Male,Arts,1.5,0.1,1.9,Yes,62.0,7.5,Fair,7,PhD,Low,6.1,Yes,3.32,8,8.1,Yes,4,5.2,Library,Yes,Medium,4,2,10,Auditory,2.2,91
156379,28,Male,Psychology,4.1,0.7,3.7,No,81.6,6.5,Poor,2,PhD,High,8.2,Yes,3.57,4,10.0,Yes,3,9.3,Dorm,No,Medium,10,1,10,Auditory,8.8,89
156399,25,Female,Arts,4.8,0.3,1.0,No,62.2,8.3,Poor,7,Bachelor,Low,4.3,Yes,3.67,2,8.3,Yes,0,7.5,Co-Learning Group,No,High,5,1,10,Auditory,2.0,98
156430,18,Other,Biology,6.6,1.5,1.8,Yes,78.9,5.4,Good,7,PhD,Low,5.1,Yes,2.79,3,8.1,Yes,2,10.1,Quiet Room,No,Low,7,3,10,Visual,6.5,74
156501,20,Other,Business,2.8,0.6,0.6,No,66.0,6.9,Good,6,Bachelor,Low,2.3,No,3.08,5,8.3,Yes,1,4.3,Quiet Room,No,High,8,1,10,Visual,8.8,79
156576,24,Other,Psychology,2.9,2.5,3.5,No,82.0,7.9,Good,1,Some College,High,5.3,No,4.0,4,9.1,Yes,1,10.3,Co-Learning Group,No,Low,1,2,10,Reading,3.6,96
156591,27,Male,Arts,4.6,2.4,1.9,No,93.0,7.2,Good,4,Bachelor,High,3.6,No,2.26,8,8.9,Yes,5,9.4,Dorm,No,Medium,4,3,10,Visual,9.7,55
156624,24,Other,Business,3.0,0.6,2.5,Yes,59.6,5.7,Good,3,Some College,Medium,6.6,Yes,3.73,1,9.2,Yes,5,7.8,Co-Learning Group,No,Medium,10,3,10,Reading,8.2,96
156700,26,Female,Business,5.3,3.3,1.7,No,87.9,6.9,Good,7,PhD,Medium,8.1,Yes,4.0,4,8.3,Yes,5,10.5,Dorm,Yes,Medium,8,1,10,Kinesthetic,2.9,95
156877,23,Female,Biology,3.3,3.4,3.8,Yes,78.7,6.8,Poor,6,Some College,Medium,5.0,No,2.7,1,8.9,Yes,2,11.3,Dorm,No,Low,6,3,10,Visual,3.8,64
156957,24,Female,Arts,5.9,3.2,0.9,Yes,77.4,7.3,Good,2,PhD,Medium,6.5,No,3.76,6,8.6,Yes,4,11.3,Co-Learning Group,No,Medium,5,1,10,Kinesthetic,10.0,95
156994,27,Male,Engineering,5.0,4.0,0.1,Yes,69.9,8.8,Good,1,Bachelor,Medium,8.6,Yes,4.0,2,8.5,Yes,0,10.2,Quiet Room,No,Medium,6,1,10,Auditory,4.3,100
157074,21,Other,Engineering,3.1,3.6,1.4,Yes,61.4,4.8,Good,1,High School,Low,6.9,No,2.61,3,8.3,Yes,2,9.8,Quiet Room,No,High,8,3,10,Reading,3.6,63
157148,24,Other,Engineering,4.9,4.3,1.2,No,66.9,7.7,Good,0,Some College,Medium,4.8,No,3.54,3,9.2,Yes,2,11.5,Cafe,Yes,High,3,1,10,Reading,6.9,87
157259,19,Female,Business,4.7,4.2,1.2,No,61.2,8.2,Good,7,Some College,High,4.5,No,3.62,5,10.0,Yes,1,11.5,Co-Learning Group,No,Medium,9,2,10,Auditory,3.9,88
157282,26,Female,Arts,5.1,4.2,4.0,Yes,97.9,6.7,Fair,0,Master,Low,6.6,Yes,3.9,2,10.0,Yes,3,14.9,Library,Yes,Medium,8,1,10,Reading,8.3,98
157342,20,Other,Arts,5.3,0.9,1.1,No,67.3,5.8,Fair,3,Master,Low,5.6,Yes,3.79,4,8.3,Yes,0,7.5,Cafe,No,Medium,2,1,10,Reading,6.4,92
157437,26,Male,Engineering,5.0,0.1,2.1,No,82.1,4.0,Fair,0,Master,Low,6.3,No,3.33,7,9.3,Yes,0,8.3,Dorm,Yes,Medium,7,2,10,Kinesthetic,9.7,87
157445,28,Male,Engineering,2.1,3.6,2.3,No,81.5,6.4,Fair,0,Bachelor,Low,5.3,No,2.34,4,10.0,Yes,0,9.4,Co-Learning Group,Yes,Medium,3,3,10,Kinesthetic,1.5,59
157480,24,Other,Arts,5.8,3.9,2.0,No,94.5,6.2,Good,4,Master,Low,6.0,Yes,3.03,3,8.2,Yes,3,13.7,Library,Yes,Low,4,3,10,Kinesthetic,8.1,77
157510,19,Female,Arts,3.3,2.4,1.3,No,54.8,4.4,Fair,0,Bachelor,High,5.4,Yes,2.54,5,8.7,Yes,1,7.8,Dorm,No,Low,5,2,10,Visual,5.9,67
157517,26,Male,Biology,4.8,4.0,2.2,No,66.2,7.7,Good,7,PhD,Low,5.7,No,4.0,5,9.4,Yes,4,11.8,Library,Yes,High,1,2,10,Visual,4.0,100
157526,25,Other,Arts,7.8,3.9,1.3,Yes,76.7,4.5,Good,7,High School,High,3.3,Yes,3.01,6,8.1,Yes,3,13.2,Co-Learning Group,Yes,Medium,5,2,10,Reading,4.0,80
157528,16,Male,Computer Science,5.082424893484003,3.9,0.7,Yes,92.8,10.1,Good,3,Bachelor,Low,5.4,Yes,4.0,6,8.5,Yes,1,9.8,Library,No,Medium,3,2,10,Auditory,4.2,100
157580,17,Male,Arts,3.0,4.0,1.0,No,70.6,5.6,Good,3,Master,Medium,6.9,Yes,2.4,5,8.4,Yes,3,9.2,Dorm,No,Low,2,1,10,Reading,2.0,59
157611,20,Female,Psychology,4.0,3.4,1.6,Yes,76.7,9.0,Good,2,High School,Medium,5.7,No,3.15,7,8.3,Yes,3,9.6,Dorm,Yes,High,3,3,10,Kinesthetic,5.4,78
157639,21,Female,Computer Science,4.7830034712799385,4.0,0.4,Yes,55.3,9.1,Fair,4,Bachelor,Low,7.5,Yes,4.0,6,8.1,Yes,5,9.9,Co-Learning Group,No,Medium,3,3,10,Reading,3.8,98
157700,26,Male,Biology,2.6,1.0,3.6,No,61.5,7.8,Good,2,Bachelor,Low,4.0,No,3.29,1,10.0,Yes,1,8.1,Co-Learning Group,Yes,Medium,3,3,10,Visual,3.6,78
157728,28,Female,Business,3.9,0.1,3.1,Yes,77.2,8.0,Poor,7,Some College,Medium,3.6,Yes,3.0,2,8.1,Yes,1,8.9,Dorm,Yes,Low,2,2,10,Auditory,1.2,73
157744,21,Other,Computer Science,6.522951234645542,4.9,3.3,No,91.9,4.3,Poor,3,High School,Medium,4.7,No,3.17,2,8.5,Yes,2,15.2,Library,Yes,High,6,3,10,Reading,3.2,73
157754,17,Male,Arts,2.0,4.6,3.2,Yes,66.9,7.9,Good,4,Bachelor,Medium,8.0,Yes,2.63,1,9.0,Yes,2,10.5,Quiet Room,No,Medium,9,2,10,Kinesthetic,3.5,62
157776,23,Male,Biology,4.1,0.5,1.6,Yes,50.2,7.4,Good,6,PhD,Low,6.5,No,3.44,1,9.2,Yes,3,7.8,Dorm,Yes,High,6,1,10,Kinesthetic,6.6,82
157784,24,Male,Computer Science,3.375005758121126,1.2,3.6,No,75.6,4.0,Fair,0,PhD,Medium,5.2,No,3.2,1,8.3,Yes,2,10.0,Dorm,No,High,1,1,10,Visual,4.3,79
158095,23,Other,Business,1.6,2.1,1.2,No,92.2,7.3,Poor,7,High School,Low,5.3,Yes,3.98,7,9.8,Yes,3,5.3,Library,No,Low,10,2,10,Reading,5.2,87
158106,27,Male,Engineering,3.5,0.4,0.8,Yes,62.3,4.0,Good,6,Bachelor,Low,8.8,No,2.63,3,8.5,Yes,1,5.6,Library,No,Medium,8,2,10,Visual,7.4,64
158245,18,Female,Business,3.9,3.5,2.6,No,79.2,5.7,Poor,3,Some College,Low,9.8,No,4.0,4,8.9,Yes,5,11.2,Cafe,Yes,Low,5,1,10,Kinesthetic,8.2,96
158302,16,Female,Engineering,2.3,3.5,3.7,Yes,80.8,10.1,Poor,2,High School,Low,4.5,Yes,3.42,2,8.6,Yes,4,10.3,Quiet Room,No,Medium,9,2,10,Auditory,2.1,85
158354,25,Male,Biology,7.3,0.1,3.6,No,67.1,6.0,Fair,0,High School,Low,6.6,No,3.93,3,9.5,Yes,1,12.8,Cafe,Yes,Medium,10,3,10,Kinesthetic,3.7,99
158421,21,Female,Psychology,4.3,0.1,1.1,Yes,95.0,8.1,Good,2,Bachelor,Medium,7.5,No,3.66,8,10.0,Yes,4,6.6,Library,Yes,Medium,8,2,10,Auditory,6.6,97
158435,26,Other,Business,6.7,2.3,0.0,No,86.5,5.1,Good,1,PhD,Medium,6.9,Yes,3.41,1,8.7,Yes,3,10.4,Co-Learning Group,Yes,High,2,2,10,Visual,1.7,88
158513,25,Female,Business,4.1,4.6,3.1,No,57.0,9.0,Good,0,PhD,High,6.2,Yes,4.0,7,8.3,Yes,4,13.3,Library,Yes,Medium,8,1,10,Reading,7.3,99
158602,26,Female,Psychology,1.6,1.1,2.4,No,90.2,7.8,Good,5,Bachelor,Medium,4.9,No,4.0,6,8.9,Yes,4,7.0,Library,Yes,High,4,1,10,Kinesthetic,1.8,93
158612,19,Male,Arts,5.1,0.3,1.8,Yes,85.5,6.9,Good,3,Some College,Medium,7.1,No,2.82,1,8.2,Yes,1,8.0,Co-Learning Group,Yes,Low,7,3,10,Reading,7.9,64
158761,21,Female,Business,3.6,2.3,2.5,No,84.3,6.7,Good,2,Master,High,3.4000000000000004,No,2.42,5,9.6,Yes,5,9.7,Dorm,Yes,Medium,9,1,10,Kinesthetic,7.9,53
158808,21,Male,Psychology,1.2,3.0,1.6,Yes,68.0,5.9,Good,7,Some College,High,9.8,Yes,3.29,7,9.5,Yes,2,6.3,Cafe,No,Low,10,2,10,Reading,4.8,88
158813,16,Female,Engineering,2.9,3.9,1.7,No,61.2,7.2,Good,1,Some College,High,10.0,No,2.09,5,8.3,Yes,2,10.0,Cafe,No,High,1,2,10,Auditory,9.9,50
158866,18,Male,Psychology,2.7,0.3,0.0,Yes,42.0,9.4,Good,7,High School,Low,5.4,No,3.78,2,9.7,Yes,1,4.4,Quiet Room,No,Medium,1,1,10,Kinesthetic,3.1,100
158886,20,Female,Engineering,3.6,1.0,0.3,No,43.9,8.1,Fair,6,Master,Medium,7.699999999999999,No,4.0,8,9.1,Yes,1,6.2,Library,Yes,High,10,2,10,Visual,8.8,97
158922,20,Male,Business,4.4,2.4,2.1,No,87.6,5.9,Fair,3,Bachelor,Medium,6.4,Yes,2.85,2,8.3,Yes,0,9.0,Library,No,High,7,2,10,Auditory,6.3,75
158934,20,Male,Business,4.4,2.7,3.8,Yes,51.0,6.0,Fair,5,Master,Low,6.8,No,3.69,8,9.3,Yes,1,12.1,Dorm,Yes,High,2,1,10,Auditory,6.5,100
158937,24,Male,Engineering,4.4,1.1,3.8,No,60.9,6.9,Poor,0,Master,Medium,6.0,Yes,4.0,5,9.7,Yes,0,9.4,Library,No,Medium,6,3,10,Kinesthetic,9.3,100
158957,25,Male,Engineering,2.2,0.9,3.2,Yes,92.6,7.0,Poor,6,High School,Medium,3.8,No,2.51,5,9.4,Yes,3,7.5,Cafe,Yes,Medium,8,1,10,Visual,1.8,73
158971,16,Female,Computer Science,6.597517210779142,0.4,1.8,No,44.1,6.7,Good,7,PhD,Low,7.800000000000001,No,4.0,4,9.2,Yes,3,9.4,Cafe,No,High,4,1,10,Visual,8.6,100
158992,16,Male,Arts,4.2,1.7,0.0,Yes,69.6,8.6,Good,2,Some College,Medium,9.6,Yes,3.02,8,9.0,Yes,0,6.5,Cafe,No,Low,1,3,10,Reading,2.8,75
158993,24,Female,Engineering,5.7,2.7,0.7,Yes,83.0,5.3,Fair,1,High School,Medium,3.1,Yes,4.0,7,9.0,Yes,3,10.2,Co-Learning Group,Yes,High,10,1,10,Auditory,1.3,100
159067,22,Other,Arts,0.9,0.2,2.4,Yes,94.1,6.0,Good,7,Master,High,2.3,Yes,2.7,5,8.1,Yes,2,5.0,Library,Yes,Low,3,3,10,Reading,4.0,65
159100,17,Male,Psychology,2.3,0.3,2.6,No,92.9,9.1,Fair,0,Some College,Medium,5.9,No,2.49,1,9.6,Yes,1,6.1,Library,No,Low,7,1,10,Auditory,9.2,66
159138,20,Female,Computer Science,2.3924899475019723,0.4,2.9,Yes,86.3,6.9,Good,2,Master,High,6.0,No,3.53,3,8.9,Yes,5,5.9,Quiet Room,Yes,Medium,5,1,10,Visual,4.1,85
159298,21,Female,Biology,2.9,2.5,3.3,No,57.1,7.6,Good,4,High School,Low,6.9,No,2.65,5,9.8,Yes,3,10.2,Dorm,Yes,Medium,10,3,10,Visual,4.7,69
159370,24,Other,Biology,2.9,4.8,2.3,Yes,44.1,7.1,Good,1,Bachelor,Medium,3.4000000000000004,Yes,2.2,7,9.9,Yes,4,11.1,Cafe,Yes,Medium,6,2,10,Auditory,4.6,54
159419,17,Male,Engineering,8.5,2.9,1.9,No,46.1,6.8,Good,0,Some College,High,4.5,No,4.0,6,8.7,Yes,4,14.7,Cafe,Yes,Low,4,1,10,Auditory,7.2,93
159424,18,Other,Arts,4.4,5.0,3.7,No,97.3,5.4,Fair,0,Bachelor,Medium,5.9,No,2.3,7,8.2,Yes,3,13.7,Co-Learning Group,No,Low,9,1,10,Visual,2.0,61
159427,24,Female,Engineering,7.5,2.0,3.0,No,84.9,5.7,Good,7,Master,Low,8.2,Yes,3.08,4,8.7,Yes,4,14.2,Co-Learning Group,Yes,Medium,6,2,10,Kinesthetic,3.6,68
159430,22,Female,Arts,2.8,4.3,2.0,No,86.5,6.6,Good,0,Some College,Low,6.3,Yes,4.0,4,8.1,Yes,1,11.0,Quiet Room,Yes,Medium,5,3,10,Visual,1.4,95
159466,27,Male,Psychology,4.7,0.2,0.4,Yes,63.3,6.0,Good,7,High School,Low,6.3,No,3.59,2,9.4,Yes,1,5.6,Quiet Room,Yes,Low,8,1,10,Visual,3.7,88
159484,21,Other,Computer Science,8.62594583167598,4.9,2.0,Yes,58.2,7.2,Good,2,Master,High,7.199999999999999,No,2.71,8,9.0,Yes,2,17.3,Cafe,No,Medium,1,3,10,Reading,2.7,73
159667,22,Female,Psychology,7.5,2.7,2.2,Yes,96.3,7.6,Good,5,Master,Medium,5.0,No,3.83,1,8.3,Yes,1,13.2,Cafe,Yes,Medium,7,1,10,Auditory,5.9,90
159721,23,Male,Business,3.4,0.4,0.1,No,50.3,6.0,Good,1,Some College,Medium,7.4,No,2.24,3,9.0,Yes,2,4.8,Dorm,Yes,Low,3,1,10,Reading,6.3,51
159873,28,Other,Computer Science,5.413215309364607,0.8,2.0,Yes,51.2,8.1,Poor,5,High School,High,7.1,No,2.91,4,9.1,Yes,5,9.1,Dorm,No,Low,8,3,10,Reading,6.4,78
159905,22,Other,Computer Science,6.984184835276654,0.9,0.1,Yes,89.5,8.8,Good,0,Master,Medium,3.3,Yes,2.79,6,8.6,Yes,2,8.8,Quiet Room,No,High,2,1,10,Reading,4.2,72
159924,26,Other,Business,5.0,0.7,2.5,No,88.6,6.6,Poor,4,High School,Low,4.0,No,4.0,5,8.2,Yes,2,10.1,Cafe,No,High,6,3,10,Kinesthetic,6.3,100
159939,18,Other,Arts,3.5,1.9,2.0,No,55.8,7.6,Good,6,Some College,High,5.7,Yes,2.51,3,8.7,Yes,3,8.3,Co-Learning Group,No,High,10,2,10,Reading,5.1,59
159941,23,Male,Engineering,5.7,3.3,3.7,No,95.3,6.3,Good,4,PhD,Medium,6.8,No,3.38,1,8.2,Yes,5,14.4,Quiet Room,Yes,High,4,1,10,Auditory,2.0,74
160062,24,Female,Psychology,2.4,0.1,2.1,No,73.5,6.9,Good,3,Some College,Medium,10.0,No,2.23,2,10.0,Yes,5,5.0,Dorm,Yes,High,7,2,10,Visual,9.1,63
160106,20,Other,Engineering,5.7,0.9,0.7,Yes,67.4,8.1,Fair,2,PhD,Low,7.6,Yes,2.6,7,8.1,Yes,2,9.0,Library,No,Medium,7,3,10,Visual,8.5,65
160122,17,Other,Computer Science,4.949659361725291,0.7,3.3,Yes,75.1,5.8,Fair,7,Some College,High,3.7,No,2.99,8,8.5,Yes,5,9.0,Co-Learning Group,No,High,9,1,10,Visual,2.7,69
160180,24,Male,Psychology,3.7,0.2,3.3,No,86.7,7.1,Fair,2,Master,Low,8.0,No,3.25,8,8.2,Yes,5,8.2,Library,Yes,Medium,6,2,10,Visual,7.3,83
160350,22,Male,Engineering,6.0,2.3,3.8,Yes,62.6,7.0,Poor,2,Bachelor,Low,6.2,Yes,3.73,8,8.1,Yes,3,12.5,Co-Learning Group,No,Medium,9,1,10,Auditory,1.5,90
160408,23,Other,Engineering,5.9,0.8,0.7,No,75.3,10.4,Fair,2,PhD,Low,10.0,No,3.7,3,10.0,Yes,0,8.6,Quiet Room,Yes,High,10,1,10,Auditory,4.7,98
160452,19,Female,Computer Science,4.6466675225815575,3.4,2.6,Yes,79.2,10.2,Good,5,Some College,Medium,2.8,No,3.15,3,9.8,Yes,1,11.5,Dorm,No,Medium,9,1,10,Kinesthetic,7.7,85
160543,26,Male,Engineering,3.7,3.5,1.2,Yes,78.3,6.5,Fair,5,Master,High,5.8,No,3.77,6,9.2,Yes,4,9.3,Cafe,No,Low,5,2,10,Reading,3.4,84
160551,17,Male,Psychology,4.3,0.5,0.2,No,95.0,8.7,Fair,4,High School,Medium,6.4,Yes,2.47,7,8.6,Yes,0,6.6,Dorm,No,High,3,3,10,Auditory,8.7,70
160628,27,Other,Engineering,6.3,2.2,1.0,No,59.2,5.0,Good,1,PhD,Medium,5.4,Yes,3.65,4,9.2,Yes,3,10.4,Quiet Room,Yes,Low,4,1,10,Reading,1.9,89
160669,28,Other,Arts,2.6,1.0,2.7,No,51.6,6.4,Poor,7,PhD,High,6.4,Yes,3.19,6,8.1,Yes,1,7.6,Co-Learning Group,Yes,High,10,2,10,Reading,8.9,79
160754,20,Other,Computer Science,1.5121188404094748,2.5,3.8,No,40.4,6.2,Fair,0,High School,High,6.4,Yes,3.08,6,8.4,Yes,5,9.4,Library,No,High,7,3,10,Kinesthetic,9.1,76
160771,17,Female,Psychology,4.6,3.8,2.5,No,56.6,7.9,Good,4,High School,High,3.5,No,3.55,8,8.1,Yes,0,12.6,Quiet Room,No,Medium,3,3,10,Kinesthetic,1.8,87
160782,21,Female,Engineering,0.4,2.8,2.8,No,52.2,7.3,Fair,7,PhD,Medium,6.4,Yes,2.89,1,9.2,Yes,0,6.7,Library,No,Low,4,3,10,Auditory,4.4,72
160849,27,Female,Computer Science,2.5682454301254367,4.4,1.8,No,55.5,7.6,Good,0,Master,Medium,7.300000000000001,No,2.11,6,9.3,Yes,1,9.6,Cafe,No,Medium,8,2,10,Kinesthetic,5.5,51
160943,17,Other,Business,4.3,4.0,2.7,No,90.8,8.8,Good,0,PhD,High,3.1,Yes,3.12,5,8.7,Yes,1,12.7,Library,No,Medium,10,1,10,Kinesthetic,5.0,79
161054,24,Male,Biology,7.8,4.7,3.5,No,79.1,4.9,Good,3,PhD,High,6.0,Yes,3.13,7,8.6,Yes,4,16.9,Cafe,No,Medium,6,1,10,Reading,1.6,73
161069,16,Male,Psychology,1.5,1.7,1.5,No,51.8,7.8,Good,7,Some College,High,7.300000000000001,No,3.8,2,8.4,Yes,4,5.1,Library,Yes,High,10,2,10,Reading,3.0,100
161109,26,Other,Psychology,7.7,1.6,3.0,Yes,62.7,10.2,Fair,0,High School,High,7.4,Yes,4.0,5,8.1,Yes,3,13.6,Co-Learning Group,Yes,High,3,2,10,Auditory,6.6,99
161126,24,Male,Arts,3.5,4.7,3.2,No,77.2,10.7,Poor,7,Some College,Medium,5.1,No,4.0,6,8.6,Yes,0,11.4,Cafe,Yes,High,3,1,10,Auditory,3.8,99
161143,18,Male,Biology,3.5,2.0,2.3,No,44.3,7.5,Fair,6,Some College,High,5.3,Yes,3.5,2,8.7,Yes,3,8.1,Library,No,High,2,1,10,Visual,1.6,84
161199,27,Female,Computer Science,4.861620851532071,4.0,0.2,No,94.7,8.7,Fair,0,PhD,Low,4.3,No,2.87,2,8.1,Yes,3,9.1,Library,No,Medium,5,3,10,Kinesthetic,4.2,83
161254,19,Male,Computer Science,6.090750710807903,0.4,0.3,No,99.9,6.5,Fair,2,PhD,Medium,5.5,Yes,4.0,1,9.3,Yes,4,8.7,Co-Learning Group,Yes,Low,6,1,10,Reading,6.4,94
161289,26,Male,Psychology,1.8,0.6,2.4,No,97.0,7.2,Good,4,High School,Low,5.8,No,2.42,3,10.0,Yes,3,5.4,Library,No,High,10,3,10,Visual,9.5,58
161324,23,Female,Computer Science,4.895694134869456,0.5,3.6,Yes,99.6,7.1,Fair,4,Master,High,5.5,Yes,3.58,6,8.3,Yes,5,10.3,Library,Yes,Low,10,2,10,Kinesthetic,6.3,88
161357,22,Female,Arts,0.0,3.7,3.9,No,96.3,6.5,Good,1,Some College,Low,3.7,Yes,2.47,1,8.7,Yes,4,8.9,Dorm,Yes,Medium,9,1,10,Auditory,1.7,61
161367,16,Female,Biology,4.0,3.0,1.4,No,55.3,8.0,Fair,0,PhD,Medium,5.6,No,2.9,1,9.0,Yes,2,8.7,Cafe,Yes,Low,3,3,10,Kinesthetic,3.9,76
161369,21,Male,Arts,3.0,0.7,2.3,No,41.8,6.2,Poor,6,High School,High,3.1,Yes,4.0,5,8.2,Yes,1,7.2,Quiet Room,No,High,4,2,10,Kinesthetic,5.8,97
161400,24,Male,Engineering,4.8,4.5,0.3,No,77.1,6.8,Fair,4,PhD,High,5.8,Yes,4.0,8,8.9,Yes,5,11.2,Cafe,No,Medium,5,1,10,Reading,8.9,99
161422,16,Male,Computer Science,5.0377273757125,0.7,3.2,Yes,60.1,6.3,Good,4,Bachelor,High,5.2,Yes,4.0,4,8.7,Yes,2,10.5,Co-Learning Group,Yes,High,6,2,10,Auditory,9.4,100
161445,22,Male,Psychology,5.0,1.4,3.8,Yes,79.3,4.0,Fair,2,PhD,Low,6.9,Yes,2.78,5,10.0,Yes,0,10.6,Dorm,No,Medium,7,1,10,Auditory,8.1,71
161457,26,Male,Computer Science,8.53859636919582,3.8,0.4,No,53.9,4.0,Fair,0,Some College,Low,8.4,Yes,3.62,1,9.9,Yes,5,14.2,Dorm,Yes,High,8,3,10,Visual,5.0,94
161700,19,Male,Psychology,4.0,3.1,3.5,Yes,72.3,6.1,Good,3,PhD,High,6.8,No,2.36,2,9.1,Yes,2,11.2,Cafe,Yes,Medium,10,2,10,Visual,5.2,51
161733,27,Female,Engineering,7.7,2.0,3.5,Yes,63.8,7.2,Fair,6,Master,Medium,5.4,Yes,3.62,3,8.6,Yes,5,13.4,Cafe,Yes,High,10,2,10,Reading,3.8,90
161755,18,Male,Computer Science,7.330247359182817,1.8,0.4,Yes,63.0,7.8,Good,3,Some College,Low,6.0,Yes,2.72,8,8.8,Yes,0,10.3,Dorm,No,Low,4,1,10,Visual,9.5,67
161793,24,Male,Biology,4.8,1.2,3.7,No,76.8,7.2,Good,6,Some College,Low,4.3,Yes,2.7,4,9.5,Yes,2,9.8,Quiet Room,No,High,8,1,10,Kinesthetic,2.4,71
161833,21,Other,Engineering,1.9,0.6,3.5,No,71.0,8.2,Poor,5,Some College,Low,5.9,No,2.97,3,8.8,Yes,1,6.3,Cafe,No,High,8,2,10,Auditory,6.4,69
161971,20,Female,Computer Science,7.895125517386562,2.8,1.5,Yes,78.9,7.0,Poor,1,Some College,Low,3.9,No,4.0,2,8.1,Yes,5,13.3,Cafe,No,Medium,6,1,10,Reading,2.4,100
161991,21,Male,Business,1.3,0.0,2.1,No,47.6,7.3,Good,6,PhD,Medium,5.9,No,2.95,3,9.0,Yes,3,3.7,Library,No,High,1,1,10,Auditory,2.5,74
162033,21,Female,Psychology,0.9,3.6,4.0,Yes,94.1,6.0,Good,4,Master,Low,5.4,No,2.79,6,8.2,Yes,5,9.0,Co-Learning Group,No,Medium,2,1,10,Visual,5.2,62
162043,18,Female,Arts,5.0,3.2,3.5,Yes,57.7,10.3,Good,0,PhD,Medium,3.7,No,3.38,7,8.5,Yes,0,13.1,Quiet Room,No,Medium,2,2,10,Kinesthetic,3.8,85
162057,21,Male,Business,2.5,1.4,1.7,No,82.4,5.7,Good,1,Some College,Low,1.2000000000000002,Yes,2.81,1,8.5,Yes,0,6.6,Cafe,No,Low,10,1,10,Reading,9.0,71
162085,24,Female,Computer Science,5.553015472487436,1.6,1.4,Yes,60.0,7.0,Fair,6,Some College,Low,8.2,No,4.0,3,8.3,Yes,1,9.1,Quiet Room,Yes,Medium,6,2,10,Auditory,1.7,98
162113,19,Female,Business,4.2,2.5,2.9,Yes,47.4,9.3,Poor,6,Bachelor,Low,5.6,Yes,4.0,4,9.6,Yes,4,10.9,Library,No,High,1,2,10,Kinesthetic,7.1,100
162168,28,Other,Arts,2.1,0.5,2.8,No,90.3,8.1,Poor,7,High School,Low,8.5,No,3.94,5,8.1,Yes,1,6.3,Library,No,High,5,3,10,Kinesthetic,9.6,100
162193,28,Male,Business,2.3,3.4,2.7,No,61.3,8.5,Fair,5,Some College,Low,8.4,Yes,3.75,2,9.5,Yes,3,9.9,Cafe,Yes,Medium,5,2,10,Auditory,6.1,99
162231,24,Other,Engineering,0.0,0.7,2.2,Yes,84.9,9.0,Good,6,Master,High,6.1,Yes,2.97,5,9.6,Yes,4,4.7,Co-Learning Group,Yes,High,2,1,10,Kinesthetic,8.8,71
162238,28,Male,Computer Science,4.039874109327274,3.4,1.9,No,44.3,9.9,Poor,2,High School,High,10.0,No,4.0,8,9.2,Yes,0,10.7,Library,Yes,Low,5,3,10,Auditory,7.2,97
162298,26,Other,Business,3.2,1.9,2.5,Yes,82.3,6.6,Good,1,High School,Low,10.0,No,3.11,5,8.3,Yes,4,8.8,Dorm,No,Low,10,2,10,Kinesthetic,8.4,79
162334,17,Other,Computer Science,8.32188717436698,1.4,2.2,Yes,67.8,6.7,Fair,3,Some College,High,6.3,Yes,3.27,8,9.9,Yes,0,13.9,Quiet Room,No,Medium,10,3,10,Visual,2.2,74
162362,25,Female,Arts,4.2,2.2,3.3,Yes,44.1,8.1,Fair,5,Master,Medium,9.8,No,2.83,3,8.7,Yes,5,10.6,Library,No,Medium,10,1,10,Kinesthetic,4.1,67
162376,27,Other,Arts,2.9,3.7,3.7,Yes,86.1,8.1,Poor,2,Bachelor,High,2.5,Yes,2.71,8,9.3,Yes,4,12.2,Dorm,No,High,7,3,10,Visual,1.7,65
162395,28,Female,Engineering,0.0,3.6,0.5,No,77.3,5.2,Fair,7,Master,High,7.0,Yes,3.03,7,8.8,Yes,1,5.1,Library,No,Medium,7,3,10,Auditory,8.9,76
162414,20,Female,Engineering,4.4,2.7,3.0,Yes,44.6,6.2,Fair,1,Some College,Medium,4.6,Yes,4.0,3,9.1,Yes,2,11.9,Quiet Room,No,High,9,1,10,Reading,5.9,97
162448,16,Female,Computer Science,3.924644801731071,1.8,0.6,Yes,61.7,8.1,Poor,6,Bachelor,High,5.6,Yes,3.69,4,8.3,Yes,0,7.4,Dorm,Yes,Medium,7,1,10,Visual,4.9,97
162473,16,Other,Arts,3.2,3.7,3.3,Yes,49.9,6.6,Good,7,Master,Medium,7.699999999999999,No,3.85,3,9.9,Yes,3,11.7,Co-Learning Group,Yes,Medium,8,1,10,Reading,7.0,95
162503,20,Male,Engineering,3.7,1.6,0.8,No,90.9,7.9,Fair,7,Bachelor,Low,6.8,Yes,4.0,3,9.2,Yes,3,7.9,Quiet Room,No,High,10,3,10,Reading,6.6,98
162535,26,Male,Computer Science,1.3751794939411972,4.7,0.2,No,93.5,5.8,Poor,2,High School,High,8.9,No,3.72,6,9.4,Yes,3,7.7,Library,Yes,High,3,1,10,Kinesthetic,7.0,94
162570,17,Male,Business,2.8,4.1,0.5,No,73.5,7.8,Good,6,Master,High,9.5,Yes,3.28,7,8.2,Yes,1,9.3,Dorm,Yes,Medium,9,1,10,Auditory,9.7,78
162572,23,Other,Psychology,4.5,4.4,1.8,No,48.0,7.0,Good,2,Master,Low,7.9,No,4.0,4,9.3,Yes,1,11.3,Quiet Room,No,Low,6,2,10,Auditory,4.3,99
162624,25,Female,Biology,0.0,0.3,1.8,No,96.4,7.1,Fair,3,Bachelor,High,5.4,Yes,2.71,5,9.2,Yes,2,3.1,Quiet Room,Yes,High,6,2,10,Auditory,8.7,60
162647,23,Female,Business,0.9,3.2,3.2,No,70.9,9.4,Fair,2,High School,Low,7.6,No,3.59,4,8.3,Yes,3,7.3,Co-Learning Group,Yes,Low,4,1,10,Kinesthetic,9.2,86
162676,17,Male,Biology,4.8,1.8,3.3,Yes,87.1,5.9,Good,7,High School,High,5.5,No,2.75,8,8.9,Yes,2,11.3,Library,No,Low,2,2,10,Auditory,8.4,69
162692,18,Other,Business,3.4,2.0,0.8,No,46.5,6.4,Fair,0,High School,High,6.9,No,2.82,3,9.4,Yes,2,6.4,Dorm,No,Medium,3,1,10,Auditory,5.1,76
162720,17,Male,Arts,4.4,0.2,0.4,Yes,98.5,6.9,Good,5,High School,Low,8.7,No,3.09,7,9.2,Yes,5,5.1,Quiet Room,Yes,Medium,9,2,10,Reading,9.2,70
162770,27,Female,Business,3.8,2.3,3.1,Yes,89.4,6.1,Fair,5,High School,High,2.4,Yes,2.3,8,10.0,Yes,1,9.8,Co-Learning Group,No,Medium,4,1,10,Reading,9.1,55
162793,27,Other,Psychology,5.2,4.5,2.1,Yes,57.3,6.5,Fair,3,Master,Low,6.0,Yes,3.27,8,9.7,Yes,4,13.0,Dorm,Yes,High,5,1,10,Visual,5.1,82
162800,28,Female,Business,4.4,3.6,0.3,Yes,52.4,6.8,Good,2,Master,Medium,1.0,No,3.84,8,8.1,Yes,5,9.1,Dorm,No,High,1,1,10,Auditory,1.7,95
162956,23,Female,Arts,2.5,4.8,0.4,No,45.7,6.0,Fair,6,Master,High,8.2,Yes,2.96,3,8.1,Yes,3,8.9,Quiet Room,Yes,Medium,7,1,10,Auditory,1.3,79
163061,28,Other,Biology,2.0,4.4,3.6,Yes,73.4,7.6,Good,1,High School,High,4.9,Yes,3.26,7,9.6,Yes,3,11.7,Quiet Room,Yes,Low,7,1,10,Reading,4.6,82
163079,22,Female,Engineering,5.8,1.6,1.3,No,83.7,4.4,Good,1,Bachelor,High,6.5,Yes,4.0,7,9.1,Yes,3,8.8,Quiet Room,Yes,High,5,2,10,Kinesthetic,9.6,97
163082,25,Other,Computer Science,5.258835666339527,0.1,2.0,No,43.0,5.6,Fair,0,PhD,Medium,8.5,Yes,4.0,2,9.2,Yes,5,8.1,Quiet Room,Yes,Medium,3,3,10,Visual,1.8,100
163101,19,Other,Biology,3.0,4.2,1.7,No,42.4,10.2,Fair,2,Master,High,5.5,No,3.33,4,8.1,Yes,0,10.8,Library,No,Low,4,3,10,Auditory,5.4,80
163400,17,Other,Psychology,3.3,3.4,3.0,No,98.4,5.2,Good,1,Master,Medium,7.6,No,3.33,4,8.7,Yes,3,11.0,Cafe,No,Low,4,3,10,Visual,1.5,83
163481,26,Other,Engineering,2.7,3.5,0.7,Yes,61.4,5.4,Good,2,Master,High,6.9,Yes,2.56,8,8.2,Yes,4,8.6,Quiet Room,Yes,High,4,2,10,Reading,5.4,64
163500,25,Female,Engineering,4.4,2.1,2.5,Yes,58.7,6.7,Good,5,Bachelor,Low,5.2,Yes,2.7,6,8.4,Yes,0,10.7,Dorm,Yes,Low,7,2,10,Kinesthetic,9.0,65
163506,26,Female,Business,5.7,2.6,0.4,Yes,71.1,6.5,Good,4,Bachelor,Low,4.0,No,2.96,2,8.3,Yes,5,10.1,Dorm,No,High,2,3,10,Kinesthetic,2.8,79
163726,25,Male,Biology,5.1,0.5,1.2,Yes,80.8,6.2,Good,6,High School,High,5.4,No,3.71,3,8.4,Yes,3,8.3,Dorm,No,Low,3,3,10,Auditory,1.2,99
163765,18,Male,Computer Science,4.206220424609736,0.8,3.6,Yes,40.4,5.1,Fair,3,Master,Low,7.0,No,3.14,6,8.1,Yes,1,9.9,Cafe,No,Medium,9,1,10,Visual,6.1,78
163786,18,Female,Psychology,1.8,0.1,0.2,No,84.9,7.4,Good,2,Some College,Medium,8.6,Yes,2.94,2,9.6,Yes,2,2.1,Library,Yes,Medium,5,2,10,Reading,7.1,80
163826,20,Other,Arts,5.8,2.7,2.4,No,52.1,6.1,Fair,2,High School,Medium,5.6,No,4.0,3,10.0,Yes,1,12.5,Quiet Room,Yes,Medium,6,2,10,Kinesthetic,8.6,96
163990,24,Male,Business,4.2,4.9,2.8,No,80.6,8.4,Poor,1,PhD,Low,4.8,No,4.0,5,8.9,Yes,4,13.7,Library,No,High,9,2,10,Auditory,2.6,98
164086,25,Male,Computer Science,3.986823898471667,1.0,2.9,Yes,45.7,7.0,Fair,1,Bachelor,Low,7.6,Yes,4.0,4,8.6,Yes,2,8.0,Dorm,Yes,Medium,4,2,10,Visual,6.7,100
164140,25,Other,Biology,3.5,2.3,1.1,No,56.7,7.2,Fair,0,Master,Medium,9.3,No,3.82,8,8.4,Yes,1,8.5,Library,Yes,High,4,1,10,Visual,4.8,93
164267,28,Other,Biology,3.6,2.2,3.5,Yes,81.4,7.4,Poor,5,Master,Low,5.4,No,2.87,6,8.4,Yes,4,9.9,Dorm,Yes,Low,3,2,10,Kinesthetic,4.8,67
164295,17,Other,Psychology,4.9,0.8,2.5,No,49.7,5.5,Fair,3,Some College,Medium,3.3,No,3.62,4,9.5,Yes,4,8.4,Library,No,Medium,10,2,10,Visual,9.4,88
164296,28,Male,Computer Science,1.0371023152309886,0.5,3.9,Yes,78.8,5.2,Good,6,Some College,Medium,7.1,No,2.95,4,8.1,Yes,5,7.3,Dorm,Yes,Low,10,1,10,Auditory,1.3,66
164390,21,Male,Biology,4.8,2.3,1.3,No,58.3,7.0,Fair,7,PhD,Low,6.7,Yes,2.96,2,10.0,Yes,4,10.4,Cafe,No,Medium,8,1,10,Reading,4.4,72
164463,17,Other,Engineering,2.3,3.7,2.1,No,89.8,5.9,Fair,6,Master,High,2.7,Yes,2.93,6,9.7,Yes,2,10.0,Quiet Room,Yes,Medium,1,3,10,Reading,4.2,77
164657,25,Other,Computer Science,5.583224855093784,0.8,1.0,No,89.9,5.9,Good,5,Master,Medium,4.9,Yes,3.24,6,8.2,Yes,2,7.7,Quiet Room,Yes,Medium,1,1,10,Kinesthetic,4.0,86
164670,17,Other,Engineering,2.5,4.4,0.6,Yes,46.8,4.0,Fair,0,Bachelor,Medium,5.1,Yes,2.25,3,8.1,Yes,2,9.2,Cafe,No,Medium,2,1,10,Reading,3.5,56
164675,18,Male,Biology,6.4,0.1,1.7,Yes,91.8,5.7,Fair,4,Master,High,6.7,No,2.95,6,8.7,Yes,2,8.4,Dorm,No,High,1,3,10,Kinesthetic,3.5,77
164722,27,Other,Biology,2.6,4.3,2.9,No,71.3,8.4,Good,6,Some College,Medium,6.7,Yes,3.48,7,8.1,Yes,0,11.4,Quiet Room,No,Low,9,3,10,Reading,3.1,94
164739,18,Female,Business,3.3,2.5,0.3,No,61.8,8.9,Fair,2,Master,Medium,2.8,No,3.77,5,8.4,Yes,5,7.9,Cafe,No,High,2,3,10,Kinesthetic,8.1,98
164829,16,Female,Psychology,6.8,2.4,1.2,Yes,91.4,6.1,Good,0,Some College,Low,6.4,Yes,3.63,4,8.3,Yes,4,10.4,Dorm,No,Low,1,1,10,Auditory,3.6,95
164930,19,Male,Computer Science,3.731952536028128,3.0,2.4,Yes,75.9,6.2,Poor,0,Bachelor,Medium,6.5,No,2.12,8,9.2,Yes,1,10.1,Cafe,No,Medium,10,1,10,Kinesthetic,3.5,52
165024,24,Other,Arts,4.0,2.2,2.0,No,89.1,6.7,Good,5,PhD,Medium,5.1,Yes,4.0,1,8.9,Yes,0,8.6,Quiet Room,No,Medium,4,1,10,Kinesthetic,3.4,100
165032,21,Male,Business,7.6,4.3,1.5,No,69.4,4.0,Poor,1,Master,Medium,7.6,Yes,3.61,5,10.0,Yes,4,14.6,Quiet Room,Yes,Medium,4,3,10,Reading,8.0,78
165115,19,Other,Computer Science,4.874462183825176,3.9,2.0,Yes,91.1,6.1,Fair,4,Master,Medium,3.8,No,3.77,1,10.0,Yes,1,12.2,Library,No,High,5,3,10,Reading,9.5,98
165128,20,Male,Arts,3.4,2.4,3.1,Yes,49.3,8.8,Good,2,Bachelor,Medium,5.6,No,3.55,5,9.1,Yes,4,9.6,Dorm,No,High,7,1,10,Reading,5.6,88
165311,28,Male,Arts,3.2,1.9,0.7,No,80.1,6.7,Fair,4,Bachelor,Low,7.199999999999999,Yes,4.0,8,10.0,Yes,4,7.7,Co-Learning Group,Yes,Medium,5,2,10,Reading,5.1,100
165377,17,Female,Biology,0.9,4.4,2.2,No,46.7,8.0,Poor,0,Master,Low,6.7,Yes,2.25,2,8.2,Yes,2,8.8,Quiet Room,No,High,7,2,10,Reading,1.6,55
165419,20,Other,Psychology,1.8,3.1,2.8,No,83.8,5.9,Fair,1,Some College,Low,6.4,No,2.83,7,8.1,Yes,3,9.7,Quiet Room,Yes,Low,7,2,10,Kinesthetic,4.8,73
165441,16,Other,Biology,5.2,2.7,2.9,Yes,42.4,7.0,Good,1,PhD,High,6.0,No,2.33,5,8.8,Yes,5,10.9,Cafe,No,High,10,2,10,Kinesthetic,2.7,63
165500,28,Male,Business,6.7,4.8,0.3,No,66.9,8.3,Fair,7,Some College,Medium,7.6,Yes,2.87,1,9.2,Yes,3,11.9,Dorm,Yes,High,5,1,10,Visual,9.6,72
165530,19,Male,Psychology,2.8,1.8,3.9,No,55.7,7.4,Good,7,High School,Low,2.7,Yes,3.96,4,8.8,Yes,3,9.1,Quiet Room,Yes,High,10,2,10,Kinesthetic,3.8,93
165562,27,Female,Psychology,3.2,2.2,0.2,Yes,78.2,8.6,Good,3,PhD,High,5.5,Yes,2.76,5,10.0,Yes,1,6.4,Library,No,High,3,1,10,Visual,5.6,71
165587,25,Other,Arts,4.8,3.6,2.6,Yes,69.2,5.4,Fair,7,High School,High,9.3,Yes,4.0,2,8.2,Yes,4,12.0,Co-Learning Group,No,Low,3,1,10,Kinesthetic,7.2,100
165599,19,Male,Psychology,0.0,4.7,3.1,No,93.2,6.8,Good,3,PhD,Low,7.800000000000001,No,1.96,8,8.9,Yes,3,9.5,Quiet Room,No,Medium,9,1,10,Reading,4.3,48
165647,27,Other,Arts,5.6,0.9,1.4,Yes,69.5,6.6,Good,7,Bachelor,Low,2.3,No,3.99,7,8.5,Yes,2,9.0,Dorm,Yes,High,9,1,10,Auditory,1.0,100
165650,27,Female,Biology,1.4,2.3,1.2,No,41.6,5.4,Good,7,Master,Medium,3.8,No,3.87,7,8.4,Yes,5,6.1,Library,No,Low,1,1,10,Kinesthetic,3.5,99
165693,18,Other,Computer Science,2.3884747181681085,2.6,3.9,Yes,55.6,6.5,Good,0,High School,Medium,6.1,No,2.83,4,8.9,Yes,2,10.5,Dorm,Yes,Medium,7,2,10,Reading,5.4,82
165809,22,Other,Computer Science,7.193741359357452,0.8,1.6,Yes,76.4,4.6,Good,5,Bachelor,Low,6.5,No,4.0,6,8.9,Yes,1,10.6,Cafe,Yes,Low,3,2,10,Reading,3.0,96
165815,20,Male,Arts,2.2,4.1,0.6,Yes,66.8,4.0,Fair,4,Master,Medium,4.0,No,3.12,7,9.1,Yes,4,8.1,Co-Learning Group,Yes,Medium,3,2,10,Visual,1.9,82
165888,20,Female,Business,4.3,1.9,1.7,No,41.4,7.2,Good,1,Master,Medium,6.1,No,3.28,2,9.5,Yes,1,9.1,Co-Learning Group,No,High,9,3,10,Reading,5.3,79
165899,28,Female,Business,1.6,1.7,3.6,Yes,64.6,9.5,Fair,4,Some College,Low,5.6,Yes,3.55,3,8.2,Yes,4,7.6,Library,Yes,Medium,7,3,10,Kinesthetic,8.4,91
165903,18,Female,Psychology,5.9,4.2,0.6,Yes,86.9,8.8,Good,0,Bachelor,Medium,6.1,Yes,3.04,1,8.9,Yes,3,12.0,Library,Yes,Medium,7,3,10,Kinesthetic,6.9,67
166021,19,Female,Computer Science,7.714608251664244,4.4,0.8,No,95.9,4.4,Poor,2,Bachelor,High,7.199999999999999,No,3.68,5,8.4,Yes,3,14.7,Co-Learning Group,No,Low,3,2,10,Visual,7.3,85
166054,18,Other,Business,7.5,2.8,2.1,Yes,75.9,6.2,Fair,6,Some College,Low,7.0,No,4.0,3,8.3,Yes,0,14.0,Dorm,No,Low,5,1,10,Reading,6.3,98
166075,28,Other,Biology,5.3,2.7,3.9,Yes,78.2,6.7,Fair,1,Some College,High,6.2,No,2.8,3,10.0,Yes,1,12.7,Dorm,Yes,Medium,6,3,10,Kinesthetic,5.3,81
166171,17,Female,Arts,5.6,3.2,2.2,Yes,90.4,7.6,Good,7,Bachelor,Low,4.4,Yes,2.77,5,8.5,Yes,0,11.4,Cafe,No,High,1,3,10,Kinesthetic,7.8,73
166185,27,Male,Psychology,4.1,4.4,3.2,Yes,44.6,7.1,Fair,0,Bachelor,High,4.5,Yes,2.58,3,8.3,Yes,1,12.6,Library,Yes,Low,10,3,10,Visual,1.7,58
166202,20,Other,Business,5.4,4.3,1.2,Yes,81.7,7.4,Fair,0,Some College,Medium,4.8,Yes,3.81,6,8.6,Yes,3,12.7,Library,Yes,Low,3,2,10,Visual,3.0,95
166466,16,Female,Psychology,3.2,3.6,2.2,No,89.7,8.7,Good,6,High School,Medium,5.1,No,2.74,5,8.4,Yes,5,9.3,Quiet Room,Yes,Low,5,1,10,Auditory,3.5,81
166471,19,Other,Biology,5.1,3.8,1.9,No,83.2,6.3,Good,0,PhD,High,5.0,No,4.0,3,9.2,Yes,4,11.2,Library,Yes,Low,4,3,10,Reading,1.7,97
166502,16,Other,Arts,6.2,3.5,2.6,No,60.3,6.5,Good,0,Master,High,6.2,Yes,3.01,8,8.1,Yes,2,13.6,Cafe,No,High,6,3,10,Kinesthetic,1.4,76
166509,16,Female,Biology,5.1,2.4,1.8,Yes,63.1,6.0,Good,0,High School,Medium,6.4,No,3.56,5,8.7,Yes,0,9.8,Co-Learning Group,Yes,High,8,2,10,Visual,4.5,95
166549,24,Male,Computer Science,9.723420723398387,2.6,1.1,No,73.3,5.2,Fair,7,Some College,Medium,7.800000000000001,No,2.67,7,10.0,Yes,1,14.8,Dorm,No,Low,2,3,10,Visual,8.2,68
166565,20,Other,Arts,3.4,2.9,2.9,Yes,83.5,4.8,Good,2,Some College,Low,10.0,Yes,3.4,8,8.2,Yes,1,11.1,Co-Learning Group,No,Medium,3,2,10,Visual,7.3,83
166587,27,Female,Biology,4.5,4.1,0.6,Yes,65.0,7.8,Good,5,Some College,High,6.1,Yes,4.0,5,8.3,Yes,5,10.7,Co-Learning Group,Yes,Low,1,1,10,Kinesthetic,5.5,100
166742,26,Other,Psychology,3.3,3.0,1.1,Yes,89.6,7.3,Fair,7,High School,Medium,2.7,No,2.93,5,8.2,Yes,5,7.7,Quiet Room,No,High,3,3,10,Visual,6.4,66
166746,22,Female,Arts,1.6,1.6,0.6,Yes,66.3,6.6,Fair,7,PhD,Medium,4.0,No,3.3,2,8.3,Yes,5,4.3,Dorm,Yes,Medium,8,3,10,Visual,3.0,85
166775,21,Male,Psychology,1.5,3.3,2.4,Yes,79.7,6.6,Fair,4,Bachelor,Low,7.199999999999999,Yes,2.63,3,8.7,Yes,5,8.8,Co-Learning Group,No,High,2,2,10,Auditory,3.1,65
166785,22,Other,Psychology,6.4,1.3,2.6,Yes,61.3,4.0,Good,5,High School,Medium,4.0,No,2.21,7,10.0,Yes,2,10.5,Dorm,No,Medium,3,2,10,Visual,6.9,55
166848,18,Other,Biology,6.0,2.9,3.0,No,86.9,5.8,Good,7,Some College,High,10.0,No,4.0,8,8.6,Yes,3,12.1,Library,Yes,Low,6,2,10,Visual,5.3,93
166857,25,Female,Engineering,3.9,2.4,1.8,No,41.4,4.0,Good,5,PhD,Medium,3.8,No,3.33,5,9.0,Yes,0,9.1,Dorm,No,Medium,3,1,10,Reading,7.1,79
166938,27,Male,Biology,3.8,2.3,1.7,No,49.6,8.1,Good,4,Bachelor,Medium,9.5,No,2.89,4,9.2,Yes,1,9.4,Co-Learning Group,Yes,Low,2,3,10,Auditory,2.4,72
167038,28,Other,Arts,2.9,0.9,2.6,Yes,89.0,9.6,Good,7,PhD,Medium,2.0,Yes,3.2,5,8.1,Yes,3,8.0,Quiet Room,Yes,Medium,9,1,10,Kinesthetic,1.3,82
167043,16,Female,Business,2.5,4.1,0.0,No,40.8,5.7,Good,4,Bachelor,Medium,3.6,Yes,3.76,2,8.9,Yes,3,8.1,Library,No,High,10,3,10,Auditory,4.7,95
167050,27,Female,Biology,3.2,4.8,3.6,No,78.0,5.9,Good,6,High School,Low,3.5,Yes,3.28,2,8.7,Yes,3,11.7,Dorm,Yes,Low,10,3,10,Reading,3.9,90
167076,28,Male,Arts,5.2,4.3,1.8,Yes,57.9,8.6,Good,7,Some College,Low,7.300000000000001,Yes,2.69,2,8.3,Yes,5,12.5,Dorm,No,Low,10,2,10,Auditory,4.8,72
167137,25,Female,Business,6.1,4.6,3.0,No,69.5,6.8,Good,7,Master,Low,1.0,Yes,3.27,2,10.0,Yes,5,13.8,Cafe,Yes,Medium,6,3,10,Auditory,1.7,81
167166,20,Female,Psychology,6.3,0.7,2.5,Yes,97.6,8.3,Fair,2,Some College,Low,9.4,No,3.21,2,8.1,Yes,2,10.5,Quiet Room,Yes,Low,7,3,10,Kinesthetic,6.7,76
167202,20,Male,Arts,0.6,0.9,0.4,No,78.8,8.1,Fair,5,High School,Medium,7.300000000000001,No,2.52,2,9.0,Yes,1,2.1,Dorm,Yes,Low,8,1,10,Kinesthetic,4.5,62
167247,26,Male,Computer Science,3.675297320754611,0.3,0.3,Yes,74.7,6.5,Good,7,PhD,Low,4.9,Yes,3.41,4,9.9,Yes,3,5.7,Quiet Room,Yes,Medium,6,2,10,Kinesthetic,1.7,80
167290,20,Female,Business,5.1,4.2,1.5,Yes,81.5,7.2,Good,7,Master,Low,6.3,Yes,3.56,2,9.1,Yes,5,12.5,Co-Learning Group,Yes,Medium,1,3,10,Visual,9.2,92
167291,23,Female,Biology,4.6,3.3,0.1,No,48.2,9.9,Good,7,Some College,Low,4.3,Yes,4.0,8,9.5,Yes,0,9.8,Cafe,No,Medium,1,3,10,Auditory,4.8,98
167326,25,Male,Biology,3.1,2.7,3.0,No,51.2,8.5,Fair,0,Bachelor,High,3.6,Yes,3.26,2,10.0,Yes,0,10.8,Library,No,High,4,1,10,Reading,5.6,82
167383,27,Male,Engineering,3.8,3.2,3.7,No,75.1,5.7,Fair,2,Some College,High,6.9,No,3.2,4,9.0,Yes,3,12.5,Dorm,Yes,Medium,2,2,10,Kinesthetic,6.4,81
167402,26,Other,Engineering,7.7,4.5,1.5,Yes,73.8,6.1,Good,3,PhD,Low,7.300000000000001,Yes,3.37,3,9.0,Yes,5,14.9,Library,No,High,2,3,10,Kinesthetic,1.8,83
167480,24,Other,Business,0.8,2.9,0.9,No,40.8,6.0,Good,7,Some College,Medium,7.4,No,1.95,1,9.9,Yes,4,6.0,Dorm,No,Low,7,3,10,Auditory,4.1,54
167507,24,Male,Business,6.0,4.9,0.1,Yes,81.6,5.9,Fair,7,Master,Low,9.4,Yes,4.0,5,9.4,Yes,1,11.2,Dorm,Yes,Low,4,3,10,Kinesthetic,1.6,100
167509,17,Other,Business,2.8,1.1,0.2,No,81.1,7.5,Good,2,High School,Medium,6.2,Yes,2.5,4,8.2,Yes,1,4.4,Library,Yes,High,8,2,10,Auditory,5.9,61
167590,28,Other,Business,4.4,1.9,1.6,Yes,62.9,8.4,Fair,2,Bachelor,Low,5.3,No,4.0,7,9.4,Yes,2,9.0,Quiet Room,Yes,Medium,1,1,10,Auditory,1.2,98
167657,23,Other,Psychology,5.0,3.7,1.5,Yes,97.4,4.9,Good,3,Master,High,8.1,Yes,4.0,2,9.3,Yes,1,10.6,Co-Learning Group,Yes,High,9,2,10,Kinesthetic,5.2,100
167692,17,Female,Business,4.3,3.5,2.2,Yes,82.1,5.7,Good,4,Some College,Low,7.1,No,3.13,4,9.2,Yes,2,11.6,Quiet Room,No,High,7,2,10,Kinesthetic,3.6,76
167696,16,Male,Arts,4.2,2.2,2.4,Yes,47.0,4.1,Poor,7,Bachelor,High,7.9,Yes,3.86,1,8.2,Yes,2,9.8,Cafe,No,High,1,3,10,Auditory,6.1,95
167699,21,Male,Psychology,3.1,2.2,2.1,No,58.3,5.5,Poor,7,Bachelor,High,4.8,Yes,3.83,2,8.2,Yes,4,9.4,Library,No,High,2,2,10,Visual,3.4,86
167720,27,Male,Arts,2.1,4.1,1.8,Yes,49.1,5.4,Poor,6,Master,Low,4.4,No,3.27,1,10.0,Yes,0,9.3,Cafe,No,Low,9,2,10,Visual,2.6,87
167795,26,Male,Biology,3.4,1.5,0.7,Yes,51.8,7.2,Good,1,Some College,Low,2.8,Yes,3.83,5,9.7,Yes,1,6.3,Cafe,Yes,Medium,3,3,10,Visual,1.5,92
167824,18,Female,Psychology,7.2,3.1,0.2,No,97.3,9.2,Good,3,High School,High,4.1,Yes,3.61,5,8.2,Yes,0,11.2,Library,No,High,10,1,10,Visual,1.7,89
167825,16,Female,Arts,2.8,2.2,1.4,No,40.6,9.3,Good,5,Master,Medium,7.5,No,3.55,2,8.5,Yes,5,7.6,Co-Learning Group,Yes,Medium,1,3,10,Reading,1.9,91
167895,22,Female,Arts,5.5,0.6,2.5,No,94.7,4.2,Good,5,Bachelor,Medium,9.2,Yes,2.37,8,8.1,Yes,0,10.0,Cafe,No,High,4,1,10,Reading,5.5,64
167896,22,Female,Psychology,3.7,1.4,3.0,Yes,90.1,10.7,Good,1,PhD,Medium,5.3,No,3.16,3,9.1,Yes,5,8.6,Cafe,No,Low,7,3,10,Auditory,5.4,76
168133,28,Female,Engineering,3.2,2.6,3.6,Yes,74.9,6.2,Fair,0,Bachelor,High,6.5,No,2.07,3,8.4,Yes,2,9.6,Library,No,Low,2,1,10,Kinesthetic,8.9,61
168247,27,Male,Psychology,3.2,1.8,3.0,Yes,42.3,6.1,Fair,1,Bachelor,Medium,7.5,Yes,3.14,3,10.0,Yes,0,9.4,Dorm,Yes,High,8,2,10,Kinesthetic,7.6,75
168275,21,Female,Arts,7.4,2.5,0.6,No,66.7,6.4,Fair,6,PhD,High,10.0,No,3.34,8,8.4,Yes,1,10.7,Co-Learning Group,Yes,Low,2,2,10,Visual,6.8,88
168314,19,Female,Computer Science,6.1681455180378375,0.2,2.4,No,47.7,6.7,Good,7,Some College,High,5.6,No,4.0,6,9.1,Yes,2,9.9,Cafe,Yes,High,10,2,10,Visual,9.4,100
168339,25,Female,Business,8.0,3.9,3.4,Yes,98.9,10.0,Poor,3,Some College,Medium,4.7,No,3.78,8,9.0,Yes,4,16.3,Library,Yes,Low,2,3,10,Kinesthetic,5.8,99
168370,16,Male,Arts,3.9,3.8,1.1,Yes,57.7,5.3,Good,4,Master,Medium,7.0,Yes,4.0,7,8.5,Yes,4,9.6,Cafe,Yes,Low,7,1,10,Auditory,3.7,100
168423,28,Female,Psychology,2.6,1.1,3.2,Yes,73.7,7.6,Good,7,Some College,High,5.4,Yes,4.0,4,8.4,Yes,4,8.1,Quiet Room,Yes,High,2,1,10,Kinesthetic,9.9,92
168428,22,Male,Biology,5.9,0.9,3.4,No,82.1,7.7,Fair,4,PhD,Low,3.6,Yes,3.76,2,9.3,Yes,5,10.2,Dorm,Yes,Medium,9,1,10,Auditory,2.2,95
168446,19,Male,Business,0.5,3.8,2.4,Yes,90.1,7.7,Poor,3,High School,High,7.300000000000001,No,2.55,2,10.0,Yes,2,7.4,Library,No,Medium,5,2,10,Reading,4.8,68
168562,26,Male,Biology,4.0,3.3,2.4,No,65.5,6.4,Good,0,High School,High,3.7,No,3.78,4,9.0,Yes,4,11.6,Library,No,Low,9,1,10,Auditory,7.6,100
168577,23,Other,Engineering,2.5,4.7,0.0,Yes,87.7,5.8,Good,6,Bachelor,High,5.4,No,2.43,5,10.0,Yes,5,7.5,Cafe,Yes,Low,2,3,10,Reading,7.6,60
168614,27,Other,Business,3.9,2.5,4.0,No,88.9,9.7,Good,7,Some College,Medium,4.6,Yes,2.75,1,8.9,Yes,0,12.2,Dorm,No,Low,5,1,10,Visual,9.4,72
168626,26,Male,Psychology,4.0,4.1,0.9,No,59.7,4.0,Good,0,High School,High,5.5,Yes,4.0,6,9.1,Yes,1,9.3,Co-Learning Group,Yes,Low,4,1,10,Kinesthetic,9.7,100
168668,23,Female,Business,0.2,3.9,2.4,No,77.9,6.6,Fair,1,Master,Low,3.7,Yes,2.94,6,8.5,Yes,1,6.8,Library,Yes,Low,10,2,10,Kinesthetic,1.0,65
168701,27,Male,Biology,3.4,4.2,2.5,No,51.4,6.7,Good,0,Bachelor,Low,9.0,No,3.06,2,8.8,Yes,5,11.7,Co-Learning Group,No,Low,8,2,10,Kinesthetic,2.4,78
168764,24,Male,Computer Science,3.330183408699781,3.7,3.1,No,83.8,10.7,Good,6,High School,High,5.2,Yes,2.94,7,8.6,Yes,3,11.9,Quiet Room,No,High,6,1,10,Visual,3.7,73
168844,23,Female,Business,6.3,1.8,2.5,Yes,59.1,6.9,Good,7,Master,Low,4.9,Yes,2.39,3,8.3,Yes,3,11.7,Dorm,No,Medium,3,1,10,Auditory,6.2,60
168864,27,Female,Engineering,6.5,0.7,1.6,No,68.0,6.9,Fair,0,Master,High,6.7,No,2.67,3,8.9,Yes,3,9.5,Cafe,No,Medium,1,1,10,Auditory,6.7,66
168911,22,Male,Engineering,1.9,4.6,0.6,Yes,98.9,5.8,Fair,7,Master,High,6.9,Yes,3.39,3,8.7,Yes,3,7.4,Co-Learning Group,No,Low,10,1,10,Kinesthetic,6.3,76
168933,19,Male,Business,2.3,4.9,1.4,Yes,88.8,5.9,Good,6,PhD,High,4.4,Yes,2.8,6,8.2,Yes,4,8.6,Co-Learning Group,Yes,Low,5,3,10,Visual,6.6,76
168955,24,Female,Arts,3.3,3.0,0.4,No,71.1,8.7,Fair,1,Some College,High,5.3,Yes,2.82,5,9.0,Yes,3,8.2,Co-Learning Group,Yes,High,7,1,10,Auditory,6.1,74
169017,26,Male,Engineering,4.1,1.0,0.0,Yes,69.3,4.3,Fair,1,Bachelor,High,8.3,Yes,3.79,8,9.4,Yes,2,6.9,Cafe,No,Low,9,3,10,Auditory,4.8,93
169142,22,Female,Biology,4.6,2.9,2.1,No,44.2,8.4,Good,3,High School,High,7.199999999999999,Yes,3.76,1,10.0,Yes,1,9.8,Dorm,Yes,Medium,6,1,10,Kinesthetic,2.4,93
169204,17,Male,Computer Science,7.422406643362245,4.5,1.9,No,67.3,4.7,Fair,3,Bachelor,High,9.6,No,3.02,7,10.0,Yes,2,14.7,Library,Yes,High,10,2,10,Visual,3.4,73
169322,27,Other,Biology,6.1,3.3,0.2,Yes,94.7,5.6,Good,7,Bachelor,High,5.2,No,2.48,1,9.2,Yes,3,10.1,Dorm,No,High,9,2,10,Reading,1.1,60
169354,27,Male,Engineering,4.2,3.5,1.1,No,87.9,8.1,Fair,4,Some College,Medium,5.9,Yes,3.36,3,8.9,Yes,2,9.4,Cafe,Yes,Medium,3,3,10,Reading,1.1,87
169355,26,Male,Psychology,4.7,3.4,1.0,No,99.2,6.1,Fair,7,Some College,Low,7.300000000000001,Yes,3.97,1,9.7,Yes,5,9.5,Library,No,Medium,2,2,10,Reading,7.5,100
169403,20,Male,Psychology,5.4,2.6,3.3,Yes,53.0,9.0,Fair,2,Some College,Medium,5.1,No,2.89,5,8.4,Yes,1,12.1,Co-Learning Group,Yes,High,2,1,10,Visual,1.7,66
169440,17,Male,Arts,1.6,3.1,1.6,Yes,75.9,6.8,Good,5,Some College,Low,6.8,Yes,2.24,7,8.1,Yes,2,6.8,Quiet Room,No,Low,9,1,10,Kinesthetic,7.8,50
169450,17,Other,Arts,5.8,2.1,2.0,Yes,71.2,7.3,Good,0,Some College,Low,4.4,Yes,3.57,3,9.0,Yes,2,11.1,Quiet Room,Yes,Medium,4,2,10,Kinesthetic,2.7,93
169454,16,Female,Biology,0.0,0.9,3.5,Yes,86.6,8.1,Good,2,Bachelor,Low,7.4,No,2.82,3,10.0,Yes,1,5.3,Quiet Room,No,Low,6,3,10,Auditory,3.3,68
169466,27,Other,Computer Science,3.5675532022538783,2.3,2.1,Yes,59.7,8.2,Poor,5,Some College,Medium,7.4,Yes,3.59,8,9.0,Yes,1,8.1,Library,No,Medium,4,3,10,Reading,5.9,100
169479,21,Other,Business,3.5,3.4,0.1,Yes,72.1,6.7,Fair,2,Master,High,3.7,Yes,4.0,6,9.2,Yes,5,8.4,Cafe,Yes,Medium,1,3,10,Auditory,4.4,100
169514,22,Male,Arts,3.1,1.9,1.1,Yes,61.9,6.6,Fair,7,Some College,Low,5.7,Yes,4.0,8,8.8,Yes,1,7.2,Library,Yes,High,5,1,10,Visual,2.2,100
169555,27,Other,Arts,5.9,0.8,0.7,Yes,87.0,5.4,Fair,1,PhD,Medium,6.6,No,2.73,5,9.2,Yes,2,9.1,Cafe,No,Medium,6,3,10,Auditory,8.3,66
169566,24,Female,Computer Science,5.751406212484132,1.6,0.1,No,65.2,5.9,Poor,0,Master,High,5.2,No,2.88,8,8.5,Yes,2,8.8,Dorm,No,Medium,5,1,10,Visual,3.2,77
169625,17,Other,Psychology,6.6,4.0,1.2,No,44.3,6.8,Good,5,PhD,Medium,7.6,No,3.18,7,8.1,Yes,1,11.9,Quiet Room,No,High,4,2,10,Reading,5.4,87
169662,18,Other,Arts,4.7,4.6,2.6,Yes,55.3,5.8,Good,4,Bachelor,High,5.3,Yes,3.91,6,10.0,Yes,2,12.7,Dorm,No,High,3,3,10,Visual,5.7,93
169794,20,Male,Business,5.8,3.4,2.1,Yes,45.4,5.9,Good,0,Master,Medium,5.3,Yes,4.0,8,8.5,Yes,2,13.2,Library,Yes,Low,4,2,10,Reading,9.3,91
169845,20,Male,Biology,4.3,0.3,0.3,No,73.7,7.0,Good,6,Some College,High,4.8,No,3.54,4,8.7,Yes,5,5.5,Dorm,Yes,Low,6,1,10,Auditory,6.3,92
169882,23,Female,Computer Science,5.838466005320784,3.5,0.9,No,77.4,6.1,Good,1,High School,Low,7.6,Yes,3.75,1,9.5,Yes,0,11.0,Cafe,Yes,Low,9,2,10,Reading,8.9,92
169930,19,Male,Psychology,7.2,1.1,3.0,Yes,48.3,5.5,Good,0,Bachelor,Low,6.4,No,2.89,8,9.6,Yes,0,12.9,Co-Learning Group,Yes,Low,5,2,10,Kinesthetic,7.5,78
169999,26,Other,Arts,2.8,4.2,3.9,Yes,46.8,7.4,Fair,1,PhD,High,5.6,Yes,3.88,6,9.4,Yes,1,12.3,Quiet Room,Yes,Medium,8,2,10,Visual,5.0,90
170053,22,Male,Business,3.4,2.9,0.8,Yes,58.5,6.8,Good,7,PhD,Medium,5.6,No,3.44,4,8.6,Yes,3,7.6,Quiet Room,No,Medium,7,2,10,Auditory,1.1,87
170112,17,Other,Biology,5.8,2.8,1.9,No,98.1,7.3,Good,5,Some College,Medium,4.8,Yes,2.92,2,10.0,Yes,1,11.6,Quiet Room,No,Low,1,2,10,Visual,2.8,78
170245,26,Female,Biology,5.4,4.0,0.3,No,47.2,6.9,Fair,1,PhD,High,5.1,No,3.11,1,8.7,Yes,4,10.1,Cafe,No,High,2,1,10,Reading,2.3,76
170338,23,Female,Business,2.1,3.7,3.8,No,56.5,5.0,Good,5,High School,High,5.3,No,3.3,6,9.0,Yes,5,9.6,Dorm,No,High,3,2,10,Auditory,2.6,80
170352,24,Male,Biology,6.9,4.0,0.8,Yes,61.1,8.8,Good,0,High School,Low,5.2,No,4.0,7,8.8,Yes,0,13.3,Quiet Room,Yes,Low,1,1,10,Auditory,4.5,100
170362,20,Female,Biology,5.8,0.8,1.6,Yes,81.9,7.2,Poor,5,Bachelor,Low,2.9,No,3.45,4,8.4,Yes,5,9.9,Cafe,No,High,4,2,10,Kinesthetic,6.1,72
170386,28,Female,Psychology,4.0,3.5,2.3,Yes,71.1,6.3,Poor,0,PhD,Low,4.0,No,3.94,6,9.4,Yes,0,11.0,Cafe,Yes,Medium,8,2,10,Auditory,8.3,94
170486,24,Female,Computer Science,7.170456883202857,4.7,3.0,No,54.5,7.0,Good,6,Master,Medium,7.800000000000001,Yes,3.54,2,8.6,Yes,1,15.9,Library,No,High,9,3,10,Auditory,3.6,89
170488,19,Male,Arts,3.4,0.8,1.8,Yes,44.7,6.4,Poor,4,PhD,High,4.6,No,2.85,4,9.3,Yes,1,7.2,Library,No,Medium,1,3,10,Reading,6.0,74
170650,23,Female,Arts,3.7,4.3,1.2,No,65.7,7.0,Good,1,Bachelor,Medium,7.199999999999999,Yes,3.07,2,9.4,Yes,0,9.7,Cafe,No,High,9,3,10,Visual,7.8,76
170742,23,Female,Psychology,4.2,3.0,1.7,Yes,98.6,7.1,Poor,5,Bachelor,Medium,4.3,No,3.61,4,8.1,Yes,0,10.3,Co-Learning Group,Yes,Low,10,3,10,Reading,3.1,87
170802,28,Female,Computer Science,7.566187320226277,2.2,1.1,Yes,70.5,7.4,Fair,0,Bachelor,Medium,3.1,Yes,2.87,2,8.6,Yes,2,11.2,Co-Learning Group,Yes,Low,5,1,10,Reading,1.6,66
170808,26,Other,Psychology,1.6,1.3,2.4,Yes,47.6,6.8,Good,0,Bachelor,Medium,5.8,No,2.18,1,8.1,Yes,0,7.1,Library,No,High,2,3,10,Reading,9.4,55
170813,28,Male,Business,1.3,0.6,2.2,Yes,41.4,7.3,Good,5,High School,Medium,3.5,Yes,3.65,8,9.5,Yes,5,5.7,Cafe,Yes,Low,1,1,10,Visual,7.4,85
170828,21,Female,Computer Science,5.438791307981588,4.6,1.6,No,74.5,8.5,Poor,7,PhD,High,2.7,No,3.75,8,8.7,Yes,1,13.2,Cafe,No,Medium,1,2,10,Kinesthetic,9.5,100
170894,18,Male,Engineering,2.6,1.0,1.5,No,50.1,6.8,Good,0,PhD,Low,8.0,No,2.93,3,8.3,Yes,3,5.5,Quiet Room,No,Low,8,2,10,Kinesthetic,1.4,77
170922,24,Male,Business,5.1,4.4,0.5,Yes,49.5,8.2,Good,6,Some College,Low,8.0,No,3.17,4,10.0,Yes,2,11.8,Cafe,Yes,High,7,3,10,Auditory,1.5,75
171080,16,Other,Psychology,1.3,3.2,2.9,No,96.1,7.0,Good,2,PhD,Low,5.6,Yes,2.17,5,8.6,Yes,1,7.7,Co-Learning Group,No,Low,2,1,10,Visual,5.1,44
171089,26,Male,Computer Science,6.091350663067431,1.8,0.1,Yes,97.3,6.2,Good,5,Some College,High,8.6,No,4.0,6,8.4,Yes,5,8.9,Cafe,No,Low,5,3,10,Kinesthetic,1.5,100
171093,18,Other,Arts,4.0,2.3,3.0,No,97.4,4.4,Good,2,PhD,Low,4.6,Yes,3.68,2,8.2,Yes,4,11.2,Library,Yes,High,2,1,10,Kinesthetic,2.3,98
171102,21,Other,Business,5.8,4.0,2.1,No,77.1,10.6,Fair,4,Bachelor,Low,2.8,Yes,4.0,8,8.7,Yes,4,13.1,Co-Learning Group,Yes,Low,4,3,10,Auditory,1.5,95
171161,24,Other,Engineering,4.3,1.1,0.4,Yes,83.6,6.1,Fair,4,Some College,Low,5.9,Yes,3.14,3,9.3,Yes,1,6.8,Co-Learning Group,Yes,Low,6,1,10,Kinesthetic,1.7,73
171234,21,Female,Psychology,3.9,5.0,2.1,No,73.0,7.5,Good,2,Master,Medium,5.3,Yes,3.74,6,10.0,Yes,0,12.3,Library,No,Medium,8,3,10,Visual,2.3,93
171336,17,Female,Computer Science,6.491192748089002,3.6,3.5,No,77.2,6.7,Poor,3,Bachelor,High,4.8,Yes,4.0,7,8.8,Yes,5,15.4,Co-Learning Group,No,Low,1,1,10,Auditory,1.7,96
171354,19,Male,Engineering,1.6,3.8,2.0,Yes,43.9,6.7,Fair,1,High School,Medium,6.6,Yes,3.09,1,9.9,Yes,5,9.0,Co-Learning Group,No,Low,2,2,10,Auditory,4.2,81
171403,25,Male,Biology,5.0,2.1,3.6,No,50.1,5.3,Good,7,PhD,Low,3.6,Yes,2.62,6,8.3,Yes,5,11.1,Library,No,Medium,1,1,10,Auditory,8.7,69
171441,24,Male,Arts,4.9,3.4,1.0,Yes,53.7,7.0,Poor,4,Bachelor,Low,3.0,Yes,3.09,5,8.1,Yes,4,10.5,Co-Learning Group,Yes,Low,3,2,10,Reading,3.3,73
171463,21,Female,Biology,5.5,2.1,3.7,No,53.2,5.4,Poor,4,Some College,Medium,4.9,Yes,3.45,2,10.0,Yes,1,12.0,Co-Learning Group,No,High,7,1,10,Reading,1.3,85
171513,19,Other,Biology,4.4,1.0,3.7,Yes,48.8,4.3,Good,5,Some College,Medium,6.3,Yes,3.68,2,10.0,Yes,4,9.4,Co-Learning Group,No,Medium,5,1,10,Kinesthetic,8.3,95
171554,27,Male,Psychology,0.5,0.5,2.5,No,88.7,4.7,Good,5,PhD,Low,5.3,Yes,3.89,2,10.0,Yes,3,4.9,Co-Learning Group,Yes,Low,8,2,10,Visual,5.5,95
171578,28,Male,Computer Science,7.770109437778661,0.6,1.9,No,94.5,7.3,Fair,6,Some College,High,9.9,No,4.0,8,9.1,Yes,4,12.0,Library,No,High,1,2,10,Reading,7.9,100
171604,19,Male,Arts,2.9,3.9,1.8,No,79.6,9.1,Poor,4,PhD,Low,6.6,No,3.12,3,8.4,Yes,0,10.2,Quiet Room,Yes,Low,2,1,10,Kinesthetic,5.9,83
171707,16,Other,Arts,6.0,4.4,0.9,Yes,93.3,8.2,Good,4,PhD,Low,10.0,No,3.94,4,10.0,Yes,2,13.1,Quiet Room,No,Medium,2,3,10,Visual,7.4,93
171713,25,Other,Arts,5.6,4.9,1.8,No,99.4,7.3,Fair,0,PhD,Medium,5.8,No,3.02,3,8.4,Yes,0,13.4,Library,Yes,Medium,1,3,10,Auditory,7.3,70
171761,16,Male,Arts,7.1,2.7,1.1,No,68.1,8.7,Fair,2,Some College,Low,6.6,No,4.0,3,8.9,Yes,1,12.8,Library,Yes,High,1,3,10,Kinesthetic,7.3,100
171806,17,Other,Computer Science,5.058151579402625,1.0,2.4,No,90.6,6.0,Fair,1,Some College,High,5.5,No,2.38,8,8.1,Yes,0,8.8,Co-Learning Group,No,Medium,2,1,10,Kinesthetic,2.9,52
171836,22,Other,Biology,2.2,2.3,1.8,No,56.3,4.6,Fair,7,Some College,High,5.5,No,2.8,3,8.2,Yes,5,7.5,Cafe,Yes,High,7,3,10,Visual,8.3,73
171905,24,Female,Engineering,0.8,1.8,2.9,No,50.8,6.1,Poor,1,Some College,Medium,6.6,Yes,3.72,3,9.0,Yes,5,7.1,Cafe,Yes,Medium,3,1,10,Visual,5.9,98
172046,26,Female,Biology,3.0,3.0,0.2,No,89.2,7.8,Fair,5,Bachelor,High,6.1,Yes,4.0,8,8.5,Yes,0,8.0,Library,Yes,Low,10,2,10,Kinesthetic,6.2,93
172050,22,Male,Psychology,0.0,1.4,2.7,Yes,44.1,6.2,Good,0,Some College,High,7.0,Yes,1.77,5,9.5,Yes,4,5.6,Library,No,Low,5,1,10,Reading,7.9,45
172062,17,Female,Psychology,6.2,1.7,0.4,No,51.7,7.3,Poor,6,PhD,Low,7.300000000000001,No,4.0,6,8.3,Yes,5,9.0,Quiet Room,No,Medium,4,3,10,Visual,3.6,100
172077,19,Female,Computer Science,1.9396348840685005,0.3,3.4,Yes,61.1,9.1,Good,5,Bachelor,Medium,7.9,No,3.51,6,8.5,Yes,2,6.2,Co-Learning Group,Yes,Medium,2,1,10,Reading,9.3,90
172103,25,Other,Computer Science,4.74529682197957,1.1,0.2,No,58.0,10.5,Fair,4,Some College,High,3.0,No,4.0,5,10.0,Yes,5,6.3,Quiet Room,Yes,Low,1,3,10,Auditory,2.0,100
172164,16,Other,Computer Science,4.867168202912761,0.6,0.9,No,54.4,6.2,Good,6,Some College,High,6.7,Yes,3.61,1,8.4,Yes,5,7.7,Dorm,No,Low,6,1,10,Reading,1.1,78
172210,22,Female,Biology,2.2,3.1,2.5,Yes,46.9,7.4,Fair,3,Bachelor,High,7.699999999999999,No,3.9,6,9.7,Yes,4,9.5,Dorm,Yes,Medium,6,3,10,Auditory,9.2,100
172265,17,Female,Biology,1.4,0.9,0.3,No,76.2,4.0,Good,3,Bachelor,High,6.7,Yes,2.32,5,8.8,Yes,4,4.5,Library,No,Medium,6,3,10,Auditory,1.9,55
172268,20,Female,Engineering,6.1,4.6,1.2,Yes,95.7,4.0,Good,4,Bachelor,Medium,5.5,Yes,3.22,4,9.6,Yes,2,13.8,Quiet Room,Yes,Low,5,2,10,Visual,3.4,82
172286,19,Male,Computer Science,6.185662483047305,4.1,2.0,No,90.3,5.1,Fair,7,Bachelor,Medium,8.3,No,2.94,8,9.2,Yes,3,13.6,Dorm,No,Medium,7,3,10,Kinesthetic,9.1,72
172363,18,Other,Business,3.0,3.7,3.9,Yes,93.6,4.3,Good,7,Master,Medium,1.5,No,2.95,8,9.4,Yes,4,11.3,Dorm,Yes,Low,9,3,10,Reading,8.1,74
172444,20,Male,Business,6.7,4.6,1.1,Yes,60.0,5.2,Good,5,Bachelor,High,4.3,No,3.35,1,10.0,Yes,3,13.9,Dorm,No,High,9,3,10,Reading,6.9,83
172471,24,Male,Arts,3.2,2.9,3.9,Yes,68.3,6.2,Fair,1,Some College,Medium,5.1,Yes,4.0,8,8.2,Yes,1,10.2,Quiet Room,Yes,High,6,2,10,Auditory,7.8,98
172577,25,Male,Business,3.5,1.9,1.4,No,71.4,5.2,Poor,2,Master,Medium,6.6,Yes,2.94,1,9.4,Yes,0,7.4,Library,No,Low,2,2,10,Kinesthetic,3.3,73
172711,21,Other,Engineering,3.8,0.4,2.0,Yes,53.3,5.5,Good,2,Master,High,7.5,Yes,2.66,7,8.2,Yes,1,6.4,Co-Learning Group,Yes,High,7,3,10,Auditory,2.5,61
172811,16,Male,Engineering,4.6,0.9,1.7,Yes,51.7,6.5,Poor,6,High School,Medium,6.3,No,4.0,5,9.5,Yes,2,8.1,Cafe,Yes,Low,7,3,10,Auditory,2.7,99
172820,20,Male,Computer Science,4.818892494948383,3.9,1.8,Yes,44.0,7.6,Poor,6,High School,Low,5.0,Yes,4.0,4,10.0,Yes,2,11.9,Co-Learning Group,Yes,Low,5,3,10,Visual,3.9,100
172843,25,Male,Arts,3.5,3.5,1.3,No,69.2,6.8,Good,1,Master,Medium,5.3,No,3.41,1,8.2,Yes,5,9.1,Dorm,No,Medium,9,1,10,Visual,4.4,83
172877,28,Other,Psychology,4.5,4.4,0.4,No,54.4,8.8,Good,7,High School,High,6.4,Yes,3.08,8,8.9,Yes,1,11.2,Quiet Room,No,High,4,1,10,Visual,2.7,73
172897,24,Male,Computer Science,3.5666685873281185,1.8,2.3,Yes,96.4,6.2,Fair,0,PhD,High,5.4,Yes,2.43,4,8.2,Yes,4,8.7,Cafe,No,Low,7,3,10,Visual,4.9,66
172906,18,Male,Computer Science,4.928231691897933,3.9,1.8,Yes,63.0,6.3,Good,0,Master,High,6.7,No,3.75,6,9.8,Yes,3,11.7,Quiet Room,No,Low,10,3,10,Auditory,3.2,95
172918,23,Other,Psychology,2.0,4.6,3.9,No,98.9,7.4,Fair,7,Bachelor,Medium,3.2,Yes,4.0,7,8.7,Yes,2,11.5,Quiet Room,Yes,High,4,1,10,Visual,10.0,97
172988,17,Male,Computer Science,1.4004326896030217,2.7,3.0,No,56.6,5.2,Poor,2,High School,High,2.9,Yes,2.64,7,8.6,Yes,1,7.9,Quiet Room,Yes,Medium,3,2,10,Auditory,8.8,57
173038,19,Other,Biology,1.6,3.5,1.1,Yes,73.6,5.5,Good,7,High School,High,8.1,Yes,3.09,5,8.3,Yes,4,7.2,Library,Yes,Medium,8,2,10,Reading,8.0,78
173048,23,Female,Engineering,0.5,3.2,2.8,Yes,92.8,10.7,Fair,5,High School,Low,5.8,No,3.65,4,10.0,Yes,1,7.5,Co-Learning Group,No,Medium,2,2,10,Visual,2.8,90
173115,16,Female,Business,2.6,4.8,0.9,Yes,76.9,7.9,Poor,4,Master,High,7.4,Yes,2.36,5,10.0,Yes,1,9.5,Library,No,Low,5,1,10,Auditory,3.2,62
173207,19,Other,Computer Science,4.289832494274471,4.2,0.4,No,98.2,7.8,Good,3,High School,Low,6.8,No,2.72,1,8.8,Yes,1,9.9,Cafe,Yes,Medium,10,2,10,Reading,5.9,70
173214,24,Other,Psychology,8.9,4.5,0.8,No,88.9,8.9,Poor,7,Bachelor,Medium,7.0,Yes,3.58,8,9.2,Yes,2,15.8,Cafe,Yes,Medium,3,1,10,Auditory,6.9,89
173230,21,Other,Business,4.8,4.1,1.4,No,60.5,6.6,Fair,4,Bachelor,High,5.1,Yes,3.0,1,10.0,Yes,5,10.6,Co-Learning Group,Yes,Medium,3,2,10,Visual,4.5,87
173361,28,Female,Computer Science,8.185507498356497,3.3,3.1,Yes,84.3,8.9,Fair,5,Some College,Low,8.3,Yes,3.38,4,9.1,Yes,0,15.9,Library,No,High,3,2,10,Reading,3.9,71
173453,18,Female,Arts,8.8,2.8,0.9,No,70.0,7.4,Good,1,Bachelor,Medium,10.0,No,4.0,4,8.7,Yes,4,14.0,Co-Learning Group,Yes,Medium,5,1,10,Auditory,8.2,100
173456,25,Other,Computer Science,6.83853194674016,0.9,2.4,No,54.7,8.2,Good,5,High School,Low,6.8,Yes,3.81,8,10.0,Yes,1,10.9,Library,No,Medium,3,1,10,Kinesthetic,1.4,97
173473,17,Female,Business,5.2,5.0,1.9,No,53.3,6.4,Fair,2,Master,Low,8.0,Yes,3.8,6,8.4,Yes,0,12.7,Quiet Room,No,Low,3,3,10,Visual,5.0,94
173481,26,Other,Computer Science,5.622326695372194,1.0,2.1,Yes,60.9,6.7,Poor,4,Master,Medium,5.6,Yes,2.91,4,8.4,Yes,4,9.0,Cafe,Yes,Medium,4,1,10,Kinesthetic,1.2,79
173573,16,Other,Computer Science,4.743043764315265,2.8,4.0,No,40.9,7.9,Poor,0,Some College,Medium,3.2,No,3.68,1,8.1,Yes,0,12.3,Cafe,No,Medium,2,3,10,Kinesthetic,2.1,85
173600,21,Male,Psychology,1.8,4.8,0.8,No,61.5,6.0,Fair,2,High School,Medium,2.7,No,2.18,2,8.5,Yes,0,8.4,Dorm,No,Medium,1,1,10,Reading,7.3,62
173607,22,Female,Arts,7.0,2.6,0.9,Yes,65.6,5.2,Good,4,Master,Low,3.9,Yes,2.97,7,8.8,Yes,5,12.2,Dorm,No,High,2,2,10,Visual,5.3,73
173710,26,Other,Computer Science,7.545072083020287,2.2,1.7,Yes,51.3,5.2,Good,1,PhD,High,8.6,No,3.07,2,8.7,Yes,3,13.3,Quiet Room,Yes,Medium,1,3,10,Kinesthetic,6.1,76
173722,26,Other,Engineering,4.2,4.4,0.4,No,81.8,6.1,Fair,0,Bachelor,Low,5.7,Yes,3.29,2,8.1,Yes,1,10.4,Quiet Room,No,Medium,10,2,10,Kinesthetic,1.9,80
173729,26,Male,Engineering,4.3,4.1,0.3,No,78.0,8.4,Poor,7,Master,High,10.0,No,3.44,7,8.9,Yes,1,10.0,Quiet Room,Yes,Low,2,1,10,Reading,4.2,81
173753,26,Female,Engineering,4.8,0.3,3.0,No,99.7,6.9,Good,4,High School,High,5.4,No,2.15,2,8.6,Yes,3,9.4,Dorm,No,Low,5,2,10,Kinesthetic,5.8,47
173791,27,Male,Engineering,0.9,0.4,3.7,No,93.2,5.0,Fair,5,Some College,Low,6.2,No,3.01,7,8.2,Yes,4,5.2,Co-Learning Group,Yes,High,10,3,10,Reading,8.7,78
173832,25,Female,Business,1.4,0.9,3.0,No,93.0,4.8,Fair,4,Bachelor,Low,2.1,Yes,4.0,3,8.3,Yes,1,6.5,Library,Yes,Medium,10,2,10,Kinesthetic,5.8,100
173850,23,Male,Psychology,7.8,4.6,2.9,Yes,46.3,7.4,Poor,4,Some College,High,4.5,Yes,3.64,2,8.6,Yes,4,16.2,Quiet Room,Yes,High,4,3,10,Visual,9.7,97
174051,28,Male,Engineering,5.2,3.4,2.4,Yes,42.6,6.8,Fair,6,Some College,High,4.5,Yes,4.0,2,8.1,Yes,3,12.2,Co-Learning Group,Yes,High,8,1,10,Reading,7.6,97
174071,20,Other,Business,2.4,1.0,2.2,No,55.7,7.3,Poor,7,Some College,Low,1.0,No,3.1,1,9.7,Yes,0,6.6,Co-Learning Group,Yes,Low,4,1,10,Reading,2.1,75
174119,16,Male,Computer Science,4.077417460568553,4.2,2.6,Yes,65.2,5.5,Good,3,Some College,Low,5.9,No,3.95,4,8.9,Yes,1,12.1,Co-Learning Group,No,Medium,2,1,10,Reading,6.4,100
174144,20,Other,Psychology,4.8,1.1,1.7,Yes,99.9,6.9,Fair,2,Bachelor,High,8.2,Yes,2.43,8,8.2,Yes,0,8.9,Library,No,High,5,1,10,Kinesthetic,7.1,64
174193,22,Other,Computer Science,4.56358158847305,2.6,0.5,No,40.5,5.8,Fair,6,Some College,High,3.5,Yes,4.0,5,8.7,Yes,0,8.6,Cafe,Yes,High,9,1,10,Auditory,9.1,100
174196,25,Female,Psychology,4.6,0.3,1.8,Yes,82.4,6.6,Good,3,High School,Low,10.0,Yes,3.59,2,8.2,Yes,3,8.0,Library,No,High,1,1,10,Kinesthetic,4.5,91
174201,21,Male,Computer Science,8.333708870144575,1.6,3.9,No,82.7,8.4,Poor,7,High School,Low,8.4,Yes,3.84,2,10.0,Yes,0,14.0,Cafe,Yes,Medium,8,2,10,Visual,7.8,92
174231,25,Male,Business,6.4,2.5,1.3,No,89.7,7.1,Good,3,Master,Low,5.6,No,4.0,7,8.4,Yes,5,11.2,Library,Yes,Medium,9,1,10,Kinesthetic,2.3,100
174292,22,Female,Psychology,3.4,1.8,1.4,Yes,73.0,7.6,Good,0,PhD,High,4.3,Yes,2.8,7,8.5,Yes,0,7.7,Quiet Room,Yes,Medium,4,2,10,Kinesthetic,2.0,72
174318,21,Male,Psychology,0.9,0.7,0.6,Yes,44.8,9.3,Good,0,Some College,Low,4.2,Yes,3.87,4,8.7,Yes,5,4.0,Dorm,Yes,High,1,2,10,Reading,4.0,99
174383,27,Other,Arts,4.7,3.9,1.6,Yes,85.4,4.0,Poor,5,PhD,High,8.2,Yes,3.71,7,8.2,Yes,4,11.4,Dorm,No,Low,8,1,10,Kinesthetic,1.7,95
174392,16,Female,Business,2.7,3.1,0.3,Yes,82.8,5.9,Good,3,Master,Low,4.7,Yes,3.06,8,8.6,Yes,2,7.5,Quiet Room,No,Medium,4,3,10,Kinesthetic,5.1,77
174479,27,Other,Business,4.4,2.5,0.5,Yes,83.3,8.4,Fair,3,High School,Medium,5.8,No,3.68,5,8.5,Yes,3,8.3,Dorm,Yes,Low,6,2,10,Reading,9.9,92
174567,21,Other,Business,4.1,4.2,2.1,No,53.7,6.3,Poor,1,Bachelor,Medium,6.0,Yes,2.51,2,8.5,Yes,5,12.1,Cafe,Yes,Low,4,2,10,Visual,3.3,60
174716,18,Male,Psychology,3.1,2.9,0.7,Yes,86.8,5.2,Poor,6,Master,Medium,7.5,Yes,3.21,1,8.3,Yes,0,6.9,Cafe,No,High,5,2,10,Visual,7.7,79
174758,23,Other,Biology,2.6,4.0,0.6,Yes,58.9,7.8,Fair,4,Master,Medium,6.7,Yes,2.64,2,9.7,Yes,0,9.2,Dorm,No,Medium,1,3,10,Visual,5.4,65
174832,26,Male,Arts,5.3,1.3,1.6,No,85.7,6.6,Poor,4,High School,Low,6.0,No,4.0,7,8.5,Yes,3,8.8,Library,No,Low,9,3,10,Auditory,3.2,96
174860,22,Other,Business,2.1,1.7,3.6,Yes,92.7,8.5,Poor,4,Bachelor,Medium,9.1,Yes,2.12,7,9.0,Yes,1,8.7,Dorm,No,Medium,1,3,10,Visual,5.9,48
174950,20,Other,Biology,4.1,1.6,2.8,No,49.9,6.8,Good,2,Master,Medium,6.0,No,3.43,3,10.0,Yes,5,8.9,Quiet Room,No,Low,2,2,10,Reading,8.8,93
175021,25,Male,Business,7.7,1.2,1.9,Yes,72.1,8.1,Poor,0,Some College,High,3.6,No,2.67,2,10.0,Yes,5,12.5,Cafe,No,High,7,1,10,Auditory,2.7,68
175071,27,Other,Business,3.3,2.0,3.4,No,77.3,6.2,Fair,4,Bachelor,Medium,4.9,No,2.5,3,8.2,Yes,4,10.7,Cafe,No,High,1,1,10,Visual,1.3,64
175132,18,Other,Arts,8.5,4.6,0.9,No,53.8,6.2,Good,7,PhD,Medium,6.5,No,3.36,3,9.5,Yes,1,16.0,Library,Yes,Low,6,2,10,Auditory,8.2,86
175226,16,Other,Computer Science,7.260197236485344,2.7,2.3,Yes,96.5,5.9,Fair,4,PhD,Low,8.5,No,3.23,8,9.3,Yes,3,13.7,Dorm,No,Low,10,3,10,Kinesthetic,5.9,72
175233,27,Other,Psychology,5.2,3.0,2.9,Yes,92.2,6.5,Good,0,Some College,High,5.8,Yes,2.73,6,10.0,Yes,5,11.2,Quiet Room,No,Medium,7,1,10,Kinesthetic,5.7,63
175235,24,Male,Biology,2.2,2.9,0.8,No,94.7,9.1,Good,0,Some College,Medium,6.7,No,2.44,5,10.0,Yes,5,7.3,Cafe,No,High,6,1,10,Kinesthetic,4.3,62
175320,17,Male,Computer Science,6.10674793100921,4.7,2.8,No,61.4,6.6,Fair,2,PhD,Medium,6.5,No,3.94,7,9.2,Yes,3,14.8,Dorm,No,Medium,6,1,10,Kinesthetic,3.7,100
175347,21,Other,Psychology,3.1,4.3,3.5,No,83.8,7.2,Good,4,High School,Low,10.0,Yes,3.71,4,8.7,Yes,0,11.6,Dorm,No,High,8,3,10,Reading,8.8,97
175388,23,Other,Arts,4.0,3.9,2.0,No,51.6,5.9,Good,4,High School,High,7.6,No,2.71,7,9.2,Yes,4,11.0,Quiet Room,No,High,2,1,10,Reading,9.8,68
175422,28,Female,Engineering,0.7,4.3,3.5,Yes,92.3,6.7,Poor,3,Bachelor,Medium,5.3,Yes,2.68,4,8.7,Yes,4,10.3,Cafe,No,High,10,1,10,Kinesthetic,6.5,68
175430,23,Female,Psychology,6.3,0.6,0.4,Yes,71.8,6.0,Fair,7,Bachelor,High,3.7,No,3.58,6,9.3,Yes,4,7.4,Co-Learning Group,No,High,10,1,10,Reading,7.2,85
175463,26,Female,Biology,4.5,1.6,2.0,Yes,69.6,6.3,Good,6,Bachelor,High,8.3,Yes,3.44,6,8.8,Yes,2,8.8,Library,Yes,High,7,2,10,Reading,5.7,84
175530,24,Other,Arts,6.7,4.7,0.8,No,52.5,7.2,Good,5,High School,High,9.0,Yes,4.0,4,9.0,Yes,4,12.6,Quiet Room,Yes,High,4,2,10,Visual,8.4,99
175555,22,Other,Business,2.4,2.5,2.7,Yes,65.8,5.3,Fair,4,Some College,High,5.7,No,4.0,6,8.9,Yes,4,9.5,Co-Learning Group,Yes,Medium,1,1,10,Reading,3.6,94
175592,26,Other,Business,6.1,3.9,1.2,Yes,80.6,6.9,Fair,5,PhD,Low,5.5,No,2.95,8,8.8,Yes,5,11.3,Cafe,No,High,7,2,10,Auditory,1.6,76
175726,27,Male,Computer Science,4.501871164771748,2.6,1.3,No,40.5,10.4,Poor,2,Bachelor,High,9.1,Yes,3.35,3,8.8,Yes,5,9.6,Co-Learning Group,No,High,3,1,10,Visual,6.2,83
175737,28,Male,Biology,4.8,3.9,2.8,No,95.2,4.0,Good,7,Some College,Low,5.2,Yes,2.79,7,9.1,Yes,4,12.1,Cafe,No,Low,2,3,10,Visual,4.4,72
175738,20,Other,Arts,4.6,0.0,0.4,Yes,40.8,8.3,Good,5,Bachelor,High,3.6,No,3.03,3,8.3,Yes,0,5.3,Quiet Room,Yes,Low,9,1,10,Kinesthetic,7.3,76
175779,23,Female,Biology,4.2,3.2,2.0,Yes,55.9,5.1,Poor,0,PhD,High,8.4,Yes,2.71,8,9.8,Yes,3,11.3,Quiet Room,No,Medium,3,1,10,Reading,4.3,60
175796,28,Male,Biology,2.9,1.7,1.8,Yes,54.6,6.1,Fair,7,PhD,High,6.6,No,2.41,4,9.0,Yes,3,6.8,Cafe,Yes,Medium,1,1,10,Kinesthetic,5.2,56
175832,19,Female,Arts,6.9,4.4,1.3,No,71.3,10.8,Good,5,High School,Medium,6.1,Yes,4.0,7,8.4,Yes,4,13.9,Cafe,No,High,5,2,10,Auditory,4.6,100
175860,20,Male,Biology,4.6,3.0,2.6,No,48.8,6.8,Good,4,Some College,Low,7.199999999999999,No,4.0,2,8.9,Yes,2,10.5,Quiet Room,Yes,High,4,3,10,Auditory,1.2,100
175920,24,Male,Biology,1.5,4.7,0.4,Yes,97.0,8.2,Good,2,PhD,High,6.6,No,2.14,3,8.3,Yes,2,8.2,Dorm,Yes,High,6,2,10,Reading,4.3,48
175929,24,Male,Arts,2.4,0.5,0.7,No,80.0,6.5,Poor,6,Some College,High,3.2,No,3.77,5,8.9,Yes,1,3.8,Quiet Room,Yes,High,4,3,10,Auditory,8.8,90
175938,25,Male,Arts,2.9,0.6,0.8,No,95.5,4.0,Good,1,Master,Medium,4.4,No,2.61,4,10.0,Yes,4,5.8,Co-Learning Group,No,Medium,4,3,10,Reading,6.4,67
175974,23,Female,Psychology,3.1,4.5,2.8,No,58.6,8.3,Good,3,High School,Low,5.7,Yes,2.2,4,8.2,Yes,2,11.6,Cafe,No,Medium,8,1,10,Reading,1.1,54
176042,27,Male,Biology,0.0,3.3,3.8,Yes,68.8,4.3,Fair,7,Some College,High,9.4,Yes,2.81,1,8.6,Yes,1,8.1,Co-Learning Group,No,Medium,6,3,10,Reading,6.0,76
176227,25,Other,Psychology,4.0,3.4,2.5,No,88.6,7.7,Poor,6,Some College,Medium,4.4,Yes,3.9,7,8.8,Yes,3,10.5,Dorm,Yes,Low,4,1,10,Auditory,5.4,95
176284,23,Male,Arts,6.0,4.9,4.0,Yes,96.1,8.4,Fair,6,High School,Medium,6.9,Yes,2.97,1,10.0,Yes,5,15.7,Dorm,No,Low,3,2,10,Reading,8.9,74
176354,27,Other,Business,2.3,4.6,2.0,No,41.2,7.1,Fair,5,Some College,High,5.8,No,3.67,4,9.0,Yes,0,9.1,Cafe,No,Medium,5,2,10,Visual,8.5,95
176420,16,Female,Psychology,2.2,0.5,1.0,Yes,83.0,5.5,Fair,7,High School,Medium,4.1,Yes,3.68,5,9.4,Yes,0,4.8,Co-Learning Group,No,Low,8,1,10,Auditory,5.6,88
176433,19,Other,Computer Science,5.778892470337643,3.3,3.1,No,91.3,8.2,Good,6,Master,High,3.3,No,3.13,5,8.4,Yes,2,13.8,Quiet Room,No,High,3,1,10,Reading,2.9,79
176476,23,Other,Arts,3.9,0.6,0.6,Yes,72.4,7.0,Good,3,Some College,Medium,5.7,Yes,3.97,8,9.4,Yes,3,5.2,Quiet Room,Yes,Medium,3,2,10,Reading,3.4,97
176575,26,Female,Biology,7.9,3.4,3.9,No,57.3,5.0,Good,4,Master,High,6.7,Yes,3.29,2,8.2,Yes,2,15.7,Library,Yes,Medium,6,1,10,Visual,6.6,76
176613,26,Female,Biology,1.5,2.7,0.6,No,45.5,9.2,Fair,6,High School,High,5.9,Yes,2.91,3,9.5,Yes,4,5.0,Library,No,Low,7,3,10,Reading,2.5,68
176647,24,Other,Engineering,4.5,4.0,1.4,No,83.8,5.2,Fair,2,PhD,High,7.0,No,3.9,5,9.2,Yes,4,11.5,Co-Learning Group,Yes,Medium,4,3,10,Reading,2.9,91
176788,18,Other,Psychology,1.8,4.7,0.5,No,77.7,8.0,Good,0,Bachelor,Medium,7.5,Yes,2.26,4,8.3,Yes,3,8.5,Cafe,No,Low,1,2,10,Kinesthetic,7.0,62
176794,23,Female,Biology,4.4,2.5,0.1,Yes,84.3,10.7,Good,3,Some College,Medium,8.0,Yes,3.26,6,8.2,Yes,4,8.9,Quiet Room,No,High,8,2,10,Kinesthetic,7.6,76
176922,24,Male,Biology,5.3,1.6,3.3,Yes,89.9,5.8,Good,3,Some College,Low,6.2,Yes,4.0,5,8.3,Yes,4,11.3,Co-Learning Group,No,Medium,10,3,10,Auditory,3.1,99
177001,25,Female,Biology,0.9,4.1,0.5,No,93.4,6.8,Fair,4,PhD,Low,7.9,Yes,3.83,4,8.3,Yes,2,7.4,Cafe,No,Medium,9,3,10,Reading,2.8,96
177040,23,Male,Computer Science,3.5615173141811862,1.1,1.9,No,70.2,8.9,Fair,5,Master,High,4.7,Yes,3.38,5,10.0,Yes,2,6.6,Cafe,Yes,High,1,3,10,Visual,6.2,83
177104,28,Female,Computer Science,4.808795496366406,2.9,2.3,No,52.5,6.6,Poor,6,Some College,Low,8.7,Yes,4.0,4,8.8,Yes,1,11.5,Library,No,High,3,3,10,Auditory,9.1,100
177223,24,Other,Business,3.3,4.4,0.2,Yes,40.9,4.4,Fair,0,High School,High,3.9,Yes,3.22,1,8.4,Yes,1,8.0,Library,Yes,High,3,3,10,Auditory,1.8,77
177250,18,Female,Biology,3.7,0.1,1.5,No,53.6,6.9,Fair,2,Bachelor,High,2.6,No,3.47,3,9.7,Yes,0,5.7,Quiet Room,No,Low,4,1,10,Reading,8.9,82
177261,27,Other,Business,6.7,2.9,3.3,Yes,81.4,8.1,Fair,0,Master,Low,7.4,No,4.0,2,9.2,Yes,1,14.0,Co-Learning Group,Yes,High,2,2,10,Auditory,2.7,100
177270,19,Male,Computer Science,5.18291166697229,0.2,2.8,Yes,68.0,8.5,Good,4,High School,Medium,6.0,No,4.0,3,8.3,Yes,0,9.7,Co-Learning Group,Yes,Medium,1,2,10,Kinesthetic,4.9,100
177291,26,Female,Arts,4.7,1.3,3.8,Yes,44.8,5.8,Fair,3,Bachelor,Low,9.0,No,3.43,4,8.4,Yes,4,11.2,Dorm,No,High,8,3,10,Reading,3.8,86
177480,16,Other,Business,4.2,0.8,1.9,No,83.8,7.4,Good,6,Some College,High,10.0,Yes,2.48,8,8.5,Yes,3,7.2,Dorm,Yes,Low,8,1,10,Auditory,3.0,66
177510,16,Female,Engineering,4.5,1.9,1.5,Yes,98.9,6.7,Fair,0,PhD,Low,6.4,Yes,3.24,1,8.6,Yes,0,9.3,Dorm,Yes,High,7,3,10,Auditory,8.6,88
177574,18,Other,Business,5.7,0.3,2.5,Yes,53.9,7.5,Poor,4,Some College,Low,6.6,No,3.84,8,10.0,Yes,0,10.1,Quiet Room,Yes,Low,10,1,10,Kinesthetic,6.2,93
177593,18,Other,Arts,4.8,1.5,3.8,Yes,45.0,6.2,Good,4,Master,Low,2.7,Yes,3.52,5,8.3,Yes,3,10.3,Library,No,Low,10,2,10,Visual,1.1,96
177623,28,Other,Biology,3.3,2.7,1.9,Yes,67.3,10.5,Good,4,PhD,High,5.9,Yes,3.32,4,8.8,Yes,1,8.1,Co-Learning Group,Yes,Medium,8,2,10,Kinesthetic,8.9,69
177634,25,Female,Psychology,2.0,4.2,1.3,Yes,57.9,6.8,Good,7,Bachelor,High,4.9,No,3.42,3,8.3,Yes,4,9.0,Quiet Room,Yes,Low,7,1,10,Visual,3.1,94
177779,28,Other,Arts,4.7,0.1,0.2,Yes,91.3,6.3,Good,6,Bachelor,Medium,4.9,No,2.66,1,9.7,Yes,2,6.7,Library,No,High,6,2,10,Auditory,1.7,66
177880,25,Female,Biology,2.7,1.6,3.8,Yes,61.1,5.6,Good,1,High School,Medium,5.4,Yes,2.36,3,10.0,Yes,0,8.2,Dorm,Yes,Low,5,1,10,Kinesthetic,6.2,54
177988,23,Male,Biology,1.0,0.6,1.3,No,87.5,5.2,Good,5,PhD,Medium,1.5,Yes,3.37,1,8.1,Yes,0,4.1,Co-Learning Group,Yes,Low,5,2,10,Auditory,4.6,76
178061,24,Other,Arts,7.1,1.3,2.0,Yes,68.7,8.2,Fair,0,Some College,Low,8.0,No,3.55,4,8.3,Yes,4,10.8,Library,No,Low,2,1,10,Visual,1.8,83
178169,18,Male,Engineering,3.0,2.0,2.3,Yes,63.7,8.9,Fair,2,PhD,High,9.5,No,2.73,4,9.5,Yes,0,7.7,Cafe,No,Low,9,1,10,Visual,3.0,71
178210,23,Other,Arts,1.4,4.4,3.4,No,48.5,6.8,Good,4,High School,High,5.8,No,2.37,7,9.0,Yes,1,11.1,Co-Learning Group,Yes,Medium,2,3,10,Kinesthetic,9.6,61
178309,24,Male,Business,2.7,1.6,1.5,Yes,80.2,6.5,Good,5,PhD,Low,2.2,No,2.83,8,8.4,Yes,3,6.8,Dorm,No,Medium,2,1,10,Auditory,7.4,67
178310,27,Female,Business,1.0,1.1,1.5,Yes,64.8,6.8,Fair,7,High School,Low,4.8,No,2.92,4,8.1,Yes,5,4.3,Co-Learning Group,No,Medium,4,1,10,Visual,2.5,78
178443,20,Male,Business,3.9,3.3,0.5,Yes,47.2,7.1,Good,1,Master,High,7.9,Yes,3.93,2,9.0,Yes,4,9.7,Co-Learning Group,Yes,Medium,8,1,10,Reading,4.6,100
178477,22,Female,Engineering,4.4,2.3,2.9,No,75.9,9.5,Good,5,Bachelor,Medium,4.4,Yes,3.09,5,10.0,Yes,4,11.6,Cafe,No,Low,7,1,10,Visual,9.9,82
178519,27,Male,Business,5.2,4.2,3.1,Yes,59.8,9.8,Good,5,Bachelor,Low,4.0,No,3.94,6,8.2,Yes,1,13.5,Cafe,No,Low,7,1,10,Reading,1.2,98
178521,26,Female,Biology,7.6,2.5,1.1,Yes,65.1,9.3,Good,0,High School,Low,5.2,Yes,4.0,6,9.1,Yes,4,13.0,Cafe,Yes,High,7,2,10,Reading,1.8,100
178732,26,Female,Computer Science,3.705720522087265,4.9,3.5,No,57.6,4.0,Fair,1,Master,High,6.7,No,3.6,8,8.8,Yes,5,12.1,Cafe,No,Low,6,3,10,Reading,8.0,92
178783,20,Male,Arts,2.9,0.5,1.7,Yes,89.7,8.2,Good,6,High School,High,5.3,Yes,2.36,2,8.5,Yes,3,7.1,Co-Learning Group,No,Low,9,1,10,Visual,9.3,61
178835,26,Male,Biology,3.2,0.6,3.6,Yes,60.7,6.0,Poor,5,Bachelor,Medium,7.1,Yes,2.52,5,8.9,Yes,2,9.2,Dorm,No,Low,10,3,10,Reading,2.6,65
178843,25,Female,Arts,7.7,4.7,1.6,Yes,52.4,5.4,Poor,2,PhD,High,6.6,No,2.96,6,8.6,Yes,4,15.9,Dorm,Yes,High,2,2,10,Kinesthetic,9.5,76
178859,17,Other,Biology,8.2,0.7,1.9,Yes,61.2,7.3,Poor,5,Bachelor,Medium,6.0,No,4.0,2,8.4,Yes,3,11.1,Co-Learning Group,No,Medium,9,3,10,Kinesthetic,6.9,97
178940,25,Female,Biology,5.4,4.3,2.3,Yes,55.3,7.2,Good,2,High School,Low,7.6,No,3.59,6,8.2,Yes,5,12.2,Dorm,No,Low,4,1,10,Reading,6.5,87
178967,24,Male,Psychology,5.4,4.9,3.8,No,88.8,5.8,Poor,2,Some College,Low,5.3,No,2.81,6,8.4,Yes,3,16.0,Library,Yes,Medium,7,1,10,Reading,5.8,69
179091,28,Male,Engineering,5.2,0.8,2.2,No,77.1,7.8,Good,3,Bachelor,High,5.0,No,3.63,2,9.2,Yes,3,8.6,Co-Learning Group,No,High,8,3,10,Reading,4.8,92
179189,25,Female,Business,0.1,2.4,2.6,Yes,68.9,7.2,Poor,3,PhD,High,8.4,No,3.11,4,8.1,Yes,1,6.5,Cafe,No,High,4,2,10,Auditory,3.0,80
179221,27,Other,Arts,5.9,3.3,4.0,No,81.5,4.6,Good,7,Some College,High,7.300000000000001,Yes,3.45,4,8.2,Yes,2,13.5,Cafe,No,Medium,9,1,10,Auditory,1.3,93
179338,21,Male,Biology,2.2,2.4,3.5,Yes,57.3,6.5,Fair,2,PhD,Low,7.699999999999999,Yes,3.28,5,10.0,Yes,3,9.8,Cafe,No,Medium,9,2,10,Auditory,2.7,81
179416,22,Male,Biology,7.6,4.3,0.7,No,52.2,6.2,Good,5,High School,Low,6.3,Yes,4.0,2,9.4,Yes,0,13.4,Quiet Room,No,High,9,2,10,Visual,8.6,99
179488,20,Female,Psychology,4.5,0.5,1.7,Yes,78.5,6.8,Good,5,Some College,Medium,7.0,Yes,3.48,2,9.5,Yes,1,7.1,Cafe,No,High,4,2,10,Auditory,1.0,88
179513,26,Male,Arts,2.3,3.7,1.9,Yes,62.3,6.6,Good,2,Some College,Low,5.0,No,3.12,2,10.0,Yes,1,9.6,Cafe,No,Medium,2,2,10,Visual,3.1,90
179555,16,Other,Psychology,4.5,1.8,1.9,No,52.0,6.0,Fair,5,Master,High,7.0,Yes,2.88,8,8.8,Yes,5,10.0,Cafe,No,Low,7,2,10,Reading,6.6,69
179623,28,Other,Arts,5.3,4.6,2.7,Yes,78.1,9.8,Good,4,Some College,High,1.0,No,2.92,4,9.0,Yes,1,13.4,Library,Yes,High,10,1,10,Visual,3.3,73
179627,25,Female,Biology,4.8,4.4,0.4,No,50.1,7.7,Poor,5,Bachelor,High,7.5,No,4.0,5,9.9,Yes,2,11.0,Quiet Room,Yes,Medium,3,3,10,Auditory,9.7,100
179769,25,Male,Arts,1.1,4.8,3.3,Yes,69.8,7.0,Good,2,High School,Medium,7.1,No,2.48,2,8.2,Yes,0,9.7,Quiet Room,Yes,Low,6,1,10,Kinesthetic,6.0,68
179868,27,Female,Computer Science,7.415057301577421,2.7,3.3,No,82.9,7.4,Fair,3,High School,High,3.9,No,3.34,6,9.5,Yes,0,13.7,Library,Yes,High,3,2,10,Reading,6.7,80
179905,17,Female,Business,7.2,4.2,2.4,No,92.1,4.0,Good,0,Bachelor,High,7.199999999999999,No,4.0,8,8.8,Yes,5,14.8,Library,Yes,Low,3,1,10,Kinesthetic,3.8,100
117172,21,Female,Business,4.6,0.4,1.9,No,89.4,7.1,Fair,4,Some College,Medium,4.9,No,4.0,4,1.0,No,4,7.5,Cafe,No,High,10,6,9,Visual,6.2,100
105938,19,Other,Engineering,1.8,0.6,2.8,Yes,80.4,6.4,Fair,5,High School,Medium,5.4,Yes,2.81,4,6.1,No,4,6.9,Dorm,Yes,Medium,4,7,8,Reading,4.9,71
104115,18,Male,Psychology,2.6,4.4,2.3,No,58.0,6.7,Good,2,Master,Low,6.2,Yes,3.69,6,8.3,No,3,10.8,Co-Learning Group,No,Medium,5,9,6,Reading,2.5,83
142798,24,Male,Arts,0.0,1.3,0.3,Yes,55.8,4.8,Fair,0,Bachelor,Low,9.1,No,3.68,1,3.5,No,2,2.7,Co-Learning Group,No,High,3,9,6,Reading,7.5,90
117171,17,Male,Computer Science,3.978115400030093,2.6,0.3,Yes,67.3,8.1,Fair,0,Bachelor,Low,7.4,No,3.93,3,4.6,No,0,7.2,Quiet Room,Yes,Medium,8,9,6,Visual,3.5,100
168376,18,Female,Biology,4.6,1.6,0.5,Yes,65.1,6.6,Good,1,Some College,Medium,5.8,No,4.0,6,6.0,No,2,7.2,Cafe,Yes,Medium,1,3,10,Kinesthetic,3.0,93
130025,28,Other,Computer Science,5.656331566163919,1.2,2.4,No,57.8,6.7,Poor,7,High School,Medium,7.9,Yes,2.81,8,5.9,No,0,11.2,Dorm,No,Low,5,7,8,Kinesthetic,4.7,70
178841,26,Female,Biology,6.2,4.7,2.0,Yes,56.0,7.4,Poor,0,Master,Low,2.6,Yes,3.25,7,4.0,No,0,14.5,Co-Learning Group,No,High,8,4,10,Reading,4.8,75
137631,18,Female,Biology,4.1,4.9,3.2,Yes,90.4,5.6,Fair,7,Bachelor,Medium,9.3,Yes,4.0,5,6.4,No,3,12.3,Library,Yes,Medium,8,2,10,Reading,7.5,97
123556,22,Male,Engineering,3.1,0.9,1.6,No,76.9,8.2,Good,1,High School,Low,6.8,No,3.56,7,4.2,No,0,7.5,Co-Learning Group,Yes,Low,2,9,6,Kinesthetic,6.3,92
143407,22,Female,Psychology,4.6,1.9,3.3,Yes,80.8,6.7,Fair,5,Bachelor,Medium,5.5,Yes,3.31,1,7.0,No,4,11.5,Library,No,Low,2,8,7,Auditory,9.6,87
174972,16,Other,Arts,3.3,3.7,0.1,No,45.4,8.0,Good,4,High School,Low,5.9,No,3.23,1,7.4,No,3,7.7,Library,Yes,High,1,4,10,Visual,8.2,78
123758,28,Female,Biology,5.2,4.5,1.9,No,78.8,4.8,Good,2,High School,Low,6.3,Yes,4.0,1,4.8,No,0,13.0,Dorm,No,High,4,9,6,Auditory,9.6,100
119117,18,Male,Engineering,2.6,3.3,0.6,No,47.3,5.4,Good,1,Master,Low,8.6,No,3.76,7,1.3,No,1,6.9,Cafe,No,High,8,9,6,Auditory,6.2,100
127013,24,Other,Computer Science,5.881866323504028,3.8,0.2,No,50.1,9.7,Good,2,Bachelor,Medium,10.0,No,3.85,5,1.8,No,1,10.2,Co-Learning Group,Yes,High,8,9,6,Reading,5.0,97
112005,20,Female,Arts,8.5,0.4,4.0,No,85.8,8.0,Fair,5,Some College,Low,8.1,Yes,4.0,3,4.6,No,2,13.1,Library,No,Medium,6,8,7,Visual,1.0,100
159822,16,Other,Arts,3.8,1.4,2.3,No,97.5,7.4,Good,5,High School,Medium,10.0,Yes,3.12,6,4.0,No,3,8.3,Library,Yes,Medium,8,4,10,Kinesthetic,2.7,76
158806,25,Male,Computer Science,6.244793659538531,0.5,0.6,Yes,46.0,6.5,Good,6,Some College,Low,10.0,No,3.78,3,2.7,No,0,7.9,Dorm,No,Low,6,6,9,Auditory,1.1,94
174068,18,Female,Computer Science,3.79878298744164,0.0,0.8,Yes,60.0,6.6,Good,6,PhD,Medium,8.6,No,3.02,5,4.2,No,2,6.6,Library,No,Medium,5,2,10,Auditory,4.2,72
107499,23,Other,Computer Science,5.361451753985875,2.9,1.7,No,47.1,7.1,Good,3,Some College,Medium,10.0,Yes,3.73,6,8.3,No,1,11.3,Co-Learning Group,No,High,10,8,7,Auditory,9.7,100
127571,17,Other,Biology,7.3,3.0,2.0,Yes,45.1,6.4,Poor,5,High School,Medium,4.8,Yes,3.58,6,8.4,No,3,12.3,Dorm,Yes,Low,6,5,10,Auditory,4.3,90
123994,21,Female,Computer Science,4.786695783307646,3.4,0.9,No,92.6,5.9,Good,4,High School,Medium,6.9,No,2.94,5,1.0,No,5,9.3,Dorm,No,Medium,5,2,10,Kinesthetic,1.9,80
131309,25,Female,Business,2.0,1.7,0.4,No,58.1,6.2,Good,2,Master,Medium,5.8,Yes,3.02,6,4.5,No,5,4.2,Library,No,Low,7,7,8,Reading,4.3,75
152955,23,Female,Engineering,6.4,1.8,1.5,Yes,74.0,5.9,Fair,4,Master,Medium,8.7,Yes,4.0,2,3.5,No,1,9.9,Library,No,High,7,4,10,Visual,2.8,98
110414,21,Male,Business,2.7,2.5,0.3,No,65.6,8.0,Fair,1,Bachelor,Low,2.8,No,3.95,4,5.3,No,1,5.6,Library,Yes,Low,1,9,6,Visual,1.9,95
107413,21,Female,Engineering,6.8,3.4,2.0,No,76.9,8.7,Fair,3,High School,Medium,5.1,Yes,4.0,3,5.4,No,3,13.0,Cafe,Yes,Medium,9,6,9,Reading,5.8,91
129270,16,Other,Biology,5.1,0.1,1.3,Yes,62.4,9.0,Poor,2,Bachelor,Low,7.2,No,3.37,3,5.9,No,4,6.7,Cafe,Yes,Medium,6,4,10,Kinesthetic,9.7,83
178970,27,Male,Computer Science,4.485390892111843,4.2,2.6,No,74.6,5.1,Good,2,High School,Low,8.5,Yes,3.74,4,3.6,No,4,13.1,Cafe,No,Low,9,7,8,Reading,5.1,93
162537,22,Male,Computer Science,4.2376882387282215,0.1,3.8,No,50.6,8.2,Good,5,Some College,High,9.0,Yes,4.0,6,4.5,No,1,8.1,Cafe,Yes,High,2,6,9,Auditory,8.4,96
153614,26,Other,Arts,3.4,1.9,2.9,No,89.7,7.8,Fair,5,Some College,High,5.8,No,4.0,3,5.9,No,2,10.2,Library,Yes,Low,9,1,10,Reading,8.9,100
139752,22,Female,Arts,4.5,3.9,2.6,No,44.1,7.9,Fair,5,Master,Medium,6.0,Yes,4.0,2,6.1,No,3,11.8,Library,No,High,8,7,8,Reading,7.1,100
104564,20,Other,Biology,1.7,4.5,3.7,No,85.8,5.3,Fair,1,PhD,Low,9.4,Yes,2.49,1,5.5,No,3,11.7,Dorm,No,High,4,5,10,Reading,4.2,56
140627,18,Male,Biology,1.3,2.2,0.9,Yes,79.9,7.7,Good,2,High School,High,4.6,Yes,3.77,5,1.6,No,5,6.4,Quiet Room,No,Medium,4,2,10,Auditory,9.8,89
133442,24,Female,Computer Science,6.744337529257115,2.1,1.7,No,94.1,8.2,Good,6,PhD,Medium,8.6,No,4.0,1,1.6,No,5,10.7,Dorm,No,Medium,5,2,10,Kinesthetic,7.7,100
147444,27,Female,Engineering,4.4,0.8,3.3,Yes,98.3,6.6,Fair,2,PhD,High,5.8,Yes,4.0,5,8.5,No,2,8.7,Co-Learning Group,Yes,Low,9,10,5,Reading,9.0,100
139579,16,Male,Biology,3.3,4.4,1.9,Yes,52.9,7.1,Good,4,PhD,Low,10.0,No,3.45,2,3.9,No,1,10.9,Co-Learning Group,Yes,Low,5,10,5,Kinesthetic,4.6,90
162419,21,Female,Engineering,6.2,2.9,2.3,No,64.9,5.8,Poor,6,High School,Low,7.6,Yes,4.0,7,5.2,No,5,12.8,Library,No,High,2,3,10,Auditory,6.5,100
156574,25,Female,Business,5.3,3.6,1.1,Yes,61.9,6.2,Poor,4,High School,Low,7.0,Yes,3.91,7,6.3,No,3,11.9,Cafe,Yes,High,10,7,8,Auditory,7.3,94
109467,24,Other,Arts,2.4,3.1,2.6,Yes,68.2,6.8,Fair,7,PhD,High,5.7,Yes,3.67,1,3.3,No,5,8.7,Cafe,No,High,5,3,10,Auditory,6.0,94
141597,25,Male,Arts,3.0,1.6,1.4,No,93.6,6.0,Good,7,High School,High,2.7,No,4.0,6,7.2,No,4,6.7,Dorm,No,Medium,10,9,6,Auditory,5.9,100
149459,22,Other,Biology,6.1,0.2,3.6,No,94.2,8.0,Good,7,PhD,High,5.5,No,3.29,4,6.2,No,0,11.3,Library,No,Low,3,1,10,Reading,7.4,83
175064,16,Other,Biology,2.6,2.1,3.2,No,83.6,5.9,Poor,6,Master,Low,7.300000000000001,Yes,2.55,4,7.3,No,3,9.2,Dorm,Yes,Low,5,3,10,Reading,1.6,47
147342,23,Other,Business,4.3,3.1,1.9,No,59.6,5.3,Good,4,Some College,Medium,6.5,Yes,4.0,2,1.0,No,3,9.7,Library,No,High,9,4,10,Reading,9.1,93
174391,25,Other,Psychology,4.8,0.4,0.6,No,64.0,5.3,Good,3,High School,Low,9.5,Yes,3.43,4,3.8,No,1,7.3,Library,No,Low,8,3,10,Visual,2.4,89
156538,28,Male,Computer Science,5.596332659970609,2.5,0.4,Yes,57.2,8.2,Good,6,Master,Medium,6.7,Yes,4.0,4,7.1,No,3,9.6,Library,No,High,6,10,5,Auditory,6.4,99
143858,18,Male,Arts,1.8,3.2,0.9,Yes,81.5,7.4,Poor,7,Some College,High,2.8,No,4.0,2,7.4,No,5,5.9,Library,No,Medium,7,8,7,Visual,8.4,99
134422,20,Female,Engineering,1.4,1.6,0.7,No,69.1,8.1,Poor,5,High School,High,5.5,Yes,3.67,7,6.7,No,3,5.6,Co-Learning Group,Yes,High,1,4,10,Auditory,2.9,94
127823,28,Male,Arts,2.8,0.7,0.8,No,41.7,8.9,Fair,3,High School,Medium,8.3,No,3.59,4,6.4,No,0,5.9,Quiet Room,No,Medium,7,4,10,Reading,9.9,86
128833,17,Other,Psychology,3.7,4.6,1.8,Yes,72.0,7.0,Good,0,Master,Medium,8.0,Yes,3.24,7,7.5,No,1,12.1,Quiet Room,No,High,6,7,8,Reading,7.4,75
127626,22,Other,Business,5.8,3.4,0.0,Yes,43.1,8.6,Fair,4,PhD,Low,5.0,No,3.7,4,5.2,No,0,9.8,Quiet Room,No,High,3,5,10,Visual,1.2,96
159229,27,Female,Biology,4.6,0.5,2.3,No,42.8,7.8,Fair,3,PhD,High,10.0,No,4.0,1,5.2,No,1,9.3,Library,No,Medium,5,3,10,Kinesthetic,8.0,96
173697,24,Female,Psychology,5.3,0.6,3.2,No,42.9,5.5,Good,0,PhD,High,5.0,Yes,3.06,8,10.0,No,2,9.4,Cafe,No,Low,1,6,9,Kinesthetic,6.9,86
112348,19,Male,Psychology,4.2,1.9,3.3,No,88.4,5.8,Fair,0,Master,Medium,2.5,Yes,4.0,2,7.6,No,1,10.4,Library,No,Medium,1,4,10,Reading,3.2,100
125379,20,Other,Psychology,1.9,2.5,0.8,No,91.0,7.5,Fair,3,Some College,Low,6.7,Yes,3.67,8,3.0,No,3,5.8,Dorm,No,Low,8,3,10,Visual,6.9,90
125066,19,Female,Business,6.2,2.2,0.3,Yes,43.0,6.7,Good,2,PhD,Medium,4.1,Yes,3.58,7,4.0,No,1,9.4,Quiet Room,No,High,7,1,10,Kinesthetic,1.6,84
164375,19,Other,Arts,5.6,2.2,3.3,Yes,47.1,8.1,Good,1,PhD,Medium,10.0,No,4.0,4,4.2,No,4,11.8,Library,No,High,3,10,5,Kinesthetic,3.5,100
163483,23,Male,Computer Science,5.072503579467167,1.4,2.0,No,99.5,10.0,Good,3,Some College,Low,8.6,Yes,4.0,5,3.8,No,1,9.9,Library,No,High,4,5,10,Reading,9.5,98
132448,21,Male,Arts,4.4,0.1,1.7,Yes,56.7,6.4,Good,3,Some College,High,4.5,No,4.0,2,5.4,No,2,7.1,Dorm,Yes,Low,8,7,8,Auditory,7.8,100
179050,20,Other,Business,3.7,3.1,3.5,No,42.1,5.5,Good,0,PhD,Low,9.6,No,4.0,4,2.5,No,2,11.1,Library,Yes,High,9,8,7,Reading,2.5,100
159643,26,Female,Engineering,1.3,4.7,2.0,No,60.5,10.3,Fair,6,Bachelor,High,6.2,No,3.66,5,6.3,No,4,9.5,Co-Learning Group,No,Medium,6,8,7,Auditory,7.6,94
136840,28,Female,Arts,5.2,1.4,2.2,Yes,93.9,7.3,Good,2,High School,High,8.6,No,4.0,8,4.2,No,4,8.8,Library,No,Medium,2,10,5,Visual,4.3,100
173225,28,Male,Business,2.3,2.7,1.2,Yes,56.2,6.9,Fair,2,Some College,Low,10.0,No,4.0,2,6.4,No,3,6.7,Co-Learning Group,Yes,Low,10,8,7,Kinesthetic,4.1,94
110769,25,Male,Business,3.8,3.9,0.8,No,68.9,8.8,Good,4,High School,Low,6.9,Yes,3.34,2,7.0,No,5,10.4,Quiet Room,No,Medium,4,2,10,Reading,1.7,69
167091,24,Male,Business,7.8,2.1,1.5,No,97.0,4.5,Good,1,Master,Low,7.5,No,4.0,3,4.9,No,5,12.4,Library,Yes,Low,2,2,10,Kinesthetic,3.9,99
151332,27,Female,Engineering,2.6,1.4,2.6,Yes,52.9,8.3,Good,4,Some College,Medium,6.0,Yes,3.66,7,3.2,No,3,7.3,Co-Learning Group,Yes,Medium,2,5,10,Auditory,9.4,95
116934,24,Female,Business,7.4,3.0,1.4,Yes,85.4,5.9,Fair,7,Master,Low,2.4,No,4.0,3,3.8,No,2,13.7,Quiet Room,No,Medium,6,4,10,Visual,6.1,100
139527,17,Other,Arts,4.4,4.3,0.5,Yes,63.0,8.3,Good,7,Some College,Low,5.9,No,4.0,1,6.8,No,0,9.5,Dorm,Yes,High,8,4,10,Auditory,9.6,100
169356,25,Female,Biology,3.1,3.9,1.3,No,66.8,6.2,Fair,0,High School,Low,1.5,Yes,2.09,2,8.0,No,0,9.4,Dorm,Yes,Medium,7,1,10,Auditory,9.4,47
105485,21,Female,Business,3.6,1.2,1.3,No,72.7,7.7,Good,5,Master,Medium,7.2,Yes,3.32,5,2.5,No,0,7.7,Co-Learning Group,No,Medium,5,6,9,Reading,5.4,91
164716,28,Male,Business,4.3,2.6,1.8,No,89.4,9.7,Good,3,PhD,Medium,10.0,Yes,4.0,4,5.0,No,0,9.9,Dorm,Yes,Low,3,9,6,Auditory,8.0,99
162921,21,Male,Biology,1.5,4.5,1.9,Yes,57.8,9.7,Fair,4,PhD,Medium,8.1,Yes,3.49,7,6.7,No,5,9.1,Library,Yes,Medium,9,6,9,Visual,8.8,83
101181,22,Female,Psychology,0.2,0.2,1.5,Yes,71.9,9.0,Good,4,Bachelor,Low,7.5,Yes,2.47,5,7.0,No,4,3.8,Dorm,No,Medium,9,8,7,Auditory,8.0,63
170849,17,Other,Psychology,4.1,2.0,1.5,No,47.2,5.0,Poor,1,Master,Medium,10.0,Yes,4.0,4,4.8,No,1,8.4,Cafe,Yes,Medium,4,10,5,Kinesthetic,2.2,100
173984,16,Other,Business,5.9,4.7,0.7,Yes,95.8,5.5,Fair,2,Master,Medium,6.0,No,3.37,2,3.9,No,1,12.1,Library,No,Medium,4,5,10,Kinesthetic,7.4,85
136775,26,Male,Biology,4.8,3.7,3.4,No,97.5,5.0,Good,1,Bachelor,High,4.3,Yes,2.42,7,6.1,No,5,12.0,Dorm,No,Low,4,5,10,Reading,2.1,66
122994,26,Female,Business,4.8,2.4,0.6,No,69.7,11.0,Fair,5,Master,Medium,6.9,Yes,3.95,7,8.5,No,0,9.6,Dorm,No,Low,7,6,9,Kinesthetic,2.7,99
175895,18,Other,Biology,3.6,2.5,2.5,Yes,48.1,8.0,Good,7,Bachelor,Medium,7.1,Yes,3.02,6,4.3,No,1,9.7,Co-Learning Group,No,High,7,1,10,Visual,2.1,72
125190,17,Other,Engineering,2.7,2.8,2.5,Yes,75.1,7.6,Poor,2,High School,High,6.4,Yes,3.42,4,3.5,No,4,9.4,Dorm,Yes,Medium,5,6,9,Kinesthetic,1.7,86
106012,24,Female,Biology,1.9,1.6,0.7,No,97.6,8.7,Fair,5,High School,High,8.0,No,4.0,7,3.6,No,3,5.7,Library,No,Low,6,3,10,Auditory,5.0,94
178348,24,Female,Psychology,2.6,2.2,1.9,No,74.5,6.0,Fair,2,Bachelor,Medium,6.4,Yes,3.37,8,4.2,No,0,7.0,Co-Learning Group,No,High,4,3,10,Reading,5.6,83
136718,28,Female,Computer Science,7.879502565677532,0.1,3.3,Yes,58.7,6.1,Good,0,PhD,High,6.9,No,3.82,6,5.6,No,2,11.9,Dorm,No,Medium,7,4,10,Kinesthetic,2.7,96
165952,23,Male,Engineering,7.4,0.9,3.2,Yes,75.1,6.9,Fair,6,Master,Low,6.6,Yes,3.33,3,4.3,No,2,11.7,Quiet Room,No,Low,6,5,10,Visual,8.0,84
178056,20,Female,Arts,1.6,1.3,2.0,Yes,64.0,9.5,Poor,1,High School,Low,4.8,Yes,2.27,8,5.2,No,1,6.2,Dorm,Yes,Low,8,3,10,Reading,6.2,62
145655,24,Male,Engineering,6.7,3.9,3.4,No,72.6,7.1,Fair,3,PhD,High,9.5,Yes,4.0,3,2.0,No,5,15.7,Co-Learning Group,No,Low,5,2,10,Kinesthetic,5.6,98
151023,17,Other,Biology,2.7,0.3,2.7,Yes,47.1,5.4,Fair,6,High School,High,6.1,Yes,2.91,7,9.9,No,3,6.0,Quiet Room,No,Low,7,7,8,Kinesthetic,8.4,75
161597,16,Female,Biology,2.6,1.7,1.1,Yes,92.2,6.6,Good,0,High School,Low,7.0,Yes,3.75,7,4.6,No,5,6.5,Library,No,Medium,9,5,10,Auditory,6.3,89
125447,16,Male,Computer Science,6.3037910171221885,0.5,0.3,Yes,83.2,5.2,Good,7,High School,High,7.4,Yes,2.62,2,5.3,No,0,8.6,Cafe,No,Low,4,1,10,Visual,4.2,67
140747,26,Female,Biology,2.2,1.1,1.6,Yes,57.4,5.9,Poor,1,PhD,Low,7.8,Yes,3.34,6,4.0,No,0,5.4,Co-Learning Group,Yes,Low,8,5,10,Reading,3.8,87
162750,21,Female,Engineering,6.5,0.5,0.4,No,60.6,8.0,Good,1,PhD,Low,10.0,No,4.0,8,5.2,No,1,7.7,Cafe,No,High,2,2,10,Kinesthetic,4.5,100
157738,19,Other,Business,3.2,1.9,0.1,Yes,61.5,9.9,Poor,3,Master,Medium,9.4,No,3.55,3,4.4,No,0,5.4,Co-Learning Group,No,Low,3,10,5,Visual,2.6,80
136101,16,Other,Business,5.9,0.4,2.4,No,48.4,5.2,Fair,0,Master,Low,8.1,No,2.9,1,5.7,No,3,10.1,Quiet Room,Yes,High,8,3,10,Auditory,4.6,71
158758,20,Male,Business,6.8,1.9,1.4,Yes,85.9,7.2,Good,3,Some College,Low,5.6,Yes,4.0,3,3.0,No,1,11.4,Cafe,No,Medium,6,2,10,Reading,6.7,94
118969,28,Other,Psychology,4.4,1.4,0.9,Yes,85.4,5.2,Poor,0,Master,Low,10.0,Yes,4.0,5,3.5,No,5,7.8,Quiet Room,No,Medium,4,8,7,Auditory,1.9,100
107458,26,Male,Computer Science,7.289893887761752,0.5,2.6,No,71.7,4.5,Good,7,PhD,Medium,6.2,No,4.0,5,1.0,No,4,11.4,Co-Learning Group,No,High,9,4,10,Kinesthetic,5.3,98
100713,16,Female,Psychology,1.9,0.8,3.5,Yes,53.3,7.5,Good,0,Bachelor,Medium,8.4,No,4.0,3,2.7,No,3,7.5,Co-Learning Group,Yes,Low,4,1,10,Reading,2.1,100
177606,20,Other,Engineering,1.5,4.9,2.0,No,41.1,7.5,Fair,3,Master,Medium,9.4,No,2.89,2,4.2,No,5,9.8,Dorm,No,High,8,6,9,Auditory,6.2,69
103113,24,Other,Psychology,3.0,3.6,1.4,Yes,96.5,5.2,Fair,2,Some College,High,9.5,No,2.53,3,3.6,No,4,8.5,Dorm,Yes,Medium,1,2,10,Reading,5.1,55
175558,27,Female,Psychology,6.3,1.5,0.4,Yes,58.0,7.3,Poor,3,Bachelor,High,5.7,No,3.4,6,5.6,No,4,8.8,Quiet Room,Yes,Low,8,5,10,Visual,5.5,86
119369,24,Female,Arts,4.5,3.3,2.8,No,69.5,5.3,Fair,1,High School,Medium,4.9,Yes,4.0,4,7.4,No,3,11.8,Co-Learning Group,No,Low,10,6,9,Kinesthetic,7.7,98
134243,21,Female,Arts,2.8,3.6,2.1,Yes,56.2,8.1,Good,5,Some College,Medium,8.3,No,2.81,8,2.7,No,1,9.8,Cafe,Yes,High,7,2,10,Visual,4.6,72
102385,28,Female,Psychology,4.8,2.1,3.5,Yes,72.5,7.0,Good,0,Bachelor,High,8.0,No,3.64,6,3.0,No,3,12.2,Dorm,No,Medium,4,2,10,Kinesthetic,7.8,96
131448,28,Other,Arts,2.4,3.6,3.5,Yes,48.2,6.9,Poor,6,High School,Medium,5.8,Yes,3.08,7,5.6,No,1,10.4,Dorm,Yes,Medium,1,4,10,Auditory,4.9,80
117275,25,Other,Biology,3.6,1.3,0.6,No,71.2,6.5,Good,2,Bachelor,Medium,4.3,No,2.9,4,3.5,No,2,7.1,Cafe,Yes,Medium,7,2,10,Reading,8.6,74
115651,26,Other,Business,7.3,1.1,3.6,Yes,53.2,6.5,Good,0,Bachelor,High,4.9,No,4.0,5,3.0,No,2,12.2,Library,Yes,Medium,5,9,6,Visual,2.0,95
112881,17,Male,Arts,4.7,1.9,2.8,Yes,83.1,6.9,Fair,2,Master,Low,3.4000000000000004,Yes,4.0,7,8.9,No,4,10.7,Library,Yes,High,5,5,10,Kinesthetic,8.5,100
105563,21,Other,Biology,2.4,0.6,1.2,No,48.9,8.2,Fair,2,Bachelor,High,7.6,Yes,3.74,3,3.7,No,2,4.4,Quiet Room,Yes,Medium,2,4,10,Kinesthetic,2.0,87
165043,21,Female,Engineering,6.9,0.7,1.7,Yes,61.7,5.6,Fair,1,Master,High,4.8,Yes,3.55,6,7.7,No,3,10.6,Quiet Room,Yes,Low,3,8,7,Kinesthetic,6.0,80
165408,16,Other,Computer Science,6.466401793823534,4.9,1.9,No,97.3,6.4,Good,7,Some College,Low,4.8,Yes,4.0,6,7.3,No,4,13.4,Quiet Room,Yes,Medium,2,4,10,Auditory,2.9,100
156205,27,Male,Computer Science,6.3286587325043815,0.5,2.7,Yes,95.6,8.7,Good,6,PhD,Medium,4.9,Yes,4.0,1,6.4,No,0,10.8,Library,No,High,5,5,10,Auditory,8.3,96
124528,19,Female,Business,2.0,1.9,3.4,Yes,65.2,5.6,Good,3,PhD,Low,3.7,No,3.03,8,8.5,No,2,8.3,Cafe,Yes,Medium,9,8,7,Visual,1.4,75
118386,18,Other,Engineering,3.1,0.5,3.4,Yes,92.1,7.4,Poor,7,Master,High,8.5,Yes,3.47,5,3.4,No,4,8.3,Quiet Room,No,Low,10,2,10,Visual,2.2,85
107429,19,Male,Business,7.9,2.6,3.5,No,89.4,6.2,Fair,5,Some College,High,10.0,No,3.17,7,7.4,No,3,15.4,Dorm,No,Medium,6,4,10,Visual,9.1,84
111991,27,Other,Engineering,1.7,0.6,3.9,No,40.6,8.6,Good,4,Some College,Medium,8.7,No,3.97,5,3.1,No,2,7.9,Quiet Room,Yes,Medium,6,7,8,Reading,7.3,100
135149,21,Male,Computer Science,4.346949794710679,2.0,2.9,No,80.4,5.3,Good,6,Some College,Medium,5.9,No,4.0,1,7.6,No,0,9.4,Cafe,Yes,Medium,8,5,10,Visual,4.7,97
110710,26,Male,Biology,4.0,3.5,4.0,No,92.3,5.5,Poor,6,Bachelor,Low,7.4,Yes,4.0,3,2.0,No,4,13.4,Cafe,Yes,High,3,8,7,Kinesthetic,9.2,90
145903,18,Other,Business,0.0,3.9,2.4,No,44.4,8.2,Good,4,Some College,High,6.2,No,3.07,1,6.0,No,2,6.7,Quiet Room,No,Medium,2,7,8,Kinesthetic,1.3,82
172961,20,Male,Psychology,3.7,4.0,2.6,Yes,80.8,9.1,Good,6,Some College,Medium,6.7,No,3.03,5,5.9,No,3,11.1,Cafe,Yes,Medium,4,6,9,Kinesthetic,3.5,75
106144,22,Male,Computer Science,3.0649689968462823,0.1,0.7,Yes,42.2,7.1,Good,5,High School,High,7.0,No,2.92,5,7.8,No,4,5.8,Dorm,No,Medium,6,2,10,Auditory,1.8,77
176607,26,Other,Computer Science,5.937100486620688,1.2,2.2,Yes,68.3,5.6,Good,6,PhD,High,8.7,Yes,4.0,2,5.6,No,5,9.6,Cafe,No,Low,4,3,10,Visual,4.5,100
174137,18,Male,Business,4.3,1.0,0.5,No,67.0,10.2,Fair,0,Some College,Medium,9.3,Yes,3.04,4,6.9,No,1,6.3,Co-Learning Group,No,Low,7,2,10,Kinesthetic,4.8,71
167951,20,Other,Business,5.7,1.6,2.0,Yes,88.8,6.7,Good,4,PhD,Low,7.1,Yes,4.0,7,3.2,No,4,10.5,Co-Learning Group,No,Medium,10,9,6,Visual,2.0,100
159571,16,Male,Computer Science,3.7094499302096624,1.4,0.2,No,60.2,4.0,Good,2,Some College,Low,6.3,No,3.5,2,7.5,No,0,6.8,Quiet Room,Yes,Low,10,4,10,Reading,9.8,86
105669,21,Other,Engineering,1.3,1.8,1.6,No,70.3,8.0,Good,6,Bachelor,Low,3.7,No,3.81,4,5.4,No,2,5.6,Cafe,No,High,7,6,9,Kinesthetic,4.3,92
119679,18,Female,Arts,2.3,1.4,0.8,No,57.4,6.0,Fair,0,Some College,Medium,4.2,No,4.0,6,5.2,No,5,5.8,Quiet Room,Yes,Medium,5,4,10,Reading,5.8,100
131472,24,Male,Biology,4.4,3.2,2.0,No,85.8,7.3,Fair,7,PhD,Medium,10.0,No,3.32,2,7.0,No,5,10.5,Co-Learning Group,No,Low,8,8,7,Kinesthetic,1.1,87
107485,17,Female,Business,4.7,0.4,1.6,No,44.4,7.6,Fair,1,Some College,Medium,5.2,No,4.0,8,3.8,No,3,8.4,Dorm,Yes,Low,10,4,10,Kinesthetic,6.8,100
101488,17,Female,Business,1.8,0.7,1.4,No,50.0,6.4,Fair,2,PhD,High,4.0,No,4.0,1,1.0,No,1,5.4,Library,Yes,Medium,1,7,8,Kinesthetic,9.0,98
125133,26,Male,Psychology,2.8,2.2,3.9,No,77.0,8.6,Fair,7,PhD,Medium,10.0,Yes,4.0,4,6.9,No,4,10.3,Dorm,Yes,Medium,7,3,10,Kinesthetic,3.4,99
102096,28,Female,Psychology,2.3,4.9,0.6,No,71.9,7.7,Fair,7,Some College,Medium,7.4,Yes,4.0,3,4.5,No,1,8.4,Cafe,Yes,Medium,2,10,5,Visual,8.6,97
156489,22,Other,Psychology,5.4,0.3,1.5,No,80.6,6.4,Good,0,Bachelor,High,6.1,No,3.27,5,4.4,No,1,9.1,Co-Learning Group,No,Medium,5,5,10,Kinesthetic,6.2,83
164535,28,Male,Psychology,6.8,4.8,2.0,Yes,92.3,8.5,Fair,0,PhD,High,8.5,Yes,4.0,6,5.4,No,2,15.0,Cafe,Yes,High,4,2,10,Reading,4.5,100
148241,25,Male,Biology,3.7,3.6,1.1,No,60.8,5.4,Poor,4,Master,High,7.5,Yes,4.0,1,5.5,No,1,10.0,Co-Learning Group,Yes,Low,2,10,5,Reading,7.7,100
124347,23,Other,Engineering,0.6,0.3,1.2,Yes,57.5,7.5,Fair,3,Master,Medium,7.0,No,2.72,2,5.9,No,2,2.9,Cafe,No,Low,2,8,7,Kinesthetic,4.0,75
164187,17,Female,Engineering,3.7,1.7,2.4,Yes,69.0,5.5,Good,3,PhD,Low,6.7,Yes,3.73,2,4.1,No,5,9.2,Co-Learning Group,Yes,Low,3,6,9,Kinesthetic,4.9,96
118470,17,Other,Psychology,1.1,1.9,2.1,No,70.4,6.7,Good,2,PhD,Low,7.4,No,4.0,7,4.4,No,2,6.6,Library,Yes,High,6,9,6,Auditory,5.8,90
104792,22,Male,Engineering,4.4,0.8,0.8,No,78.5,7.3,Good,0,Bachelor,Low,4.1,Yes,3.22,4,4.9,No,4,6.6,Quiet Room,Yes,High,7,1,10,Reading,6.3,82
134138,26,Other,Arts,3.8,3.6,3.6,No,53.2,6.2,Poor,6,Bachelor,Medium,5.4,No,3.22,2,7.9,No,4,12.0,Co-Learning Group,No,Medium,6,4,10,Visual,3.1,80
152353,21,Female,Biology,3.4,2.5,4.0,No,92.7,7.0,Fair,5,High School,High,4.5,Yes,4.0,6,2.8,No,0,10.6,Cafe,Yes,Medium,7,3,10,Visual,4.7,97
176893,23,Male,Computer Science,7.798283212754602,4.6,3.7,No,97.3,4.9,Fair,1,Master,High,5.7,Yes,4.0,6,4.6,No,4,17.8,Quiet Room,Yes,Medium,5,7,8,Visual,8.0,90
159479,22,Male,Engineering,3.4,1.9,2.9,No,56.7,5.9,Good,7,High School,Low,4.8,Yes,4.0,8,8.9,No,5,9.6,Cafe,Yes,Medium,1,6,9,Kinesthetic,4.9,90
142992,20,Female,Psychology,2.1,4.4,0.1,Yes,41.9,9.5,Fair,7,Master,Medium,8.0,Yes,3.45,8,2.6,No,0,7.8,Quiet Room,No,High,10,10,5,Auditory,6.8,83
165126,19,Female,Engineering,7.5,1.0,2.0,No,63.0,6.0,Fair,7,Some College,Medium,6.5,Yes,3.43,2,4.9,No,0,12.1,Co-Learning Group,No,High,10,1,10,Reading,8.4,92
145110,26,Male,Business,5.2,2.8,2.4,Yes,97.2,7.4,Fair,3,Master,Low,10.0,Yes,3.18,1,3.0,No,5,11.1,Dorm,No,Medium,3,7,8,Reading,5.2,73
147699,26,Female,Business,2.7,0.0,1.7,No,52.0,5.7,Poor,2,Bachelor,High,6.8,No,3.61,7,1.9,No,3,5.0,Dorm,Yes,Medium,2,4,10,Auditory,9.2,93
106510,16,Male,Computer Science,7.663998200249843,2.0,2.3,No,44.9,7.5,Fair,1,High School,Low,7.8,Yes,3.61,3,6.0,No,3,13.3,Dorm,No,Medium,3,1,10,Reading,3.3,86
177419,17,Female,Computer Science,9.947091206150244,4.8,2.3,No,41.5,7.7,Fair,1,Bachelor,High,6.4,No,4.0,4,4.9,No,3,17.6,Dorm,No,Medium,3,3,10,Auditory,1.4,100
179669,28,Female,Biology,4.8,1.9,2.7,Yes,63.4,8.2,Fair,3,Some College,Medium,7.4,Yes,3.86,2,5.4,No,0,11.1,Dorm,No,High,7,9,6,Auditory,3.9,94
114605,24,Male,Business,6.9,1.3,2.5,Yes,82.5,7.7,Good,1,Bachelor,High,9.1,No,3.57,5,5.0,No,4,12.6,Cafe,No,Low,5,9,6,Kinesthetic,1.4,90
168183,24,Male,Computer Science,3.0589945088608204,1.5,3.7,Yes,60.7,6.0,Good,0,PhD,Low,6.3,No,4.0,1,2.5,No,4,8.4,Dorm,Yes,Medium,6,2,10,Reading,9.2,98
155582,28,Female,Psychology,2.4,0.5,3.6,Yes,70.1,7.5,Good,0,Some College,Low,6.0,Yes,4.0,8,5.8,No,5,8.2,Dorm,No,High,4,10,5,Auditory,6.5,92
147082,16,Other,Business,3.0,1.1,2.7,Yes,95.7,8.1,Fair,2,Bachelor,High,7.3,No,3.73,2,4.8,No,5,7.4,Quiet Room,No,Medium,2,1,10,Visual,3.1,97
147812,16,Other,Psychology,6.7,4.2,3.8,No,59.9,4.5,Poor,0,Master,Low,10.0,No,4.0,6,3.4,No,3,16.2,Cafe,Yes,Low,2,6,9,Kinesthetic,5.2,100
124258,20,Other,Arts,3.4,3.3,0.0,Yes,47.3,8.2,Good,1,High School,High,9.7,Yes,3.05,6,6.1,No,2,8.3,Quiet Room,Yes,Low,3,1,10,Kinesthetic,7.2,67
132786,21,Female,Arts,7.2,1.4,0.8,No,85.0,7.7,Fair,2,Master,High,8.3,No,3.58,5,4.4,No,0,10.3,Co-Learning Group,No,High,9,9,6,Visual,9.5,100
159807,17,Male,Biology,2.5,4.2,2.7,No,87.3,5.5,Good,5,PhD,High,3.4000000000000004,Yes,3.2,7,7.2,No,1,11.2,Library,Yes,Medium,6,6,9,Kinesthetic,5.5,74
134377,21,Male,Business,3.3,3.4,0.8,No,90.9,9.4,Fair,3,Bachelor,High,10.0,No,3.87,5,4.1,No,2,7.5,Cafe,Yes,Low,6,9,6,Visual,3.0,97
157997,21,Male,Arts,2.9,3.4,2.8,Yes,80.1,7.7,Good,4,Some College,Low,3.3,No,2.75,4,3.8,No,5,10.0,Dorm,Yes,Low,3,2,10,Reading,5.1,72
110147,20,Other,Engineering,2.2,0.5,0.9,No,43.7,7.5,Good,2,Master,Medium,3.6,No,4.0,6,1.9,No,5,4.2,Dorm,Yes,Medium,10,8,7,Reading,4.2,100
170097,24,Other,Biology,4.7,4.2,0.4,Yes,82.0,7.6,Fair,1,PhD,Medium,8.9,No,3.23,5,6.3,No,1,9.6,Quiet Room,No,High,2,6,9,Auditory,3.4,82
127962,18,Other,Arts,6.3,2.1,2.2,No,95.6,7.4,Good,7,High School,Medium,3.9,No,3.33,2,4.1,No,1,11.4,Quiet Room,No,Low,9,2,10,Auditory,2.2,84
118900,18,Male,Computer Science,1.8679013893802645,3.5,2.4,No,54.4,8.6,Good,4,PhD,High,7.1,No,4.0,6,5.7,No,3,9.7,Library,No,Medium,5,3,10,Visual,4.5,100
147730,17,Other,Engineering,5.3,0.2,0.2,No,61.6,8.0,Fair,2,Master,Medium,7.8,Yes,4.0,6,6.7,No,4,5.7,Quiet Room,Yes,Medium,6,10,5,Reading,2.3,94
108705,26,Other,Business,2.4,3.8,2.3,No,72.8,7.2,Good,2,Master,Medium,10.0,No,2.86,8,4.3,No,4,10.0,Library,No,Medium,7,5,10,Auditory,8.2,76
109401,17,Female,Biology,3.1,4.8,0.9,No,98.5,5.1,Poor,1,PhD,Low,7.5,Yes,2.55,4,5.0,No,0,9.4,Library,Yes,High,1,2,10,Visual,8.2,60
169569,27,Female,Biology,4.8,3.1,1.5,No,80.2,8.2,Fair,6,Bachelor,High,3.0,No,3.25,2,3.3,No,2,9.8,Quiet Room,Yes,High,5,1,10,Kinesthetic,1.7,86
136045,19,Female,Psychology,4.6,0.3,2.6,No,91.3,8.1,Good,6,High School,Low,5.7,Yes,4.0,4,6.0,No,3,9.4,Quiet Room,Yes,High,10,6,9,Auditory,7.9,98
136079,27,Other,Engineering,3.8,0.4,1.4,No,48.3,6.3,Fair,2,High School,High,4.8,Yes,4.0,8,7.3,No,5,7.3,Cafe,No,Low,9,10,5,Auditory,5.3,98
161926,16,Other,Business,2.7,4.3,1.4,Yes,64.2,8.0,Fair,1,Some College,High,7.0,No,3.82,2,6.1,No,3,9.6,Quiet Room,Yes,High,3,4,10,Reading,2.5,96
112039,21,Female,Psychology,2.9,2.4,3.5,Yes,45.1,6.2,Good,7,Bachelor,High,6.0,No,2.92,4,4.7,No,3,9.7,Co-Learning Group,Yes,Medium,4,6,9,Visual,9.9,73
144579,21,Other,Computer Science,6.253490079047578,1.2,2.2,No,95.8,9.1,Good,3,Some College,Low,7.9,No,3.61,8,7.6,No,5,11.0,Library,No,Low,2,3,10,Kinesthetic,1.1,92
131194,20,Male,Psychology,2.7,3.8,1.0,Yes,99.3,6.3,Poor,5,Master,Medium,6.3,No,3.09,7,2.7,No,2,7.8,Library,No,Low,7,6,9,Visual,1.0,86
103030,22,Other,Arts,9.1,4.8,3.2,No,94.9,6.7,Fair,3,Bachelor,High,5.7,Yes,4.0,8,6.4,No,5,17.2,Quiet Room,Yes,Medium,4,2,10,Visual,3.1,100
159170,16,Other,Arts,1.3,0.9,1.3,No,63.8,6.1,Good,6,Bachelor,Low,8.0,No,3.16,5,3.4,No,1,4.5,Dorm,No,High,2,3,10,Auditory,7.1,83
154512,24,Female,Business,5.2,2.0,1.4,Yes,54.3,6.7,Good,6,Master,Medium,3.2,Yes,3.77,6,10.0,No,2,9.6,Dorm,Yes,High,9,6,9,Auditory,4.3,82
126923,26,Male,Business,5.5,4.2,0.1,No,45.2,4.0,Good,4,Some College,Low,6.4,No,2.93,7,7.0,No,4,9.9,Dorm,No,Low,4,7,8,Auditory,3.4,73
148121,18,Male,Business,2.7,3.6,2.3,No,77.1,8.9,Good,1,PhD,Low,9.5,Yes,4.0,6,5.4,No,2,10.2,Library,Yes,High,2,9,6,Kinesthetic,6.8,100
176049,19,Male,Biology,2.2,3.5,1.1,No,62.6,4.4,Good,2,Some College,Medium,7.0,Yes,4.0,2,1.2,No,0,7.6,Quiet Room,Yes,Low,6,10,5,Visual,3.5,100
173289,24,Other,Psychology,5.0,3.5,0.3,Yes,85.5,8.7,Fair,1,Bachelor,High,7.0,No,3.66,6,8.2,No,0,9.0,Co-Learning Group,Yes,Low,6,5,10,Auditory,3.6,95
138208,24,Other,Business,6.0,4.0,2.7,Yes,56.2,7.8,Good,4,Master,High,8.9,No,3.11,4,6.2,No,1,13.4,Library,No,Low,8,1,10,Visual,8.2,74
177160,16,Male,Engineering,4.8,3.0,0.8,Yes,90.1,5.6,Good,7,High School,Medium,5.3,Yes,4.0,3,7.5,No,2,9.8,Library,No,Medium,1,6,9,Kinesthetic,1.9,99
128995,24,Male,Engineering,3.0,1.0,3.6,No,94.1,8.2,Good,1,Master,Low,8.3,No,3.09,6,5.0,No,2,7.6,Quiet Room,No,High,5,8,7,Visual,9.7,76
156909,21,Female,Business,3.1,1.8,0.0,Yes,42.4,6.6,Fair,3,PhD,Medium,8.2,No,2.74,8,3.1,No,1,5.1,Co-Learning Group,Yes,High,3,2,10,Kinesthetic,2.2,56
162534,16,Male,Computer Science,1.7084700856318893,2.0,2.3,No,50.6,7.1,Good,0,Bachelor,Medium,5.6,Yes,4.0,2,3.9,No,4,6.2,Library,Yes,High,4,5,10,Visual,8.8,93
107003,26,Male,Engineering,2.2,1.0,0.6,Yes,70.9,7.8,Fair,6,Master,Medium,8.0,No,4.0,2,2.4,No,5,4.0,Dorm,No,Low,7,6,9,Kinesthetic,6.8,95
133178,21,Male,Engineering,0.0,3.7,3.3,Yes,62.9,8.7,Fair,2,PhD,Low,4.4,No,3.53,5,6.1,No,2,8.3,Quiet Room,No,Low,8,2,10,Kinesthetic,8.0,82
112411,24,Other,Computer Science,5.772364672803178,4.8,1.9,No,56.9,6.8,Good,0,PhD,Low,7.3,Yes,4.0,7,2.8,No,2,14.5,Library,No,Medium,5,7,8,Reading,8.9,100
108468,23,Male,Computer Science,5.066873392049254,2.0,1.2,Yes,83.2,6.6,Poor,0,Master,Medium,2.4,No,4.0,8,1.4,No,1,8.4,Cafe,Yes,Medium,1,9,6,Kinesthetic,9.2,99
157026,28,Male,Biology,5.7,3.4,0.1,Yes,66.3,5.9,Good,5,PhD,Low,6.9,Yes,4.0,2,3.4,No,3,9.2,Cafe,Yes,Medium,4,3,10,Visual,5.4,100
158820,23,Other,Arts,3.8,2.9,1.4,Yes,81.6,6.4,Poor,6,PhD,Low,7.4,No,3.72,7,3.7,No,3,8.4,Dorm,No,Low,7,2,10,Reading,7.6,92
135227,27,Other,Engineering,6.5,2.9,3.0,Yes,84.5,7.9,Good,5,Some College,Low,5.0,No,4.0,8,4.3,No,1,14.3,Co-Learning Group,Yes,Medium,1,8,7,Visual,2.0,94
165235,16,Female,Computer Science,3.117229092352066,1.9,0.1,No,63.8,7.6,Good,1,Bachelor,Low,8.3,No,4.0,3,5.9,No,1,5.3,Cafe,Yes,Low,5,4,10,Kinesthetic,2.2,98
129412,17,Female,Psychology,6.2,1.0,3.2,No,55.9,6.7,Fair,4,PhD,Low,3.7,Yes,4.0,1,7.3,No,1,11.1,Co-Learning Group,No,Medium,10,4,10,Reading,8.8,100
120935,22,Male,Engineering,4.0,0.7,1.3,No,46.2,8.4,Fair,0,Bachelor,High,5.3,No,3.18,4,4.7,No,4,6.4,Cafe,No,Low,7,9,6,Visual,3.9,82
119192,25,Female,Business,4.9,2.8,0.3,Yes,42.3,8.4,Fair,2,High School,Low,5.4,No,4.0,8,3.2,No,5,8.7,Library,Yes,High,5,5,10,Kinesthetic,9.7,100
158076,28,Female,Engineering,6.0,1.7,2.3,Yes,45.9,7.9,Fair,3,Some College,High,7.8,Yes,4.0,3,3.1,No,5,11.3,Cafe,Yes,Medium,7,7,8,Kinesthetic,9.4,98
112084,17,Female,Computer Science,2.468206329847975,4.1,3.1,No,81.5,7.5,Fair,1,Bachelor,Low,8.8,No,2.4,2,9.0,No,1,10.7,Dorm,Yes,Low,5,7,8,Visual,5.0,63
113486,20,Other,Biology,0.5,2.0,1.2,No,76.9,7.0,Good,3,Some College,Medium,4.6,Yes,3.42,7,3.4,No,1,5.0,Dorm,Yes,High,8,2,10,Reading,8.8,93
175500,19,Other,Computer Science,3.342681639319895,2.6,3.8,Yes,84.2,8.8,Fair,2,High School,Low,9.3,No,2.59,3,4.5,No,2,10.7,Co-Learning Group,No,Medium,9,3,10,Visual,6.6,66
156643,25,Male,Psychology,5.6,2.0,1.5,No,67.2,7.8,Fair,4,Bachelor,Low,6.4,No,3.49,4,6.5,No,2,10.8,Dorm,Yes,Low,1,2,10,Kinesthetic,8.8,75
137246,26,Male,Computer Science,3.763337279886004,2.6,3.8,Yes,80.8,6.0,Good,0,PhD,Low,2.1,Yes,3.62,2,8.9,No,0,10.3,Quiet Room,Yes,High,4,10,5,Reading,2.6,98
145931,21,Male,Biology,1.3,1.3,3.1,Yes,48.3,9.1,Good,6,Master,Medium,8.0,Yes,4.0,7,6.8,No,2,6.6,Library,Yes,High,10,3,10,Kinesthetic,4.0,100
163257,20,Other,Biology,4.7,1.3,3.5,No,72.2,7.1,Good,3,PhD,High,6.3,No,4.0,8,5.4,No,3,9.8,Co-Learning Group,Yes,Low,7,6,9,Reading,3.9,85
114711,17,Male,Computer Science,5.694583314059623,4.5,1.0,No,44.2,4.0,Good,0,Bachelor,Medium,10.0,Yes,3.35,5,2.9,No,3,12.6,Library,Yes,High,2,1,10,Auditory,7.7,84
169781,28,Female,Business,0.6,1.7,1.4,Yes,94.5,4.0,Fair,0,Some College,Medium,7.0,No,3.65,2,6.1,No,3,4.3,Dorm,Yes,High,7,6,9,Visual,7.7,87
121343,24,Female,Psychology,3.9,0.3,3.5,Yes,63.6,9.0,Fair,5,Some College,Low,6.4,No,4.0,7,7.7,No,4,8.1,Quiet Room,Yes,High,6,10,5,Reading,4.2,100
156731,28,Male,Psychology,2.8,4.0,1.8,Yes,62.4,9.2,Fair,5,Bachelor,High,6.1,No,3.05,3,6.8,No,5,9.6,Co-Learning Group,Yes,Low,7,1,10,Reading,9.5,70
124037,24,Other,Arts,4.1,4.5,2.5,No,71.9,6.5,Fair,3,Master,High,9.0,Yes,4.0,1,6.9,No,4,13.1,Library,No,Medium,4,2,10,Reading,8.9,99
161539,19,Male,Arts,4.4,4.3,1.4,No,76.3,5.8,Fair,6,Bachelor,Medium,6.1,Yes,3.18,2,3.0,No,5,11.4,Cafe,No,Medium,7,4,10,Auditory,3.7,86
110643,21,Male,Psychology,4.9,0.2,0.4,Yes,48.6,5.4,Poor,4,High School,Low,8.7,No,4.0,7,4.0,No,2,7.2,Library,No,High,5,7,8,Reading,3.3,97
131104,28,Other,Engineering,4.2,0.5,0.4,No,91.3,7.4,Fair,4,Bachelor,Low,5.4,No,4.0,6,4.3,No,2,5.8,Cafe,No,Medium,3,7,8,Reading,9.2,100
172080,27,Female,Engineering,6.1,1.4,2.2,Yes,88.1,8.6,Good,5,PhD,Low,8.7,Yes,3.96,6,7.0,No,1,10.9,Dorm,Yes,Medium,1,9,6,Auditory,6.5,91
132915,26,Other,Biology,3.8,4.0,1.2,Yes,76.4,7.8,Poor,1,Some College,Medium,8.2,No,4.0,5,5.6,No,4,10.4,Dorm,Yes,Low,1,9,6,Visual,9.9,100
134884,23,Other,Computer Science,6.677151757886684,4.3,3.7,No,94.8,8.2,Good,3,Some College,Medium,7.1,Yes,4.0,2,3.5,No,2,15.6,Library,Yes,Medium,10,2,10,Kinesthetic,5.3,100
156874,21,Male,Computer Science,2.1882639543382494,3.1,1.1,No,99.4,6.7,Poor,2,Some College,Medium,10.0,No,3.81,2,2.0,No,2,6.4,Dorm,No,Medium,2,5,10,Visual,2.2,95
149396,18,Other,Arts,2.7,2.4,1.8,Yes,83.9,7.6,Good,6,High School,Low,8.3,Yes,2.68,6,6.6,No,4,8.7,Cafe,No,Medium,8,5,10,Auditory,2.4,65
171018,19,Male,Biology,3.9,1.8,1.8,Yes,50.0,7.9,Poor,0,Master,High,7.4,No,2.67,3,5.3,No,3,7.6,Cafe,Yes,High,4,4,10,Auditory,1.5,61
125737,23,Male,Engineering,0.0,1.0,2.5,Yes,53.8,9.3,Good,5,Master,Medium,8.4,Yes,3.11,5,6.8,No,2,4.9,Dorm,Yes,Low,8,7,8,Reading,4.2,82
176634,19,Male,Engineering,7.0,0.0,1.0,No,41.0,6.6,Fair,4,Bachelor,High,6.7,No,4.0,3,3.8,No,1,8.3,Library,No,Medium,2,6,9,Kinesthetic,4.3,100
144931,25,Female,Business,5.5,4.3,1.1,Yes,52.9,7.9,Good,1,PhD,Low,7.0,No,3.56,3,5.5,No,0,12.8,Quiet Room,Yes,Low,10,3,10,Visual,1.3,84
163823,24,Female,Psychology,4.4,1.9,3.2,Yes,64.9,7.9,Fair,2,Master,Low,5.4,Yes,4.0,7,2.1,No,1,10.8,Quiet Room,Yes,Low,5,4,10,Reading,1.2,100
149058,26,Male,Engineering,4.2,0.8,3.9,Yes,41.6,7.9,Good,4,Bachelor,High,6.2,No,4.0,6,8.2,No,3,9.8,Quiet Room,Yes,Medium,10,8,7,Auditory,5.8,97
127842,21,Female,Engineering,3.6,2.1,2.8,Yes,84.0,6.9,Good,0,Bachelor,High,7.0,No,3.11,5,4.3,No,1,9.4,Co-Learning Group,Yes,Low,3,2,10,Auditory,9.7,77
116657,28,Other,Engineering,6.9,3.9,0.2,No,65.5,7.5,Fair,0,Bachelor,Low,10.0,Yes,3.92,1,6.4,No,4,11.2,Quiet Room,No,Medium,6,9,6,Kinesthetic,5.1,100
173834,21,Other,Computer Science,2.148566953647098,1.4,0.2,Yes,73.5,9.5,Fair,0,High School,Medium,6.0,Yes,4.0,5,3.4,No,0,5.6,Library,Yes,Low,9,6,9,Visual,6.1,99
124845,23,Female,Biology,5.8,2.4,2.1,No,97.6,8.9,Fair,0,High School,High,10.0,Yes,3.77,3,6.5,No,0,11.8,Cafe,No,High,8,9,6,Reading,9.9,100
141634,27,Female,Business,6.3,0.5,3.2,No,80.8,7.9,Good,6,High School,High,5.3,Yes,4.0,6,7.8,No,1,11.1,Dorm,Yes,High,10,6,9,Kinesthetic,2.2,100
114919,22,Male,Computer Science,2.233622639747152,2.8,2.3,Yes,45.0,7.2,Good,6,Master,Low,5.7,Yes,4.0,4,7.4,No,3,7.9,Quiet Room,No,Medium,7,2,10,Auditory,7.6,94
156915,22,Male,Business,4.8,2.1,3.3,No,75.0,6.9,Fair,6,High School,Medium,1.0,Yes,4.0,3,5.5,No,3,12.1,Cafe,Yes,Medium,3,5,10,Visual,4.9,98
160298,19,Male,Computer Science,2.0372413578413884,2.2,0.9,No,91.8,8.9,Fair,6,Master,Medium,5.7,Yes,4.0,5,1.0,No,3,5.4,Dorm,No,Medium,3,10,5,Reading,4.7,100
133292,23,Male,Psychology,4.9,3.3,1.1,No,67.3,6.7,Good,5,PhD,High,9.1,Yes,3.78,2,4.0,No,4,10.6,Quiet Room,No,Low,8,4,10,Kinesthetic,4.2,91
104771,16,Female,Arts,5.4,1.5,2.2,Yes,68.7,8.5,Good,6,PhD,Medium,6.0,Yes,3.35,2,1.7,No,3,10.8,Quiet Room,No,High,6,5,10,Auditory,3.3,81
146111,22,Male,Psychology,4.4,0.2,1.3,Yes,65.1,5.5,Good,0,Bachelor,Medium,5.4,No,4.0,1,2.7,No,5,6.8,Cafe,Yes,Medium,10,7,8,Visual,7.7,100
107712,20,Female,Business,5.2,3.2,3.6,Yes,47.8,4.1,Fair,6,Master,Low,5.3,Yes,4.0,8,2.8,No,5,12.9,Dorm,Yes,High,5,3,10,Kinesthetic,9.6,100
142937,17,Female,Engineering,2.8,1.7,2.7,Yes,46.3,7.0,Good,2,PhD,High,10.0,Yes,3.13,8,5.0,No,4,8.0,Cafe,No,Medium,9,6,9,Auditory,5.9,80
124397,27,Female,Business,4.4,3.8,1.3,Yes,67.4,6.8,Good,1,Master,Low,8.8,Yes,4.0,8,6.5,No,0,11.1,Quiet Room,No,Medium,5,8,7,Visual,9.2,96
106086,28,Other,Psychology,5.1,2.5,1.0,No,65.0,7.3,Fair,5,Master,Low,5.6,Yes,3.6,1,1.7,No,4,9.3,Dorm,No,High,8,4,10,Reading,2.6,95
141074,22,Female,Business,2.4,1.4,3.1,Yes,66.4,4.4,Poor,5,PhD,High,4.5,No,4.0,8,1.8,No,0,6.9,Cafe,Yes,Low,4,3,10,Visual,9.9,100
167675,16,Other,Business,5.4,2.9,1.5,No,41.4,6.2,Good,5,Some College,Low,8.0,No,4.0,4,3.6,No,3,10.6,Library,Yes,High,7,7,8,Reading,4.5,95
136427,22,Other,Biology,2.3,1.3,0.9,Yes,60.7,9.4,Good,4,High School,High,5.9,No,2.85,3,5.3,No,1,5.4,Library,No,Low,5,4,10,Reading,9.4,68
146172,22,Male,Business,3.1,1.2,1.6,Yes,50.4,8.2,Fair,4,PhD,High,8.8,Yes,4.0,3,4.7,No,5,7.8,Cafe,No,Low,10,8,7,Visual,8.5,100
107319,28,Male,Business,6.9,4.1,3.0,No,54.0,4.5,Fair,3,High School,Low,9.1,No,3.09,3,3.6,No,0,14.0,Quiet Room,No,Low,2,1,10,Auditory,9.8,82
122627,19,Male,Computer Science,9.782583903325207,0.3,0.1,Yes,85.7,9.8,Fair,1,PhD,Low,6.2,No,3.88,5,4.1,No,2,10.3,Cafe,Yes,Low,9,7,8,Auditory,1.3,90
122674,23,Female,Engineering,5.3,2.8,2.5,Yes,40.5,8.5,Good,7,Bachelor,Medium,6.4,Yes,3.24,8,6.1,No,1,11.3,Cafe,No,High,2,3,10,Kinesthetic,3.2,79
154026,19,Female,Engineering,2.8,4.6,2.8,No,67.3,7.5,Good,6,High School,Medium,8.0,No,4.0,7,4.2,No,4,11.8,Co-Learning Group,No,Low,3,8,7,Reading,5.1,100
164205,22,Female,Arts,5.2,1.7,2.4,No,90.1,7.7,Fair,1,Some College,High,9.9,Yes,3.33,1,1.0,No,2,9.3,Co-Learning Group,Yes,Medium,7,6,9,Visual,3.2,89
157053,22,Other,Arts,8.4,3.7,1.7,No,53.2,7.3,Good,7,Master,Medium,9.6,Yes,3.56,6,2.6,No,0,13.9,Cafe,No,Low,10,4,10,Reading,4.1,84
128141,26,Female,Psychology,5.9,4.4,0.5,No,84.8,4.9,Fair,1,Some College,High,5.8,No,3.47,3,7.8,No,2,11.2,Library,No,Low,9,10,5,Visual,8.2,80
164235,16,Other,Biology,2.4,1.8,0.2,No,48.0,5.8,Good,5,Bachelor,Low,6.8,Yes,4.0,1,2.9,No,3,5.9,Cafe,Yes,Low,9,1,10,Reading,8.0,100
117683,26,Other,Business,7.8,3.3,0.8,No,91.1,7.3,Good,1,High School,Medium,3.5,Yes,2.9,4,7.6,No,1,13.8,Quiet Room,No,Medium,2,2,10,Visual,6.6,80
179320,19,Male,Business,3.0,3.2,0.5,Yes,53.3,6.6,Good,2,Some College,Low,5.7,Yes,2.81,7,2.3,No,1,6.9,Cafe,No,Low,10,7,8,Reading,3.7,71
122717,25,Male,Biology,4.9,3.2,0.7,No,84.0,8.9,Poor,6,Some College,High,8.8,Yes,3.19,7,4.4,No,3,10.1,Dorm,Yes,Medium,5,6,9,Reading,9.0,76
156007,22,Female,Psychology,3.6,2.0,2.5,No,75.9,7.2,Good,7,Bachelor,Low,8.6,No,4.0,4,6.0,No,1,10.1,Cafe,Yes,Medium,6,7,8,Reading,7.5,98
106054,20,Female,Business,0.0,0.2,3.5,Yes,47.5,6.9,Good,7,Some College,Low,8.6,No,2.86,2,5.2,No,4,5.3,Dorm,No,High,10,9,6,Kinesthetic,2.0,67
177002,17,Other,Arts,3.0,3.0,2.1,Yes,46.3,7.5,Fair,2,Some College,High,9.1,No,3.17,3,3.2,No,0,9.8,Cafe,Yes,High,2,4,10,Reading,1.8,76
126137,21,Male,Psychology,2.4,4.2,1.1,No,94.2,7.7,Fair,7,PhD,Medium,7.1,Yes,4.0,5,7.1,No,5,8.3,Quiet Room,No,Low,6,9,6,Visual,2.8,100
173012,27,Other,Computer Science,6.711687766625211,3.7,3.8,No,98.8,8.3,Fair,3,Some College,High,4.5,No,3.72,1,4.1,No,0,15.8,Library,Yes,Low,4,6,9,Auditory,5.4,100
143198,24,Female,Engineering,4.5,4.2,1.0,Yes,99.3,5.4,Good,1,High School,Medium,5.9,Yes,3.09,1,2.8,No,0,10.6,Co-Learning Group,Yes,High,4,7,8,Reading,3.5,77
123953,16,Other,Engineering,4.5,2.1,1.2,No,40.1,6.2,Fair,2,Master,Low,8.3,Yes,3.82,2,1.5,No,3,8.8,Co-Learning Group,No,Medium,6,7,8,Kinesthetic,9.6,93
111439,23,Female,Business,1.4,3.6,1.7,No,86.0,6.0,Good,3,Bachelor,Medium,6.0,Yes,2.98,1,4.6,No,0,7.2,Quiet Room,No,Low,4,6,9,Auditory,7.6,79
161224,23,Male,Business,1.7,3.4,2.6,No,70.3,6.8,Good,5,High School,Low,8.2,No,4.0,6,4.4,No,0,7.8,Quiet Room,Yes,Low,4,6,9,Auditory,9.6,100
137599,28,Male,Business,4.5,4.2,1.6,Yes,62.0,5.7,Good,2,Master,High,9.5,No,4.0,6,3.6,No,3,10.9,Co-Learning Group,Yes,Medium,5,7,8,Visual,7.2,100
150677,22,Other,Arts,5.7,2.1,0.1,No,88.6,7.5,Poor,6,High School,Low,9.0,No,4.0,6,1.7,No,5,9.2,Dorm,No,High,5,10,5,Reading,1.9,100
174124,23,Female,Psychology,1.3,1.8,3.1,No,91.4,5.0,Fair,7,Master,Low,6.4,No,3.12,1,3.9,No,0,7.1,Cafe,Yes,High,3,2,10,Visual,6.7,79
132117,22,Male,Engineering,1.7,0.7,1.3,No,50.4,10.0,Fair,3,PhD,Low,6.3,Yes,3.61,4,2.8,No,0,5.0,Co-Learning Group,No,High,10,7,8,Visual,7.6,96
166484,27,Other,Psychology,4.1,1.2,0.3,Yes,85.6,9.6,Fair,0,PhD,High,5.0,Yes,4.0,3,4.4,No,4,5.9,Library,No,High,6,1,10,Auditory,1.1,96
133514,26,Male,Psychology,2.3,2.7,2.3,Yes,48.0,8.5,Fair,4,Some College,High,6.8,Yes,4.0,4,3.7,No,0,8.0,Cafe,Yes,High,5,2,10,Visual,2.7,100
113163,23,Other,Computer Science,3.902272331378875,5.0,1.0,Yes,53.0,7.8,Fair,4,PhD,High,6.4,No,3.0,7,5.4,No,1,11.2,Quiet Room,No,Low,4,1,10,Kinesthetic,5.8,77
113714,17,Male,Engineering,1.7,1.5,1.4,No,57.6,6.9,Fair,2,Master,Low,6.0,Yes,2.31,6,5.3,No,1,6.5,Dorm,No,Medium,10,4,10,Auditory,9.8,62
167633,16,Other,Psychology,10.7,4.2,0.9,No,70.3,7.2,Good,1,Master,High,8.2,Yes,4.0,3,6.0,No,1,16.0,Dorm,Yes,Low,2,10,5,Kinesthetic,1.1,100
135326,24,Male,Biology,0.4,0.2,2.9,No,66.5,6.4,Fair,3,PhD,Medium,7.1,No,3.85,3,2.8,No,3,5.1,Dorm,Yes,High,5,9,6,Kinesthetic,7.4,96
107292,21,Female,Biology,5.1,0.4,3.5,Yes,86.9,10.0,Good,7,Master,Medium,6.8,No,3.64,5,8.4,No,1,10.2,Cafe,Yes,Medium,9,5,10,Visual,9.3,82
131507,18,Male,Engineering,2.8,1.0,3.7,No,84.1,7.5,Fair,3,Master,Low,9.1,Yes,4.0,7,3.7,No,1,8.9,Dorm,Yes,Low,4,5,10,Visual,6.0,99
156961,20,Male,Arts,3.8,2.6,2.2,No,75.6,7.6,Good,4,High School,Low,6.1,No,4.0,8,6.5,No,0,10.4,Dorm,No,High,7,4,10,Auditory,6.3,100
141840,17,Female,Engineering,3.5,2.8,4.0,Yes,41.2,8.0,Fair,2,PhD,Medium,7.4,Yes,3.56,5,3.3,No,3,10.3,Cafe,No,High,3,6,9,Reading,4.9,78
149600,22,Male,Arts,4.0,1.1,2.6,No,94.3,5.6,Fair,1,Master,Low,8.2,Yes,3.31,7,6.2,No,5,8.6,Cafe,Yes,Low,7,1,10,Auditory,8.0,85
130605,23,Female,Business,3.3,3.5,1.8,No,70.2,7.6,Good,4,Bachelor,Low,9.6,Yes,3.46,4,5.2,No,1,9.4,Library,Yes,High,1,6,9,Reading,5.7,80
153032,22,Female,Arts,2.9,3.8,2.3,No,47.3,7.1,Poor,1,Some College,Low,6.5,No,3.41,8,2.8,No,4,10.6,Cafe,No,High,5,4,10,Reading,6.4,87
163441,25,Other,Arts,2.7,4.2,0.3,No,48.3,8.3,Fair,2,Master,High,8.0,Yes,3.98,7,2.7,No,4,8.2,Quiet Room,Yes,Medium,6,4,10,Reading,9.7,93
123320,22,Female,Business,5.1,1.4,2.9,Yes,74.7,4.7,Good,2,Some College,Low,7.8,No,4.0,5,4.2,No,2,10.3,Cafe,No,Low,3,8,7,Auditory,4.8,98
166314,22,Other,Engineering,2.2,2.9,1.8,No,65.3,8.6,Good,3,Some College,High,8.4,Yes,4.0,2,1.0,No,4,8.2,Co-Learning Group,Yes,Low,10,7,8,Visual,7.9,100
157096,28,Female,Computer Science,0.6511107364324022,4.4,1.9,No,84.7,7.3,Fair,1,Master,Low,6.7,Yes,3.93,5,4.4,No,2,7.4,Co-Learning Group,No,High,2,5,10,Visual,1.2,97
155006,21,Female,Biology,3.9,0.3,1.2,Yes,65.5,6.9,Good,6,PhD,Medium,8.6,Yes,3.68,2,3.5,No,0,6.1,Cafe,Yes,Low,2,2,10,Auditory,8.0,94
116318,21,Female,Business,1.5,3.7,3.4,Yes,46.7,7.3,Good,5,Bachelor,High,10.0,Yes,3.75,7,5.4,No,3,10.2,Co-Learning Group,Yes,Medium,5,1,10,Kinesthetic,8.6,88
152301,16,Male,Psychology,5.3,0.7,1.4,No,83.6,9.0,Poor,6,Master,Low,4.8,No,4.0,4,6.2,No,1,8.5,Cafe,Yes,High,7,6,9,Reading,9.1,97
178052,24,Other,Engineering,5.5,0.7,1.3,Yes,46.9,6.5,Fair,2,High School,Medium,6.7,No,4.0,6,8.1,No,2,9.1,Library,No,Medium,4,10,5,Visual,2.7,100
152417,26,Male,Arts,3.9,3.7,0.4,Yes,42.3,6.2,Fair,3,Master,High,6.3,No,4.0,4,1.1,No,4,9.1,Dorm,No,High,1,3,10,Kinesthetic,5.8,100
147934,24,Male,Biology,2.9,0.2,0.4,Yes,54.4,4.6,Good,7,PhD,Low,5.5,No,3.76,7,7.3,No,1,4.3,Quiet Room,Yes,High,4,2,10,Kinesthetic,1.1,93
155941,17,Male,Computer Science,7.247352134680501,0.5,2.4,Yes,98.2,9.0,Fair,0,Master,Low,6.5,No,4.0,3,4.9,No,3,10.4,Cafe,No,Low,2,5,10,Auditory,7.6,97
142162,20,Male,Business,2.2,2.2,0.6,No,67.7,10.6,Good,2,PhD,Low,7.8,No,3.43,7,1.8,No,0,6.6,Cafe,Yes,Low,4,9,6,Reading,6.4,76
146430,20,Male,Business,5.0,0.6,0.5,Yes,53.0,7.8,Good,5,Bachelor,High,3.5,Yes,3.94,6,4.4,No,3,7.3,Quiet Room,No,High,7,4,10,Auditory,6.4,96
132617,21,Other,Arts,4.0,0.8,2.2,No,72.9,6.0,Good,2,PhD,High,7.800000000000001,Yes,2.11,2,7.8,No,0,8.6,Dorm,No,High,3,3,10,Visual,7.5,52
122416,19,Male,Arts,3.6,4.5,0.0,Yes,74.1,7.9,Fair,0,PhD,Medium,10.0,Yes,4.0,1,7.0,No,3,8.4,Library,No,Low,5,4,10,Reading,8.8,95
146108,21,Male,Psychology,4.5,1.5,1.7,Yes,78.7,6.1,Good,7,PhD,High,6.5,Yes,3.77,1,3.0,No,2,8.8,Cafe,Yes,High,1,9,6,Auditory,1.1,96
133289,23,Other,Biology,3.1,2.0,2.1,Yes,55.3,9.4,Fair,7,Master,High,7.0,No,2.9,4,5.4,No,1,8.2,Dorm,Yes,High,2,4,10,Reading,9.0,74
171019,24,Other,Engineering,5.1,2.3,1.4,No,78.3,5.3,Poor,4,High School,Medium,3.5,Yes,2.95,5,5.3,No,0,10.7,Cafe,No,Low,1,4,10,Visual,7.3,77
113466,28,Other,Computer Science,2.425361337322762,4.5,1.5,No,70.0,6.7,Poor,3,PhD,Low,8.9,Yes,3.84,5,6.1,No,3,8.9,Cafe,Yes,Low,7,3,10,Visual,4.0,94
106671,20,Male,Computer Science,6.373186393007703,4.2,3.3,Yes,65.4,6.0,Good,5,PhD,Low,4.5,Yes,3.86,3,8.4,No,4,15.4,Dorm,No,Low,2,4,10,Reading,1.9,100
161663,22,Male,Psychology,0.0,3.1,3.0,Yes,87.3,7.3,Good,3,Some College,Medium,7.800000000000001,Yes,4.0,6,8.3,No,4,6.2,Dorm,Yes,Medium,10,10,5,Auditory,4.4,100
106988,24,Female,Arts,2.9,4.9,0.5,Yes,68.4,8.0,Fair,1,PhD,Medium,6.9,No,3.41,7,5.6,No,3,9.1,Co-Learning Group,No,Low,7,3,10,Kinesthetic,8.6,85
150119,23,Other,Computer Science,6.746231922085339,0.7,4.0,No,52.2,7.0,Poor,6,High School,Medium,8.0,Yes,4.0,1,4.4,No,3,12.0,Co-Learning Group,Yes,High,10,10,5,Auditory,8.1,100
174783,22,Male,Psychology,4.5,2.3,2.2,No,42.0,8.2,Good,7,High School,Low,4.6,No,2.79,8,5.4,No,3,9.1,Cafe,No,High,2,3,10,Kinesthetic,9.3,66
128052,16,Male,Business,1.9,1.1,4.0,No,53.8,6.4,Fair,3,Some College,Low,5.1,No,2.51,4,7.5,No,3,7.4,Cafe,Yes,High,9,1,10,Reading,5.1,59
103361,24,Male,Computer Science,5.627401250207032,4.2,2.4,No,47.7,4.0,Poor,3,Master,Low,6.1,Yes,3.29,2,6.9,No,3,12.4,Library,No,Low,10,7,8,Kinesthetic,1.3,83
108221,19,Other,Arts,4.3,2.1,3.3,Yes,87.1,7.7,Fair,5,Master,Medium,10.0,Yes,4.0,1,3.7,No,2,10.3,Co-Learning Group,Yes,High,2,7,8,Auditory,9.2,100
135500,21,Female,Psychology,2.4,2.9,1.2,Yes,67.9,6.3,Poor,6,PhD,Low,8.9,Yes,4.0,5,2.6,No,4,8.1,Quiet Room,Yes,High,7,10,5,Auditory,2.4,100
138761,18,Female,Biology,6.4,4.8,2.9,No,72.3,8.0,Fair,7,Master,Low,7.0,No,4.0,5,6.0,No,0,14.3,Cafe,Yes,Medium,2,4,10,Visual,6.6,100
105548,17,Other,Computer Science,8.4529831579197,4.9,2.1,No,81.3,7.4,Fair,0,PhD,Low,10.0,No,4.0,2,6.5,No,3,15.9,Co-Learning Group,No,Medium,3,5,10,Auditory,7.0,94
173731,22,Female,Psychology,3.4,1.1,1.5,No,88.0,4.6,Fair,2,Bachelor,Low,6.9,Yes,3.12,5,1.0,No,4,6.6,Co-Learning Group,No,High,6,10,5,Visual,8.5,78
135605,25,Male,Computer Science,5.970422889855028,1.8,1.4,Yes,44.9,5.2,Fair,2,PhD,Medium,8.4,Yes,4.0,5,5.1,No,1,10.2,Cafe,No,High,9,9,6,Kinesthetic,2.7,100
117663,24,Male,Psychology,3.7,4.6,2.6,Yes,93.4,7.6,Good,7,High School,Medium,6.1,No,4.0,8,3.4,No,0,12.2,Cafe,No,Low,6,7,8,Auditory,5.1,99
145312,17,Other,Psychology,5.9,1.1,0.5,No,77.8,7.6,Fair,4,Bachelor,High,7.5,No,4.0,6,4.2,No,3,8.8,Library,No,High,1,4,10,Kinesthetic,1.8,99
143111,20,Male,Arts,2.4,0.8,1.7,Yes,93.2,7.8,Good,7,High School,High,9.9,Yes,3.97,6,4.7,No,4,5.1,Dorm,No,Medium,7,10,5,Kinesthetic,5.9,100
151200,23,Male,Biology,2.3,3.6,3.9,Yes,44.1,9.1,Fair,3,Master,High,5.8,No,3.03,6,7.7,No,0,10.8,Co-Learning Group,Yes,Medium,9,7,8,Reading,2.9,85
136125,21,Male,Arts,7.2,2.1,1.0,No,67.9,7.9,Good,6,Master,Medium,7.9,No,3.67,2,6.4,No,5,12.2,Co-Learning Group,No,Low,8,4,10,Kinesthetic,4.5,94
145260,22,Other,Psychology,7.2,4.0,1.0,Yes,94.6,9.6,Fair,5,Some College,Medium,7.1,No,4.0,1,6.7,No,4,13.5,Co-Learning Group,Yes,Medium,1,4,10,Reading,7.3,100
112756,17,Male,Engineering,2.0,1.1,3.1,Yes,71.2,5.1,Poor,1,Master,Medium,3.8,No,2.72,1,5.8,No,5,7.9,Cafe,No,High,9,6,9,Auditory,3.9,65
158852,21,Male,Computer Science,6.267075809629722,1.3,2.4,Yes,54.6,6.3,Good,6,Bachelor,High,9.7,No,4.0,1,5.8,No,0,10.9,Dorm,Yes,High,7,10,5,Kinesthetic,6.1,100
162282,16,Female,Psychology,6.9,2.9,2.0,Yes,95.9,7.3,Fair,5,Bachelor,Medium,7.0,No,4.0,4,5.9,No,1,13.3,Library,Yes,Low,9,1,10,Kinesthetic,1.1,91
172399,24,Female,Psychology,3.2,1.8,2.7,Yes,82.2,7.4,Poor,7,High School,Medium,9.4,Yes,3.89,7,2.4,No,2,8.7,Cafe,No,Low,2,3,10,Visual,6.5,100
163041,19,Other,Computer Science,8.449141575216288,1.1,0.9,Yes,54.8,9.2,Fair,1,Bachelor,High,6.9,Yes,4.0,2,4.0,No,1,11.9,Co-Learning Group,No,Low,9,5,10,Auditory,7.6,96
102490,18,Male,Psychology,2.6,1.1,4.0,No,69.8,5.7,Good,0,Some College,High,7.2,Yes,2.88,4,5.6,No,1,8.5,Library,No,Low,7,3,10,Reading,5.5,79
136992,28,Male,Arts,1.2,1.9,3.3,Yes,42.0,7.5,Fair,4,PhD,Medium,6.5,No,3.85,3,6.5,No,0,7.5,Quiet Room,Yes,High,2,3,10,Auditory,3.4,95
153613,26,Other,Arts,2.6,5.0,0.0,Yes,91.0,7.0,Good,5,Master,Medium,9.3,No,3.49,3,6.9,No,5,8.3,Dorm,Yes,Medium,5,8,7,Auditory,7.3,97
153539,26,Female,Engineering,0.9,0.2,3.4,Yes,49.7,6.3,Good,7,Some College,High,3.6,Yes,3.03,5,3.1,No,4,5.9,Co-Learning Group,Yes,Medium,3,2,10,Auditory,1.9,72
173937,19,Other,Business,0.6,2.9,2.4,No,42.4,5.0,Poor,2,Master,Medium,8.5,No,3.96,2,2.7,No,5,6.1,Quiet Room,No,Medium,1,7,8,Auditory,1.0,100
126377,25,Other,Psychology,2.2,1.3,2.4,No,98.6,9.0,Fair,3,Master,High,7.300000000000001,No,3.22,8,8.0,No,3,6.8,Co-Learning Group,No,Low,10,5,10,Kinesthetic,3.5,86
106431,28,Other,Psychology,3.1,3.0,2.9,No,59.6,7.2,Good,7,PhD,High,6.8,Yes,3.04,7,5.5,No,0,10.0,Cafe,Yes,Medium,8,6,9,Visual,9.1,75
158411,24,Male,Engineering,3.1,3.1,2.8,No,65.7,5.0,Good,2,Bachelor,Medium,6.0,No,4.0,8,3.8,No,0,9.2,Co-Learning Group,No,Low,7,4,10,Visual,6.1,100
177361,21,Female,Biology,3.6,0.8,0.7,No,63.2,6.4,Good,2,High School,Low,5.6,No,4.0,1,4.4,No,0,6.8,Library,Yes,Low,5,8,7,Reading,3.7,96
103662,27,Other,Biology,2.1,2.7,3.9,No,99.4,7.9,Poor,6,Bachelor,Medium,3.6,Yes,4.0,1,2.5,No,4,9.9,Cafe,No,Medium,6,5,10,Reading,9.3,95
125613,17,Male,Biology,4.8,4.0,1.4,Yes,88.3,6.4,Fair,4,Some College,High,6.6,Yes,3.09,5,5.2,No,4,10.8,Cafe,No,Medium,3,9,6,Reading,1.1,74
155527,18,Female,Psychology,3.1,0.0,2.4,No,64.7,8.4,Good,7,Bachelor,High,6.4,No,3.44,8,3.4,No,3,7.2,Quiet Room,Yes,High,2,6,9,Reading,8.6,84
154446,17,Male,Psychology,4.2,1.0,1.7,Yes,42.4,4.5,Good,2,Bachelor,Low,6.5,No,3.83,1,6.4,No,2,7.6,Library,Yes,High,1,3,10,Kinesthetic,3.7,100
128538,21,Female,Engineering,4.3,3.0,3.3,Yes,75.1,6.1,Poor,6,Master,High,3.7,Yes,4.0,4,5.8,No,4,12.0,Co-Learning Group,No,High,9,5,10,Visual,8.0,90
164905,20,Female,Engineering,0.9,4.5,0.9,No,46.6,8.5,Fair,3,Master,High,6.6,No,4.0,7,5.6,No,4,7.9,Library,Yes,Medium,10,6,9,Reading,7.8,96
150303,16,Male,Engineering,4.0,1.7,1.7,No,52.5,6.2,Good,0,Some College,Medium,7.2,No,3.76,5,3.2,No,2,9.0,Cafe,No,Low,4,4,10,Reading,8.2,90
152254,27,Female,Engineering,5.3,0.1,2.8,Yes,97.8,6.9,Poor,0,Master,Low,6.8,No,3.6,8,4.1,No,2,8.5,Co-Learning Group,No,Low,2,6,9,Kinesthetic,9.1,88
173000,28,Male,Engineering,6.2,4.3,2.8,Yes,86.1,6.0,Fair,0,Bachelor,Medium,5.0,Yes,3.58,6,8.4,No,3,14.8,Co-Learning Group,No,Low,4,8,7,Visual,2.2,86
171184,20,Male,Engineering,6.0,3.9,2.7,Yes,84.7,5.8,Good,2,High School,High,6.3,Yes,3.25,5,3.2,No,2,14.0,Co-Learning Group,Yes,Low,9,3,10,Reading,4.8,81
129958,18,Female,Arts,0.5,3.2,0.3,No,43.0,5.4,Good,1,Master,Low,6.1,Yes,3.17,6,4.3,No,3,6.0,Co-Learning Group,No,Medium,1,9,6,Kinesthetic,3.1,62
121650,22,Female,Computer Science,1.5067298525977335,1.1,1.6,No,89.5,8.4,Good,1,Bachelor,Medium,7.6,Yes,4.0,3,5.9,No,4,6.0,Library,No,High,1,8,7,Visual,5.4,100
150684,28,Female,Psychology,3.1,1.1,2.1,No,94.3,5.7,Poor,1,Bachelor,Low,6.4,No,3.47,1,3.9,No,5,6.7,Library,No,Medium,8,9,6,Auditory,7.7,78
149141,26,Male,Biology,3.2,4.0,1.6,Yes,64.2,4.0,Good,5,Some College,High,8.2,Yes,3.17,3,1.7,No,3,10.3,Co-Learning Group,No,Medium,7,7,8,Visual,4.2,81
177435,26,Other,Biology,1.4,1.9,3.5,Yes,54.4,6.3,Good,0,Some College,Medium,5.1,Yes,3.07,2,4.7,No,3,7.5,Quiet Room,No,Low,10,9,6,Reading,3.5,82
163134,26,Female,Business,1.5,1.8,0.9,Yes,92.9,7.0,Fair,5,Master,Medium,7.0,No,4.0,2,4.7,No,0,4.7,Co-Learning Group,No,Medium,9,6,9,Auditory,4.0,98
139176,25,Female,Engineering,3.5,0.9,3.3,No,73.9,7.1,Poor,3,PhD,Medium,1.7,Yes,4.0,3,2.6,No,2,9.0,Quiet Room,No,High,9,5,10,Visual,8.5,95
156844,26,Female,Engineering,5.6,1.3,2.1,No,98.8,7.8,Good,6,Master,Low,8.6,No,3.81,8,3.9,No,4,9.3,Cafe,No,High,3,2,10,Reading,1.6,85
169991,18,Male,Psychology,5.8,3.3,3.7,Yes,78.5,6.6,Fair,7,High School,Medium,10.0,No,2.82,5,6.0,No,5,13.3,Dorm,No,Low,3,6,9,Auditory,5.7,75
122490,25,Male,Arts,0.1,3.8,0.3,No,60.9,7.9,Fair,4,Master,High,6.7,Yes,2.69,2,7.9,No,2,5.9,Co-Learning Group,No,Medium,2,6,9,Auditory,3.5,68
130611,21,Male,Psychology,4.9,3.1,1.1,Yes,41.5,8.4,Fair,2,Some College,Low,7.4,Yes,2.71,5,4.8,No,5,9.4,Cafe,No,Medium,3,5,10,Reading,7.2,70
179930,28,Male,Psychology,4.4,1.8,0.3,Yes,82.6,8.3,Fair,4,Master,Medium,3.3,No,4.0,3,4.8,No,4,6.8,Co-Learning Group,Yes,Medium,5,9,6,Auditory,1.5,97
152311,17,Female,Psychology,3.6,0.5,2.0,No,50.9,6.7,Good,5,Master,High,5.2,No,3.31,8,6.3,No,1,6.5,Library,No,Low,1,4,10,Reading,6.6,87
150172,21,Other,Arts,5.3,4.6,0.7,No,65.8,6.9,Fair,2,Master,Low,9.3,No,4.0,3,5.2,No,4,11.3,Co-Learning Group,No,Low,8,4,10,Kinesthetic,8.8,92
130821,19,Other,Psychology,3.4,1.6,3.9,No,55.8,6.0,Good,1,Master,Low,6.9,No,4.0,2,3.8,No,2,9.7,Co-Learning Group,Yes,High,3,9,6,Auditory,1.2,97
142004,21,Other,Computer Science,3.5851806140960862,1.3,0.1,Yes,50.3,4.0,Fair,4,High School,Low,9.5,Yes,4.0,1,3.6,No,4,6.7,Library,No,Low,9,2,10,Auditory,6.8,97
123712,18,Male,Business,2.0,2.7,1.6,No,65.6,8.3,Good,3,High School,Low,9.2,Yes,3.27,4,5.0,No,2,7.9,Co-Learning Group,No,Medium,7,3,10,Reading,5.0,80
177046,20,Female,Business,5.4,2.3,1.6,No,73.1,4.1,Fair,6,Bachelor,High,5.6,No,4.0,1,2.6,No,1,10.0,Cafe,Yes,Low,6,10,5,Visual,1.7,100
100553,19,Female,Psychology,5.6,3.5,3.4,Yes,79.8,7.2,Fair,1,PhD,Medium,7.4,No,3.84,7,5.8,No,1,12.7,Co-Learning Group,Yes,High,10,9,6,Auditory,5.7,86
162366,18,Other,Psychology,2.5,0.1,2.4,No,41.4,7.3,Fair,1,Bachelor,Low,4.8,No,2.77,5,7.2,No,1,5.9,Library,Yes,Low,5,1,10,Auditory,9.8,58
135465,25,Female,Engineering,5.5,4.8,0.9,Yes,65.7,7.4,Poor,7,Bachelor,Medium,7.9,Yes,4.0,8,6.5,No,4,13.1,Quiet Room,No,Medium,6,6,9,Visual,5.1,100
153221,24,Male,Arts,4.8,3.0,2.4,No,98.5,9.5,Fair,5,High School,Medium,8.8,No,4.0,4,5.6,No,2,11.6,Library,No,Low,3,3,10,Kinesthetic,5.3,100
129870,19,Other,Biology,5.2,4.9,1.0,No,93.7,6.8,Poor,7,Master,Medium,7.3,No,3.93,3,2.8,No,0,11.5,Library,No,Low,2,2,10,Auditory,6.4,99
127099,28,Female,Arts,2.9,4.7,0.1,Yes,48.9,8.1,Good,0,Bachelor,Medium,3.9,No,4.0,5,5.7,No,1,8.2,Quiet Room,Yes,Low,4,6,9,Kinesthetic,7.4,100
138548,18,Male,Business,6.7,3.9,2.3,Yes,47.4,8.9,Poor,7,Some College,High,7.5,No,4.0,1,3.8,No,3,13.4,Quiet Room,No,Low,8,1,10,Reading,6.0,94
156132,25,Female,Arts,4.8,0.7,2.4,No,89.5,7.8,Fair,1,High School,Medium,4.0,No,3.94,3,2.5,No,3,8.6,Cafe,Yes,Medium,6,8,7,Auditory,8.0,93
173520,23,Female,Computer Science,1.649129300368436,3.1,3.9,Yes,99.3,7.6,Good,1,High School,Low,10.0,No,4.0,6,6.2,No,2,8.9,Cafe,Yes,High,10,9,6,Reading,3.0,100
163252,17,Male,Computer Science,2.18103469860477,2.4,3.1,No,72.9,7.7,Good,0,Some College,High,10.0,Yes,3.33,3,5.5,No,5,8.1,Quiet Room,No,Medium,2,7,8,Reading,9.4,74
140368,27,Female,Business,2.1,2.0,1.4,No,57.1,7.5,Good,2,Master,Medium,8.6,Yes,4.0,6,5.2,No,0,6.8,Quiet Room,No,High,3,8,7,Reading,7.2,100
141664,17,Male,Biology,3.3,4.0,1.6,Yes,95.1,6.3,Fair,6,Some College,High,8.0,No,3.76,5,3.7,No,2,9.1,Library,No,High,4,8,7,Auditory,8.5,99
147859,22,Male,Engineering,5.3,0.3,3.4,Yes,57.3,5.2,Poor,4,Bachelor,High,4.2,Yes,4.0,4,5.1,No,3,10.5,Cafe,No,Medium,2,4,10,Reading,4.2,100
170980,26,Male,Computer Science,4.842944014083916,1.0,0.7,No,89.5,6.2,Good,7,PhD,Medium,5.9,No,4.0,4,1.0,No,3,6.8,Quiet Room,Yes,Medium,3,6,9,Reading,9.3,94
119294,27,Female,Psychology,0.7,3.6,1.7,Yes,55.9,6.6,Fair,3,PhD,Medium,7.6,No,3.3,4,4.8,No,1,6.0,Dorm,No,Medium,6,10,5,Visual,7.2,84
100925,23,Female,Arts,6.1,4.2,2.2,Yes,61.8,7.7,Good,3,Master,Medium,8.3,Yes,3.15,3,6.4,No,3,12.5,Library,No,Low,6,1,10,Kinesthetic,3.1,80
166418,16,Male,Psychology,4.1,3.1,1.7,No,89.5,8.6,Good,0,PhD,Medium,6.6,No,4.0,8,5.8,No,5,10.0,Library,No,High,6,7,8,Reading,3.0,95
179842,20,Other,Engineering,3.2,0.2,1.6,Yes,93.4,5.9,Good,0,PhD,Low,10.0,No,3.29,1,3.8,No,1,5.7,Co-Learning Group,No,High,10,5,10,Auditory,4.1,76
176009,18,Male,Computer Science,7.703847714958488,3.8,2.6,No,75.8,6.7,Good,5,High School,Low,7.3,Yes,4.0,8,5.3,No,3,14.7,Library,No,Low,4,1,10,Visual,7.8,93
174373,18,Male,Engineering,3.3,3.2,2.3,No,63.3,8.0,Fair,1,Bachelor,Medium,8.1,No,3.03,6,4.3,No,0,10.6,Cafe,No,High,7,10,5,Visual,5.9,71
156650,24,Other,Engineering,2.2,1.5,0.6,Yes,40.4,8.7,Good,2,Bachelor,High,5.3,Yes,2.62,2,2.1,No,4,5.5,Dorm,Yes,Medium,1,4,10,Reading,8.8,71
158986,25,Female,Psychology,5.8,5.0,2.2,Yes,52.3,5.3,Good,6,Master,High,6.2,No,4.0,1,3.0,No,3,14.8,Dorm,No,Medium,4,8,7,Visual,8.9,100
103122,25,Other,Arts,4.4,3.1,2.2,Yes,56.3,7.0,Good,3,PhD,High,8.1,No,2.91,6,3.6,No,3,11.0,Library,Yes,Medium,1,2,10,Visual,3.9,71
149527,21,Female,Engineering,4.4,4.9,3.6,Yes,43.5,7.1,Poor,5,Bachelor,Low,8.5,Yes,4.0,7,3.2,No,1,14.5,Cafe,No,Medium,3,9,6,Reading,3.9,100
127758,26,Female,Engineering,6.4,0.9,2.6,No,73.9,5.3,Good,3,Master,High,7.7,No,4.0,3,4.3,No,5,11.1,Co-Learning Group,No,High,4,5,10,Auditory,6.7,90
129246,25,Female,Business,3.0,4.4,1.6,No,56.0,7.3,Good,2,Bachelor,Low,9.2,Yes,4.0,2,3.9,No,4,10.5,Dorm,Yes,Medium,4,10,5,Visual,8.4,100
179139,23,Male,Arts,4.8,3.6,1.0,Yes,63.6,5.6,Good,3,Master,Low,6.8,Yes,3.0,5,2.4,No,4,9.7,Quiet Room,No,Medium,5,3,10,Kinesthetic,8.4,71
131208,17,Other,Psychology,2.6,4.1,1.4,No,64.3,7.2,Good,2,High School,High,8.7,Yes,3.99,1,1.0,No,0,8.1,Dorm,Yes,Medium,5,7,8,Kinesthetic,6.3,99
159636,17,Other,Engineering,2.9,0.7,1.1,No,81.3,10.1,Good,4,Master,High,8.8,Yes,3.18,2,6.1,No,1,6.5,Dorm,No,Medium,4,4,10,Auditory,6.2,84
130555,22,Female,Biology,4.2,1.9,0.2,No,66.1,6.1,Fair,4,Some College,Medium,8.0,No,2.92,1,4.5,No,5,7.0,Dorm,Yes,Low,1,2,10,Auditory,3.9,67
111974,21,Female,Psychology,0.0,0.7,0.9,No,78.2,6.4,Fair,7,PhD,Medium,6.5,No,3.58,2,1.0,No,4,3.1,Cafe,No,Low,4,10,5,Visual,6.0,90
141452,21,Other,Engineering,0.0,3.7,2.4,No,81.2,7.0,Good,7,PhD,High,7.6,No,3.99,4,6.5,No,0,6.3,Library,No,Low,9,6,9,Kinesthetic,6.0,100
178755,23,Female,Computer Science,7.683899780761443,4.3,3.0,No,45.5,6.2,Fair,2,PhD,Medium,7.8,No,3.25,7,5.1,No,0,15.3,Cafe,Yes,Medium,6,7,8,Auditory,9.6,78
170569,17,Other,Psychology,6.3,0.4,0.6,Yes,41.9,4.9,Good,7,Bachelor,Low,8.8,No,3.51,4,5.2,No,0,7.7,Co-Learning Group,No,Low,6,10,5,Kinesthetic,5.2,91
110321,19,Female,Computer Science,5.887703604261603,3.9,2.2,Yes,66.8,5.2,Poor,7,Some College,Medium,9.3,Yes,4.0,1,1.0,No,1,12.9,Quiet Room,No,Low,4,9,6,Visual,1.1,97
137588,23,Other,Computer Science,5.768206976071953,3.0,0.1,No,85.2,8.5,Fair,7,PhD,Medium,7.1,No,4.0,3,10.0,No,1,10.7,Library,Yes,Low,8,9,6,Visual,1.8,99
110096,16,Female,Engineering,4.4,3.3,3.1,No,70.5,7.8,Fair,2,High School,High,7.8,Yes,4.0,3,1.1,No,2,11.8,Co-Learning Group,No,High,7,9,6,Reading,8.7,100
133435,19,Other,Engineering,3.8,4.9,3.9,Yes,84.5,6.2,Poor,0,Bachelor,High,8.3,Yes,4.0,1,1.8,No,4,12.7,Co-Learning Group,Yes,Low,10,3,10,Visual,5.7,98
150440,20,Female,Engineering,2.1,1.6,1.8,Yes,55.2,4.3,Good,1,PhD,Medium,7.1,No,4.0,5,3.7,No,1,7.0,Co-Learning Group,Yes,High,9,9,6,Visual,5.4,100
162165,20,Male,Computer Science,3.346413489213902,4.3,0.6,Yes,50.7,7.1,Fair,6,High School,Medium,9.7,No,4.0,6,5.1,No,5,8.8,Quiet Room,No,Medium,10,3,10,Kinesthetic,4.9,100
105255,21,Male,Computer Science,7.974752102732872,3.8,0.3,Yes,71.1,9.2,Poor,3,PhD,Low,6.4,Yes,4.0,8,6.9,No,1,13.6,Quiet Room,Yes,Low,5,4,10,Reading,4.6,100
138162,18,Male,Psychology,3.9,1.8,3.1,No,68.2,5.9,Fair,3,PhD,High,5.1,No,3.84,6,4.1,No,0,10.5,Quiet Room,Yes,High,1,7,8,Kinesthetic,7.3,100
114828,25,Other,Arts,3.0,2.4,2.5,Yes,95.6,5.8,Good,2,Master,Medium,7.6,No,3.0,3,4.3,No,4,9.1,Cafe,No,High,4,7,8,Kinesthetic,8.2,73
176017,24,Other,Business,5.3,2.4,1.7,Yes,51.0,8.5,Good,5,PhD,High,5.3,Yes,3.99,5,4.8,No,1,9.4,Dorm,No,Low,1,9,6,Kinesthetic,2.7,100
142146,16,Male,Business,1.2,4.6,1.1,Yes,99.3,6.4,Good,7,High School,Medium,4.6,No,4.0,8,3.1,No,4,7.2,Dorm,Yes,Low,3,9,6,Visual,3.5,99
133607,28,Female,Computer Science,5.2609071331427,0.4,0.5,No,66.0,6.2,Fair,2,Bachelor,High,9.2,Yes,3.59,2,7.9,No,1,6.4,Library,Yes,Medium,4,6,9,Kinesthetic,1.1,87
154939,17,Other,Business,2.4,3.8,3.1,No,54.9,6.0,Good,5,Some College,Medium,5.0,No,4.0,5,7.4,No,4,9.4,Cafe,No,Medium,1,8,7,Reading,2.9,96
173682,18,Other,Business,0.0,1.7,3.3,No,53.1,9.9,Fair,1,Bachelor,High,8.6,No,4.0,7,3.8,No,2,6.2,Cafe,No,Medium,6,7,8,Visual,9.5,100
149124,28,Other,Engineering,3.2,4.9,2.4,Yes,43.9,4.5,Poor,0,High School,High,5.4,Yes,3.42,1,4.9,No,5,11.9,Dorm,No,Low,6,9,6,Visual,1.2,87
165340,20,Female,Business,5.8,4.5,2.2,Yes,72.2,7.3,Good,4,High School,Low,2.3,No,4.0,2,6.9,No,3,14.3,Library,Yes,High,5,8,7,Kinesthetic,3.9,92
149708,17,Other,Computer Science,4.545718303302257,3.2,1.5,Yes,42.9,5.8,Poor,3,PhD,Low,8.0,No,4.0,3,4.1,No,4,10.5,Cafe,Yes,High,7,7,8,Visual,8.4,100
124351,20,Male,Computer Science,6.735269804462218,1.8,1.8,No,82.1,6.0,Good,7,Master,Medium,6.1,No,4.0,8,1.7,No,4,12.1,Library,Yes,Low,3,1,10,Kinesthetic,7.5,99
121023,28,Female,Biology,3.4,3.2,1.5,No,75.8,4.8,Good,1,Master,Medium,7.7,No,3.35,4,5.6,No,4,9.6,Co-Learning Group,Yes,Low,10,9,6,Auditory,5.6,85
101478,28,Female,Engineering,2.6,2.9,2.2,No,67.3,8.0,Poor,3,Some College,High,6.4,No,4.0,3,3.6,No,2,9.5,Quiet Room,Yes,Medium,10,4,10,Kinesthetic,8.9,100
175189,24,Other,Engineering,5.6,2.2,3.7,Yes,76.4,6.8,Poor,1,Bachelor,High,6.1,Yes,3.85,1,5.6,No,3,11.8,Co-Learning Group,No,High,1,1,10,Kinesthetic,6.6,100
113896,18,Male,Business,4.6,4.0,2.1,No,63.7,7.9,Poor,6,Some College,Low,6.9,Yes,3.78,4,2.6,No,1,12.2,Dorm,No,Medium,5,8,7,Visual,8.7,94
123343,19,Male,Business,4.7,3.0,4.0,No,75.6,4.3,Fair,2,PhD,Low,3.2,Yes,2.18,2,7.5,No,3,13.3,Dorm,No,Low,10,2,10,Visual,5.3,56
107076,25,Female,Psychology,0.0,3.9,2.9,No,43.9,7.4,Poor,6,Some College,Low,10.0,Yes,3.92,2,5.1,No,5,8.0,Quiet Room,Yes,Low,3,2,10,Kinesthetic,4.0,95
160445,19,Other,Biology,7.3,3.5,3.6,Yes,51.5,6.5,Fair,7,Bachelor,High,3.5,No,4.0,8,3.8,No,3,16.1,Library,No,Medium,4,8,7,Auditory,2.8,100
120563,19,Male,Biology,2.4,2.1,2.3,Yes,91.1,6.9,Fair,1,PhD,High,8.4,No,3.12,3,3.2,No,3,7.7,Dorm,Yes,Medium,1,10,5,Auditory,2.8,77
101767,21,Female,Arts,5.3,5.0,0.8,No,52.1,8.4,Good,2,High School,High,9.2,Yes,3.24,7,4.1,No,3,11.2,Co-Learning Group,No,High,8,1,10,Auditory,1.8,82
172098,24,Female,Biology,5.3,1.2,1.1,Yes,53.8,7.6,Good,5,Some College,Medium,4.1,No,3.91,2,6.4,No,5,9.6,Library,No,High,8,10,5,Auditory,3.7,100
141384,27,Other,Psychology,1.7,3.9,0.2,Yes,73.5,6.0,Poor,2,PhD,High,7.5,Yes,2.88,4,3.2,No,0,6.1,Cafe,No,Low,8,4,10,Auditory,2.2,78
108531,26,Male,Computer Science,5.468735200518514,3.9,2.6,Yes,62.8,6.3,Fair,0,High School,High,3.6,No,2.86,7,9.8,No,1,13.5,Co-Learning Group,Yes,Low,9,4,10,Reading,1.8,73
159649,28,Other,Arts,4.7,2.7,3.1,No,77.9,5.6,Good,2,Master,Low,5.0,Yes,3.29,3,3.7,No,3,12.5,Library,Yes,Medium,10,4,10,Auditory,9.8,95
179201,28,Female,Business,1.2,4.9,1.3,No,90.5,5.8,Fair,4,Bachelor,Low,7.0,No,4.0,6,1.0,No,2,7.7,Library,No,Medium,8,4,10,Auditory,7.1,100
150768,27,Male,Biology,5.7,3.1,1.9,No,54.7,8.0,Good,5,High School,Low,7.9,No,4.0,1,6.0,No,3,12.2,Quiet Room,No,Low,7,3,10,Auditory,6.8,95
103970,18,Male,Psychology,6.4,0.6,0.1,Yes,43.7,5.7,Good,3,Bachelor,High,4.1,Yes,4.0,2,7.7,No,4,8.2,Dorm,Yes,Medium,4,4,10,Auditory,7.3,100
151732,20,Other,Computer Science,0.3893124860457115,3.5,0.5,No,85.9,6.8,Good,5,Some College,Low,6.9,No,2.6,8,1.7,No,0,4.4,Dorm,No,Low,10,6,9,Visual,4.7,57
139607,20,Male,Biology,5.1,3.9,0.4,No,58.5,8.5,Fair,1,Bachelor,Low,7.699999999999999,Yes,4.0,7,7.2,No,3,10.5,Quiet Room,Yes,Low,9,10,5,Auditory,2.5,100
175989,18,Female,Biology,5.2,2.3,0.5,Yes,54.0,6.6,Fair,4,PhD,High,7.7,Yes,3.81,7,3.6,No,1,8.5,Cafe,Yes,Low,2,5,10,Auditory,2.5,94
131531,27,Female,Biology,4.9,4.3,0.7,No,59.8,7.0,Good,1,High School,Low,6.5,Yes,4.0,1,1.0,No,1,9.9,Dorm,Yes,High,7,4,10,Auditory,9.0,100
131400,19,Male,Biology,2.6,4.9,0.0,No,42.8,7.7,Poor,2,PhD,Medium,7.4,Yes,3.85,1,3.5,No,0,8.3,Cafe,No,Low,9,4,10,Reading,5.0,99
162306,16,Male,Psychology,3.3,3.8,2.7,Yes,80.2,5.6,Good,7,PhD,High,9.7,Yes,3.67,7,3.5,No,1,10.7,Dorm,Yes,Medium,3,1,10,Kinesthetic,5.0,96
119839,18,Male,Psychology,2.4,4.6,2.8,No,72.0,6.8,Good,2,Some College,High,2.6,No,4.0,3,4.6,No,2,10.9,Library,Yes,Medium,6,3,10,Visual,6.9,100
161582,24,Other,Engineering,1.3,4.4,2.7,Yes,54.4,7.4,Good,6,Some College,Low,6.9,Yes,2.85,2,6.2,No,3,9.6,Co-Learning Group,Yes,Low,5,7,8,Kinesthetic,3.2,64
145378,21,Female,Business,3.2,2.4,1.5,Yes,52.5,9.6,Good,0,Master,High,7.6,Yes,4.0,4,2.4,No,1,8.1,Dorm,Yes,Medium,2,10,5,Kinesthetic,2.3,100
138077,23,Male,Psychology,7.6,4.1,1.7,No,89.1,7.6,Poor,5,High School,Low,8.9,No,4.0,1,7.6,No,2,14.8,Co-Learning Group,Yes,High,2,2,10,Kinesthetic,9.6,95
138171,27,Other,Business,3.2,1.1,0.4,No,77.8,6.1,Fair,7,PhD,Low,7.1,No,3.08,1,4.5,No,3,5.4,Cafe,Yes,Low,6,2,10,Visual,8.9,79
133899,24,Female,Business,5.0,3.2,0.8,No,65.0,8.6,Fair,5,Master,High,9.8,Yes,3.28,8,4.6,No,1,10.8,Quiet Room,Yes,Low,6,5,10,Kinesthetic,1.6,78
178360,27,Other,Business,0.5,2.1,3.8,No,92.8,4.0,Poor,2,PhD,Low,2.2,Yes,3.82,1,1.8,No,1,7.3,Library,Yes,Low,5,3,10,Kinesthetic,7.6,87
173899,18,Other,Psychology,4.6,1.1,1.7,No,40.6,7.3,Good,5,Bachelor,High,9.5,No,3.19,1,4.6,No,5,9.0,Dorm,No,Medium,1,7,8,Kinesthetic,6.0,81
154571,24,Female,Computer Science,4.065421408998555,1.3,3.3,No,74.2,6.7,Good,1,Master,High,10.0,No,4.0,8,1.6,No,4,10.5,Library,Yes,Medium,5,6,9,Visual,7.7,94
165506,28,Other,Arts,8.4,3.3,1.8,No,94.5,6.9,Good,7,High School,Low,10.0,No,4.0,4,4.7,No,0,15.2,Quiet Room,Yes,Low,6,6,9,Visual,7.2,99
141017,19,Other,Computer Science,2.3530617505330005,2.7,3.2,Yes,70.7,8.7,Poor,0,Master,Medium,8.9,No,2.91,1,3.3,No,4,9.4,Co-Learning Group,No,High,3,5,10,Kinesthetic,9.5,72
140987,24,Other,Arts,4.0,0.2,4.0,Yes,75.5,9.0,Good,0,Master,Medium,8.7,Yes,3.96,4,3.6,No,4,8.4,Cafe,No,High,3,2,10,Kinesthetic,8.7,99
146669,24,Male,Business,4.1,0.8,3.0,Yes,63.6,8.7,Good,4,High School,Medium,9.7,Yes,4.0,3,4.2,No,3,8.3,Library,No,Medium,2,9,6,Auditory,6.1,92
148217,25,Male,Biology,5.5,0.1,3.6,No,45.3,5.4,Good,1,PhD,High,6.1,Yes,2.66,2,6.2,No,4,9.4,Dorm,No,Low,8,2,10,Kinesthetic,9.9,64
121491,16,Female,Biology,2.3,0.8,3.0,No,66.4,6.0,Good,5,High School,Medium,5.6,No,3.18,7,3.9,No,2,6.7,Cafe,Yes,Medium,7,1,10,Visual,4.3,77
111625,23,Female,Arts,5.2,1.6,3.1,No,54.8,6.9,Poor,3,Master,Low,6.9,No,4.0,4,5.7,No,4,10.3,Quiet Room,Yes,Medium,10,7,8,Kinesthetic,1.9,98
103102,20,Male,Biology,2.0,0.6,0.0,Yes,95.9,6.2,Poor,4,Bachelor,Low,8.2,No,3.08,2,7.1,No,0,2.9,Dorm,Yes,Low,2,7,8,Visual,8.0,73
168631,20,Male,Arts,3.4,2.4,4.0,No,72.6,6.9,Poor,4,Master,High,4.4,No,3.17,7,7.6,No,1,11.3,Quiet Room,No,Low,9,2,10,Kinesthetic,2.5,83
108938,21,Other,Psychology,3.5,0.9,0.6,No,49.6,6.1,Good,6,PhD,High,7.0,Yes,3.18,7,6.0,No,1,6.9,Library,Yes,High,3,5,10,Auditory,2.3,86
176028,16,Other,Engineering,6.6,4.4,2.5,No,42.9,5.6,Poor,6,Some College,Low,3.6,Yes,4.0,5,8.3,No,4,14.2,Cafe,No,Medium,3,5,10,Reading,4.5,100
132218,25,Male,Biology,4.3,0.9,1.5,No,64.4,4.9,Poor,0,Bachelor,Medium,6.1,No,4.0,4,6.0,No,0,7.3,Library,No,High,7,3,10,Visual,7.3,100
123409,19,Other,Arts,3.5,2.9,2.3,No,79.4,8.3,Good,1,Master,Medium,5.2,No,3.24,4,3.6,No,4,10.4,Quiet Room,Yes,Medium,2,5,10,Kinesthetic,2.8,85
144457,17,Male,Business,3.5,1.7,3.8,Yes,58.7,8.6,Good,6,PhD,Low,7.6,Yes,3.1,6,6.5,No,3,9.1,Quiet Room,No,Low,8,7,8,Kinesthetic,6.2,77
144522,18,Other,Arts,3.5,2.5,0.2,No,66.2,5.3,Fair,5,Some College,High,7.1,No,2.91,8,5.6,No,5,8.1,Co-Learning Group,No,Low,2,5,10,Reading,7.9,75
165782,24,Other,Psychology,1.6,1.4,0.8,No,96.2,5.6,Poor,2,PhD,Low,5.6,Yes,3.08,3,6.8,No,0,5.8,Cafe,No,High,1,2,10,Reading,3.6,78
128858,27,Male,Engineering,2.1,2.4,3.8,Yes,43.2,6.6,Fair,4,Some College,High,5.3,No,2.79,2,2.0,No,3,9.1,Quiet Room,No,High,8,4,10,Kinesthetic,6.3,72
128960,28,Male,Biology,4.5,4.1,0.7,No,47.8,6.5,Poor,3,PhD,High,9.1,Yes,3.15,1,4.4,No,0,11.3,Library,No,Medium,4,8,7,Visual,9.5,82
126215,21,Female,Engineering,3.1,1.4,1.2,No,77.0,6.8,Good,1,High School,Medium,5.4,No,3.34,5,4.1,No,1,6.1,Cafe,Yes,Medium,7,9,6,Kinesthetic,9.6,89
116149,26,Male,Business,4.6,3.4,1.1,Yes,58.8,4.8,Fair,1,High School,Medium,10.0,Yes,3.41,1,1.6,No,4,10.9,Library,No,Low,3,9,6,Visual,8.7,87
170827,27,Male,Psychology,4.1,1.3,1.1,Yes,58.5,6.1,Fair,0,Some College,High,6.6,No,4.0,7,2.8,No,0,6.9,Quiet Room,No,Low,7,3,10,Auditory,4.6,100
145823,18,Female,Business,2.9,0.9,3.5,Yes,41.7,7.9,Good,3,Bachelor,High,4.7,No,4.0,4,4.3,No,0,7.3,Quiet Room,No,High,7,5,10,Reading,9.6,99
106848,22,Other,Biology,6.3,1.4,1.6,Yes,48.7,7.1,Poor,4,Master,High,7.3,Yes,4.0,4,3.4,No,1,11.1,Cafe,No,High,4,6,9,Visual,5.8,100
105445,17,Male,Computer Science,4.144628874627726,0.6,3.5,No,90.9,7.3,Good,2,High School,Medium,6.4,No,4.0,6,6.8,No,5,10.2,Quiet Room,No,Medium,2,6,9,Kinesthetic,5.7,100
148837,27,Male,Computer Science,4.757693443232695,1.3,0.7,No,52.1,6.1,Good,0,Some College,Low,6.4,Yes,4.0,6,7.8,No,0,7.2,Co-Learning Group,Yes,Medium,7,2,10,Kinesthetic,1.9,100
151408,23,Female,Engineering,7.5,4.2,1.6,No,93.7,7.4,Fair,0,Bachelor,High,3.5,Yes,3.61,8,3.8,No,1,14.5,Library,No,High,7,5,10,Kinesthetic,3.8,91
176048,19,Female,Business,5.6,0.4,3.5,Yes,64.5,8.7,Poor,7,Bachelor,Medium,7.6,Yes,4.0,4,1.8,No,2,10.7,Cafe,Yes,Medium,3,4,10,Kinesthetic,8.1,100
155867,25,Female,Psychology,6.4,0.7,2.8,Yes,61.2,5.2,Good,7,PhD,Medium,6.1,No,4.0,3,5.1,No,0,10.6,Library,Yes,Low,1,7,8,Visual,9.0,99
163544,20,Male,Business,5.8,1.7,3.2,Yes,42.9,5.8,Good,1,Some College,Low,5.5,Yes,4.0,8,6.6,No,0,12.4,Dorm,No,High,9,8,7,Visual,2.1,95
116473,18,Other,Biology,5.9,4.8,1.0,Yes,64.9,7.2,Poor,5,Bachelor,Medium,6.4,Yes,4.0,7,6.2,No,4,13.2,Library,No,Medium,3,8,7,Kinesthetic,2.2,99
142669,16,Female,Biology,4.2,4.5,2.4,No,50.9,6.5,Good,5,High School,High,5.9,Yes,3.26,1,5.0,No,1,11.6,Library,No,High,7,2,10,Auditory,6.5,90
164842,20,Other,Engineering,7.8,1.9,1.1,No,95.4,6.7,Fair,3,Some College,Low,6.2,No,3.85,1,2.7,No,4,11.5,Cafe,No,Medium,4,1,10,Visual,6.2,98
167488,16,Other,Engineering,4.6,2.8,1.1,Yes,45.7,5.0,Poor,6,PhD,Medium,10.0,Yes,4.0,8,5.3,No,1,8.8,Library,Yes,Medium,4,7,8,Visual,7.3,100
129825,17,Female,Business,2.0,3.9,1.2,No,77.8,7.6,Fair,4,Some College,Low,7.5,Yes,2.85,3,3.7,No,5,8.3,Dorm,No,Medium,8,10,5,Visual,3.0,74
159278,18,Other,Computer Science,3.815707622712812,0.2,0.3,Yes,95.3,6.8,Fair,0,Master,High,2.5,Yes,3.37,8,5.2,No,0,6.2,Dorm,No,Medium,8,3,10,Reading,4.6,81
104365,20,Male,Computer Science,2.912370403819444,0.8,3.6,Yes,48.0,8.1,Fair,1,PhD,Medium,4.5,Yes,4.0,1,4.5,No,2,8.3,Co-Learning Group,Yes,Medium,4,1,10,Auditory,9.3,95
128050,25,Female,Psychology,5.6,1.1,2.9,No,44.5,8.2,Good,3,Master,High,4.3,Yes,3.89,5,3.7,No,1,10.2,Cafe,Yes,High,5,3,10,Auditory,3.5,94
132691,25,Male,Arts,3.1,0.2,0.6,Yes,60.4,8.9,Good,7,Bachelor,High,5.2,Yes,3.68,3,6.9,No,1,4.6,Library,No,Medium,1,10,5,Visual,5.6,84
103478,25,Female,Engineering,3.9,2.0,1.9,No,92.4,10.4,Good,7,Master,Low,8.4,Yes,4.0,2,3.3,No,0,8.2,Library,No,Low,2,9,6,Visual,3.9,100
151482,22,Male,Computer Science,9.312248842341011,4.3,2.0,No,84.9,6.4,Fair,7,High School,Medium,4.7,No,3.51,7,5.1,No,5,17.4,Cafe,No,High,7,4,10,Visual,10.0,87
135126,19,Male,Computer Science,3.5080406863258213,2.1,3.2,No,81.4,6.1,Good,0,PhD,High,7.7,No,4.0,2,6.6,No,0,9.9,Quiet Room,Yes,Low,6,7,8,Visual,5.9,100
160594,16,Female,Psychology,3.0,4.8,3.1,No,56.3,8.1,Good,4,Some College,Low,6.7,No,4.0,8,2.1,No,3,11.7,Quiet Room,No,High,2,10,5,Auditory,3.1,100
101208,26,Other,Business,0.0,3.3,0.8,Yes,83.2,6.2,Poor,0,PhD,Low,6.9,No,3.89,7,6.1,No,5,6.0,Library,Yes,Medium,7,6,9,Auditory,7.8,97
132754,27,Female,Psychology,3.1,1.8,0.5,No,74.5,4.0,Fair,5,Some College,Medium,8.5,No,4.0,1,2.1,No,3,5.5,Cafe,Yes,Medium,1,5,10,Auditory,4.9,98
171118,17,Other,Biology,6.1,2.8,0.4,No,78.4,6.2,Good,5,Some College,Medium,6.8,Yes,3.3,2,7.3,No,5,11.3,Dorm,No,Low,2,2,10,Visual,5.2,85
149810,21,Male,Computer Science,1.85556522314837,4.9,1.3,Yes,45.7,4.0,Poor,6,High School,Low,4.3,Yes,3.39,7,6.0,No,4,10.0,Cafe,Yes,Low,10,10,5,Visual,6.0,86
137880,17,Male,Arts,2.5,3.6,2.7,No,74.8,8.7,Good,0,High School,Low,5.5,Yes,3.71,7,1.0,No,1,9.0,Library,Yes,Low,9,7,8,Reading,1.5,90
172893,16,Female,Engineering,4.0,0.2,2.2,No,96.2,5.4,Fair,5,PhD,High,6.2,Yes,3.0,5,6.7,No,1,7.1,Library,No,Medium,10,2,10,Visual,10.0,74
173218,18,Male,Engineering,6.6,3.4,0.8,No,56.8,6.5,Good,4,Master,Low,6.5,Yes,4.0,1,4.2,No,1,11.4,Co-Learning Group,No,Low,1,5,10,Reading,7.7,100
172013,22,Other,Computer Science,7.644991015915329,4.6,0.0,Yes,69.3,8.6,Poor,7,Some College,Low,4.1,No,4.0,2,3.0,No,2,14.0,Dorm,No,Medium,4,4,10,Visual,1.1,100
100639,22,Female,Computer Science,4.553036760394782,1.7,1.6,Yes,44.5,9.4,Fair,5,Bachelor,High,7.1,No,3.95,2,6.0,No,1,8.0,Dorm,Yes,Medium,1,1,10,Auditory,9.8,100
115199,24,Other,Biology,4.1,3.8,0.4,No,84.1,4.1,Poor,6,Master,High,4.8,Yes,4.0,8,3.9,No,3,8.7,Library,Yes,Medium,8,10,5,Reading,6.1,98
166690,27,Male,Arts,4.5,2.1,0.7,No,76.3,8.3,Fair,1,Some College,High,8.6,Yes,3.97,6,6.1,No,1,8.9,Dorm,No,Low,5,10,5,Kinesthetic,9.8,92
125898,22,Female,Psychology,5.6,1.3,1.8,Yes,58.8,7.2,Good,1,Master,Low,8.2,Yes,3.52,6,4.2,No,4,9.0,Library,No,Low,5,7,8,Visual,6.8,79
163354,24,Other,Arts,4.4,1.7,0.8,No,77.5,5.7,Good,4,PhD,High,5.5,No,2.57,6,3.7,No,0,7.1,Co-Learning Group,No,Medium,2,2,10,Reading,10.0,71
143482,20,Other,Computer Science,5.260659298003009,3.1,2.3,Yes,85.7,9.1,Fair,2,Master,High,3.9,No,3.04,7,5.9,No,2,12.5,Cafe,Yes,High,2,1,10,Visual,9.3,73
175170,18,Female,Arts,5.5,0.0,3.4,No,81.5,7.8,Poor,7,Bachelor,Medium,7.9,No,3.73,8,5.1,No,0,9.4,Library,Yes,Medium,5,3,10,Visual,9.3,93
108653,21,Male,Psychology,2.9,1.0,2.2,Yes,99.9,4.8,Good,0,Master,Low,8.0,Yes,3.1,2,4.4,No,3,7.2,Cafe,Yes,High,6,7,8,Reading,3.0,74
109108,18,Other,Business,1.2,2.5,2.0,No,69.2,5.8,Good,2,Bachelor,High,7.2,No,2.77,2,4.5,No,4,6.6,Dorm,No,Low,4,3,10,Visual,5.6,78
103096,16,Female,Engineering,1.5,2.5,0.9,Yes,69.2,7.7,Fair,6,Some College,Low,7.8,No,4.0,3,6.1,No,2,6.5,Co-Learning Group,Yes,High,10,7,8,Visual,9.8,100
120939,17,Other,Engineering,4.6,3.3,2.8,No,82.0,8.2,Good,2,High School,High,6.2,Yes,3.15,6,5.7,No,2,12.1,Co-Learning Group,No,High,9,3,10,Visual,8.2,83
116492,26,Other,Arts,3.9,4.8,0.9,Yes,72.1,6.5,Good,1,Bachelor,Medium,9.1,Yes,3.61,8,6.7,No,5,9.6,Quiet Room,No,Low,7,8,7,Kinesthetic,6.6,86
133882,22,Male,Computer Science,7.250931260306461,2.1,2.0,Yes,80.4,7.2,Good,0,Some College,Medium,6.8,Yes,3.94,6,8.3,No,2,12.4,Dorm,No,Medium,9,7,8,Kinesthetic,5.5,89
170258,24,Male,Engineering,2.5,2.4,0.5,No,88.2,7.0,Good,6,Bachelor,Low,7.2,No,2.64,3,3.9,No,4,5.9,Library,Yes,High,4,1,10,Reading,9.7,64
112899,26,Male,Psychology,5.9,1.0,3.8,Yes,69.6,7.2,Good,5,Master,Low,8.9,Yes,3.87,5,4.6,No,1,10.9,Cafe,No,Medium,5,2,10,Kinesthetic,7.3,92
128146,16,Male,Computer Science,3.499142911196066,1.3,0.2,Yes,63.6,8.2,Good,4,PhD,High,5.6,Yes,2.51,4,4.5,No,3,7.0,Dorm,Yes,High,2,1,10,Kinesthetic,4.1,63
148582,19,Female,Engineering,8.5,4.9,3.1,Yes,90.9,6.4,Fair,7,Master,Medium,8.3,Yes,4.0,6,3.3,No,0,17.6,Dorm,Yes,Medium,8,1,10,Reading,7.9,100
110242,19,Other,Engineering,2.0,4.6,2.9,No,50.7,9.5,Fair,2,Bachelor,Medium,6.8,Yes,3.92,5,2.1,No,5,9.7,Dorm,Yes,High,6,7,8,Reading,7.1,96
106571,19,Male,Engineering,1.2,2.8,2.6,Yes,52.5,4.7,Good,7,Some College,Medium,6.5,Yes,3.15,2,5.6,No,1,8.5,Dorm,Yes,Medium,9,6,9,Auditory,4.8,78
164436,23,Other,Arts,5.3,3.4,2.7,Yes,62.2,5.8,Fair,0,Master,Medium,2.9,Yes,3.2,1,7.8,No,1,12.8,Co-Learning Group,Yes,Medium,4,10,5,Auditory,1.9,79
145026,17,Female,Arts,2.1,0.9,0.1,Yes,88.5,10.7,Good,3,Bachelor,Medium,8.2,Yes,3.86,3,1.9,No,1,4.1,Library,No,Low,3,3,10,Kinesthetic,4.0,100
156704,25,Male,Business,7.6,3.7,0.2,No,89.4,8.9,Poor,2,High School,High,5.5,No,4.0,3,3.3,No,3,13.2,Co-Learning Group,Yes,High,7,8,7,Kinesthetic,4.7,100
132839,26,Female,Arts,3.6,4.8,0.6,No,50.7,5.6,Good,7,Bachelor,High,7.0,No,3.44,7,4.5,No,2,9.4,Cafe,Yes,Medium,1,4,10,Kinesthetic,6.1,88
144783,21,Female,Computer Science,4.623054656717919,1.7,3.2,No,69.4,8.2,Good,5,High School,Low,3.1,No,3.91,3,4.9,No,3,11.3,Dorm,Yes,Medium,1,1,10,Auditory,9.5,100
179511,18,Other,Psychology,5.7,3.8,1.9,Yes,95.7,4.2,Good,6,Bachelor,Low,10.0,No,3.31,6,3.3,No,4,11.8,Co-Learning Group,No,High,1,6,9,Kinesthetic,2.4,72
176073,16,Female,Engineering,4.8,1.8,2.0,No,58.7,7.6,Poor,2,Bachelor,Low,6.7,No,3.4,4,5.3,No,3,9.8,Dorm,Yes,High,1,5,10,Kinesthetic,3.6,88
123278,20,Male,Psychology,5.0,4.3,1.7,No,76.7,8.6,Good,4,PhD,Medium,5.3,Yes,4.0,3,6.4,No,3,12.8,Quiet Room,Yes,Medium,10,10,5,Kinesthetic,3.8,100
125237,24,Other,Computer Science,6.046736990639811,0.6,2.3,Yes,93.5,6.3,Poor,1,High School,High,6.7,No,3.11,4,5.5,No,0,10.6,Library,No,High,3,5,10,Kinesthetic,5.8,79
137526,25,Female,Business,8.4,2.2,1.4,Yes,53.2,7.2,Good,0,High School,Medium,6.5,No,4.0,5,4.2,No,2,13.5,Library,No,Low,4,1,10,Visual,7.3,96
107910,23,Male,Biology,5.2,2.6,2.1,Yes,92.3,6.9,Poor,7,High School,Medium,9.6,No,4.0,1,4.2,No,4,11.4,Quiet Room,Yes,Medium,6,2,10,Reading,1.1,97
122084,20,Female,Arts,4.9,3.5,3.2,Yes,71.0,5.4,Good,5,PhD,Medium,5.8,No,4.0,3,5.4,No,4,13.6,Cafe,Yes,Medium,7,7,8,Visual,8.0,99
134569,20,Female,Biology,7.6,2.1,0.6,No,75.9,6.8,Fair,3,Master,Low,6.4,Yes,4.0,7,1.4,No,1,11.2,Cafe,No,Medium,4,6,9,Kinesthetic,9.7,94
151064,27,Female,Computer Science,4.896425498146022,0.5,1.8,No,70.0,7.8,Good,1,Some College,High,4.7,No,4.0,6,3.8,No,3,7.3,Dorm,No,Medium,2,10,5,Visual,2.7,95
152160,24,Male,Biology,3.2,1.7,3.8,Yes,49.6,5.8,Good,1,Master,Low,10.0,Yes,4.0,8,4.5,No,5,9.2,Cafe,No,Low,4,8,7,Auditory,8.5,94
169352,21,Male,Arts,7.6,2.8,2.5,No,51.9,9.4,Good,1,PhD,Medium,7.5,Yes,4.0,6,6.4,No,5,14.2,Cafe,Yes,High,1,8,7,Reading,9.9,100
170927,22,Male,Computer Science,5.105714453933702,2.1,2.7,No,60.5,5.5,Good,2,Some College,High,6.2,Yes,3.33,6,1.4,No,3,10.7,Dorm,No,High,1,1,10,Reading,7.3,77
172009,23,Male,Psychology,3.8,4.1,1.2,Yes,64.4,7.1,Good,1,Some College,Low,6.2,No,4.0,8,6.4,No,5,9.8,Cafe,Yes,High,4,3,10,Reading,8.3,100
131841,26,Female,Arts,7.7,4.8,2.5,Yes,85.1,5.8,Good,5,Master,High,8.7,Yes,3.77,8,2.0,No,0,15.3,Co-Learning Group,No,Low,5,1,10,Auditory,9.8,97
157101,26,Female,Computer Science,5.286143409748191,2.9,0.9,Yes,40.7,5.4,Good,1,Some College,Medium,5.8,Yes,3.29,5,8.1,No,0,9.1,Library,No,Low,10,7,8,Kinesthetic,6.7,85
162020,26,Female,Psychology,3.9,2.0,3.2,Yes,53.2,11.2,Good,6,Some College,Medium,4.0,No,3.56,1,4.1,No,0,11.0,Dorm,Yes,Medium,5,10,5,Auditory,8.2,87
149181,22,Male,Computer Science,3.5075865626448035,3.7,2.4,No,97.2,5.5,Good,5,PhD,Low,3.9,Yes,4.0,6,5.5,No,3,10.4,Quiet Room,No,Medium,5,5,10,Auditory,2.0,97
136568,20,Female,Engineering,2.4,2.5,0.8,Yes,76.1,6.4,Good,7,PhD,High,9.4,Yes,3.14,8,4.6,No,4,6.6,Quiet Room,Yes,Low,6,6,9,Kinesthetic,6.3,78
101524,17,Male,Arts,4.5,2.0,2.2,No,74.0,7.6,Good,7,PhD,High,8.7,No,3.62,8,2.3,No,5,10.6,Dorm,Yes,Medium,4,2,10,Visual,2.5,91
175642,21,Female,Business,4.9,1.8,3.9,Yes,63.9,8.1,Poor,2,Some College,High,6.1,Yes,3.16,3,5.5,No,2,11.3,Quiet Room,Yes,High,2,4,10,Visual,4.3,80
131765,24,Female,Engineering,2.9,1.4,2.2,No,45.1,6.1,Poor,7,PhD,Low,6.8,Yes,3.6,2,5.5,No,3,7.4,Dorm,Yes,High,9,4,10,Reading,5.2,94
161930,26,Other,Business,6.5,1.8,1.2,No,46.7,5.8,Fair,4,PhD,High,10.0,Yes,3.57,8,5.4,No,0,10.0,Cafe,Yes,Medium,1,6,9,Auditory,3.1,87
101313,24,Other,Engineering,6.5,4.7,0.5,Yes,78.2,10.0,Fair,4,Master,Medium,7.3,Yes,4.0,2,4.4,No,0,13.1,Co-Learning Group,Yes,Low,4,1,10,Reading,8.7,100
146861,26,Male,Biology,5.3,4.6,0.5,Yes,48.9,7.2,Good,2,Master,High,8.5,Yes,3.52,1,2.8,No,1,10.6,Dorm,Yes,Medium,3,6,9,Visual,2.2,87
132383,16,Other,Computer Science,4.914269571451669,2.3,1.0,Yes,46.3,8.5,Good,0,Some College,High,7.0,Yes,3.64,2,2.4,No,4,8.7,Library,Yes,Medium,8,4,10,Kinesthetic,7.2,87
166223,20,Other,Psychology,3.8,3.6,1.8,Yes,67.1,7.3,Good,4,Some College,Low,8.8,No,3.54,4,5.3,No,0,10.4,Co-Learning Group,Yes,High,6,5,10,Reading,8.9,91
175943,17,Female,Business,6.1,2.3,2.0,No,75.3,6.1,Fair,6,PhD,High,7.4,Yes,4.0,8,5.7,No,5,10.7,Library,No,High,5,7,8,Visual,9.5,95
160606,26,Female,Business,5.1,2.1,2.5,Yes,73.9,4.8,Good,6,High School,Medium,8.0,Yes,3.24,4,3.3,No,3,11.1,Library,Yes,Medium,4,3,10,Auditory,1.9,84
133802,27,Male,Computer Science,3.702569470580239,0.8,2.6,No,84.7,7.6,Fair,3,Bachelor,High,7.1,No,2.67,1,5.2,No,3,8.7,Dorm,Yes,Low,9,1,10,Kinesthetic,3.6,63
100559,17,Male,Computer Science,3.4383463318851497,2.2,3.1,Yes,86.1,5.5,Good,3,High School,Low,7.5,Yes,2.96,7,6.0,No,1,10.1,Dorm,Yes,High,1,3,10,Auditory,4.1,76
114567,24,Female,Engineering,2.9,1.4,2.3,Yes,83.4,7.2,Fair,0,Some College,High,7.9,No,3.49,4,7.0,No,4,7.0,Co-Learning Group,Yes,Medium,1,1,10,Kinesthetic,2.1,88
165076,24,Male,Engineering,4.1,0.9,1.3,No,66.0,9.1,Poor,7,Bachelor,Medium,4.3,No,3.22,7,5.5,No,4,6.7,Co-Learning Group,Yes,Low,6,1,10,Visual,3.3,77
172584,20,Female,Business,3.8,1.1,0.9,Yes,58.0,7.2,Good,1,Master,Low,9.8,No,3.25,2,3.4,No,5,6.8,Dorm,Yes,High,9,10,5,Visual,3.3,80
120911,24,Male,Biology,8.1,1.8,2.6,No,93.1,5.3,Good,1,Bachelor,Low,8.2,No,4.0,4,4.2,No,0,13.7,Co-Learning Group,Yes,Medium,9,7,8,Visual,1.3,97
151072,22,Male,Arts,4.2,3.6,3.7,No,73.2,7.0,Good,6,High School,High,7.5,Yes,3.63,3,7.8,No,1,12.0,Library,No,Medium,8,6,9,Visual,1.7,87
106620,27,Male,Biology,2.4,3.6,3.2,No,89.4,7.6,Good,1,PhD,High,7.2,No,3.28,3,4.1,No,1,10.0,Dorm,No,High,9,4,10,Visual,3.1,82
158163,16,Female,Biology,6.0,3.1,2.0,Yes,45.1,7.9,Good,3,PhD,Medium,9.2,No,3.59,4,4.4,No,4,11.4,Dorm,No,Medium,6,7,8,Auditory,9.8,92
157945,25,Male,Psychology,0.5,1.9,1.2,No,89.0,9.1,Good,2,PhD,High,8.1,No,4.0,6,3.6,No,4,3.9,Cafe,No,Low,2,3,10,Kinesthetic,9.7,100
144791,24,Other,Business,2.7,3.3,2.6,Yes,95.5,4.9,Good,2,PhD,Low,6.8,No,2.88,6,5.0,No,3,9.6,Dorm,Yes,Low,2,2,10,Reading,6.4,71
172623,26,Male,Engineering,5.0,3.3,3.5,Yes,63.4,5.8,Poor,0,High School,Medium,10.0,Yes,4.0,1,4.9,No,0,12.7,Library,Yes,Low,4,8,7,Auditory,3.4,100
108432,23,Other,Engineering,5.2,2.0,0.2,No,94.9,6.5,Fair,4,Master,Low,8.6,Yes,3.21,5,2.6,No,2,7.7,Dorm,No,Low,3,9,6,Kinesthetic,5.5,78
136348,26,Female,Arts,0.0,3.4,1.5,Yes,77.6,6.1,Good,0,Master,Medium,5.0,Yes,3.58,6,4.1,No,2,5.3,Dorm,No,Medium,10,8,7,Visual,7.8,91
106751,20,Female,Arts,3.9,4.7,0.5,No,52.6,5.9,Fair,0,Some College,Medium,5.6,No,3.58,3,3.8,No,1,10.7,Quiet Room,No,Medium,8,3,10,Auditory,8.8,94
139788,27,Female,Biology,6.9,4.6,0.3,No,82.2,9.4,Fair,4,High School,Medium,9.0,Yes,3.94,8,6.0,No,3,12.4,Dorm,Yes,Medium,4,5,10,Reading,5.4,100
162757,27,Other,Psychology,2.0,4.3,0.4,No,54.9,6.7,Good,1,Some College,High,6.7,Yes,3.2,6,4.9,No,3,7.0,Cafe,No,Low,1,9,6,Reading,1.9,72
107408,25,Female,Engineering,3.6,4.2,0.1,Yes,40.9,5.7,Good,3,Bachelor,High,7.2,Yes,3.16,3,4.9,No,2,8.5,Dorm,No,High,6,3,10,Reading,3.3,83
114158,28,Other,Business,5.1,2.2,3.5,Yes,69.0,7.5,Good,0,PhD,High,7.6,Yes,3.15,4,2.4,No,4,11.8,Co-Learning Group,No,High,9,3,10,Auditory,6.1,85
158157,28,Male,Arts,6.3,4.2,0.7,Yes,89.1,7.5,Good,4,Some College,High,3.5,Yes,3.99,3,6.2,No,0,11.8,Cafe,No,Low,3,9,6,Visual,9.7,100
152412,24,Female,Engineering,3.6,2.0,0.7,Yes,80.0,8.3,Good,1,PhD,High,4.6,No,2.93,5,4.6,No,3,7.1,Co-Learning Group,No,High,8,1,10,Auditory,4.5,73
106479,22,Female,Biology,6.0,4.4,0.2,No,45.1,7.7,Good,4,High School,Medium,6.7,No,4.0,2,1.0,No,5,11.5,Dorm,Yes,Low,5,10,5,Visual,5.3,99
101065,17,Female,Biology,3.2,2.1,0.4,Yes,50.2,4.0,Good,6,High School,Medium,3.5,Yes,3.14,3,6.1,No,4,7.2,Cafe,Yes,High,2,3,10,Visual,9.9,72
110973,22,Other,Computer Science,6.708719106938573,1.4,1.9,No,95.4,10.9,Fair,0,Bachelor,High,9.3,Yes,4.0,3,5.0,No,5,11.5,Co-Learning Group,No,Low,7,5,10,Visual,6.3,99
122402,22,Other,Psychology,4.5,2.9,3.3,No,41.0,5.3,Fair,4,Bachelor,High,9.8,No,4.0,5,7.8,No,5,12.1,Cafe,No,Low,10,5,10,Visual,6.1,100
168851,21,Female,Arts,1.1,3.5,0.2,No,52.0,5.9,Good,0,Bachelor,Low,10.0,Yes,3.33,7,5.1,No,5,5.8,Dorm,Yes,High,9,7,8,Visual,2.5,82
165669,21,Other,Engineering,5.2,3.7,0.6,No,73.2,7.7,Poor,6,Master,High,7.6,Yes,4.0,8,5.8,No,0,10.5,Co-Learning Group,Yes,High,3,4,10,Auditory,8.2,100
115954,25,Other,Psychology,5.5,3.0,0.8,No,86.1,8.7,Fair,7,Master,Low,4.5,Yes,4.0,6,4.0,No,3,10.7,Cafe,Yes,High,8,3,10,Reading,8.2,100
113660,16,Female,Computer Science,5.21030140252664,4.6,2.7,Yes,45.3,4.7,Fair,5,Master,Low,8.1,Yes,3.15,7,1.5,No,2,12.8,Dorm,Yes,High,2,4,10,Auditory,9.3,69
126314,22,Other,Business,3.0,3.7,0.2,No,48.2,7.9,Good,3,Some College,Low,7.0,Yes,3.82,2,3.1,No,5,7.0,Cafe,Yes,Low,4,4,10,Visual,6.4,91
172836,25,Male,Business,7.1,4.0,2.5,No,75.0,7.9,Fair,0,Bachelor,Low,3.2,No,3.37,2,5.0,No,5,14.5,Dorm,Yes,Low,3,1,10,Kinesthetic,7.7,86
162156,21,Male,Psychology,9.5,3.4,3.5,Yes,74.5,7.6,Good,1,PhD,High,10.0,Yes,4.0,1,3.4,No,1,17.9,Library,Yes,Medium,2,3,10,Auditory,1.6,100
141919,23,Male,Biology,2.7,3.3,3.3,Yes,50.2,10.2,Good,3,Master,High,5.8,No,4.0,8,7.8,No,4,11.3,Cafe,No,Medium,6,8,7,Visual,7.3,94
104517,25,Female,Business,2.0,2.4,3.3,No,82.3,9.0,Good,2,High School,High,7.7,No,3.17,1,2.9,No,5,8.4,Co-Learning Group,Yes,Medium,8,3,10,Visual,6.3,85
178448,25,Male,Psychology,4.5,4.3,2.1,Yes,83.6,6.2,Good,3,PhD,High,9.2,Yes,3.16,5,4.3,No,5,11.4,Co-Learning Group,Yes,Medium,9,8,7,Reading,3.7,80
167814,20,Female,Psychology,3.4,0.5,0.6,Yes,95.5,7.0,Good,4,Bachelor,Medium,4.5,Yes,4.0,1,8.7,No,2,5.0,Dorm,No,Low,6,6,9,Auditory,2.4,92
164276,17,Other,Business,5.3,1.9,3.4,No,60.6,6.0,Good,2,PhD,Medium,6.7,No,4.0,4,3.8,No,0,11.6,Library,Yes,Medium,6,2,10,Auditory,5.5,100
158147,23,Male,Engineering,3.7,1.7,3.1,No,76.1,4.9,Poor,1,Some College,Medium,8.9,Yes,3.44,4,3.7,No,4,8.9,Cafe,Yes,Low,1,8,7,Auditory,1.6,78
147181,26,Female,Computer Science,4.901430363527032,4.6,2.1,Yes,92.4,6.9,Good,4,High School,High,6.8,No,4.0,6,6.3,No,1,13.5,Quiet Room,No,Medium,6,10,5,Reading,5.2,100
111310,20,Other,Engineering,4.2,2.7,2.4,Yes,52.6,4.8,Good,5,Master,High,8.1,Yes,4.0,1,3.4,No,4,9.6,Cafe,Yes,Medium,3,7,8,Auditory,2.7,100
120506,17,Male,Computer Science,6.265180008841485,4.6,1.0,Yes,81.6,7.1,Fair,0,Master,Medium,10.0,Yes,4.0,2,5.7,No,2,12.2,Dorm,Yes,Low,9,7,8,Kinesthetic,3.8,99
178084,25,Female,Psychology,4.8,2.1,2.9,No,56.1,5.8,Fair,0,Master,Low,9.0,No,3.05,1,2.3,No,4,10.5,Co-Learning Group,No,Low,10,3,10,Auditory,1.9,76
132111,25,Female,Business,7.7,2.3,0.7,Yes,59.1,6.2,Good,5,Master,Low,1.0,No,4.0,5,4.0,No,4,11.0,Dorm,No,Low,1,10,5,Auditory,5.0,100
128005,23,Other,Arts,4.2,3.6,2.0,Yes,92.0,7.8,Fair,2,Master,Medium,7.4,No,4.0,6,2.7,No,1,10.1,Dorm,No,High,5,7,8,Kinesthetic,7.2,100
156480,16,Other,Computer Science,3.8151873819875615,3.3,3.3,No,89.4,7.9,Good,1,High School,Medium,7.8,No,3.4,1,4.2,No,5,12.0,Library,No,Medium,6,9,6,Kinesthetic,1.9,82
136595,21,Other,Business,2.5,4.2,0.6,No,45.6,6.3,Good,0,Master,Low,3.8,No,3.36,5,6.0,No,3,7.4,Library,Yes,Medium,2,1,10,Reading,9.3,78
106829,22,Other,Engineering,3.4,4.5,1.8,No,97.3,8.0,Good,7,PhD,Low,8.9,Yes,3.89,2,3.7,No,3,10.2,Library,Yes,Medium,7,5,10,Kinesthetic,7.2,94
112613,28,Female,Computer Science,3.2628157360655488,3.8,1.2,Yes,94.7,4.0,Good,1,PhD,Low,5.7,Yes,2.61,8,5.6,No,5,10.2,Dorm,Yes,High,3,5,10,Visual,4.1,68
109794,19,Other,Psychology,0.9,1.5,3.4,No,76.2,6.0,Poor,6,High School,Low,4.1,No,4.0,7,4.7,No,2,6.0,Co-Learning Group,Yes,High,5,10,5,Reading,5.5,100
157039,25,Male,Arts,3.1,2.7,0.2,Yes,54.7,7.9,Good,6,Some College,Medium,6.4,No,4.0,7,5.1,No,2,7.1,Quiet Room,No,High,6,10,5,Reading,5.1,100
157356,17,Male,Arts,4.1,3.6,3.5,No,89.2,7.8,Fair,2,PhD,High,7.0,No,3.28,8,3.6,No,4,12.7,Library,Yes,Medium,7,3,10,Reading,9.8,88
117503,17,Female,Computer Science,6.232592805232732,0.4,1.0,Yes,46.1,6.4,Good,4,High School,Low,5.3,Yes,4.0,2,2.9,No,5,8.9,Cafe,No,High,10,9,6,Visual,6.2,100
147044,25,Other,Engineering,2.6,4.8,2.5,Yes,43.3,7.9,Fair,5,Bachelor,Low,6.0,No,4.0,4,7.9,No,5,11.1,Library,No,High,6,3,10,Kinesthetic,5.6,100
149465,27,Other,Biology,3.7,1.2,2.8,Yes,78.1,6.8,Good,4,Some College,Medium,7.1,Yes,4.0,5,8.0,No,1,8.4,Co-Learning Group,Yes,Medium,9,10,5,Visual,7.8,100
126037,17,Female,Psychology,1.7,2.5,2.1,Yes,62.5,5.2,Poor,2,Some College,Medium,10.0,Yes,3.65,6,3.8,No,3,7.1,Dorm,Yes,High,7,4,10,Auditory,8.9,89
159086,21,Other,Biology,4.1,2.3,0.9,Yes,76.0,4.0,Poor,6,Bachelor,Medium,6.7,No,4.0,1,4.3,No,0,7.9,Library,Yes,High,1,5,10,Auditory,2.8,100
159243,28,Male,Computer Science,5.237160102272923,4.0,2.9,Yes,93.4,7.2,Poor,4,Bachelor,Medium,7.1,No,4.0,5,3.5,No,2,12.9,Cafe,No,Low,2,7,8,Kinesthetic,4.0,100
157901,22,Male,Biology,3.3,1.5,4.0,Yes,80.1,7.7,Good,2,Bachelor,Low,7.1,Yes,3.41,6,6.5,No,1,9.5,Co-Learning Group,Yes,High,8,9,6,Visual,3.5,92
163988,28,Female,Biology,3.0,3.1,3.7,No,83.9,6.7,Good,2,PhD,High,8.5,Yes,2.47,8,5.7,No,4,10.9,Quiet Room,No,Medium,10,2,10,Kinesthetic,7.6,59
144989,25,Other,Psychology,0.6,1.0,1.1,Yes,53.9,5.4,Fair,3,High School,Medium,7.4,No,3.8,3,3.5,No,2,4.6,Quiet Room,No,High,8,2,10,Kinesthetic,2.2,89
177293,20,Female,Engineering,2.2,3.6,1.1,Yes,68.3,7.6,Good,6,Some College,Low,7.4,Yes,3.64,7,6.9,No,0,7.2,Dorm,Yes,Low,6,8,7,Auditory,4.0,88
114878,19,Other,Biology,2.8,3.6,1.4,No,91.0,7.2,Good,5,Bachelor,Low,8.3,No,4.0,1,6.9,No,4,8.1,Co-Learning Group,No,High,6,5,10,Visual,2.2,100
177298,28,Female,Arts,4.3,2.8,3.1,No,40.6,7.5,Good,3,PhD,High,5.8,Yes,3.97,8,6.2,No,5,12.1,Co-Learning Group,Yes,Medium,4,5,10,Auditory,4.8,100
119732,25,Female,Business,8.7,0.7,0.0,No,43.3,8.0,Good,0,Master,High,9.5,No,3.31,2,3.9,No,1,9.4,Co-Learning Group,No,High,5,6,9,Auditory,2.8,79
150472,17,Male,Computer Science,4.120155854742277,1.1,0.7,Yes,93.0,9.4,Poor,7,PhD,High,5.3,No,4.0,5,5.6,No,3,6.2,Library,Yes,High,10,1,10,Kinesthetic,8.6,100
129659,25,Other,Biology,5.4,1.6,3.2,No,56.2,7.3,Good,3,Master,High,6.2,No,4.0,7,4.0,No,3,11.3,Cafe,Yes,Low,6,2,10,Kinesthetic,4.5,98
135353,23,Female,Biology,2.3,0.5,3.3,No,74.7,7.7,Good,7,Bachelor,Medium,2.9,No,3.57,7,8.1,No,3,6.4,Cafe,Yes,Medium,7,9,6,Kinesthetic,7.6,100
125415,25,Other,Business,8.1,4.8,1.5,No,43.0,8.3,Good,6,High School,Low,3.3,Yes,4.0,4,7.4,No,1,14.5,Cafe,Yes,High,5,8,7,Kinesthetic,2.9,100
126674,27,Male,Business,4.4,5.0,1.9,No,53.1,8.7,Good,5,High School,High,4.4,Yes,3.07,6,4.3,No,2,12.3,Dorm,No,High,2,7,8,Auditory,5.9,74
130694,22,Female,Arts,4.9,1.7,0.4,Yes,82.3,6.7,Fair,3,High School,High,9.9,No,3.75,8,2.6,No,1,8.2,Library,Yes,Low,6,2,10,Visual,8.0,95
127538,17,Male,Psychology,1.7,0.9,2.7,Yes,43.0,7.1,Good,5,High School,Low,6.9,Yes,3.84,8,5.6,No,5,6.8,Quiet Room,No,Medium,5,8,7,Reading,7.0,90
141897,17,Male,Arts,3.9,3.1,1.2,No,50.4,8.2,Good,2,Master,Medium,5.8,Yes,2.53,6,6.0,No,1,9.1,Cafe,No,Low,5,2,10,Reading,8.6,68
170893,21,Female,Biology,1.7,3.6,3.3,Yes,83.4,5.1,Poor,7,PhD,High,10.0,No,3.2,8,2.4,No,4,10.3,Dorm,Yes,Low,10,5,10,Kinesthetic,1.5,83
153255,24,Other,Biology,3.2,1.8,0.3,Yes,85.2,6.9,Good,4,High School,Low,6.4,No,4.0,3,2.4,No,1,6.4,Co-Learning Group,Yes,Medium,4,3,10,Reading,7.1,100
136529,18,Other,Psychology,6.7,2.5,2.5,No,66.7,4.2,Fair,7,High School,Medium,6.2,Yes,4.0,8,5.7,No,4,11.8,Library,Yes,Low,10,10,5,Visual,9.6,100
177991,28,Female,Business,3.2,3.0,2.6,No,46.2,8.1,Fair,2,PhD,High,6.6,Yes,4.0,3,9.5,No,4,10.2,Dorm,Yes,Medium,9,10,5,Kinesthetic,3.0,97
112165,25,Other,Psychology,2.0,2.1,0.7,No,79.4,5.3,Fair,6,Some College,Low,2.7,No,4.0,3,7.6,No,3,5.1,Cafe,Yes,Low,4,3,10,Auditory,9.4,100
155596,27,Other,Engineering,4.2,2.0,1.2,No,70.1,7.8,Good,3,Bachelor,High,4.2,Yes,4.0,2,3.9,No,1,8.1,Library,No,Low,10,3,10,Auditory,9.5,100
176596,19,Male,Engineering,5.9,2.0,2.1,Yes,73.3,4.8,Good,6,PhD,High,8.4,Yes,4.0,5,1.8,No,1,10.3,Dorm,Yes,Low,7,1,10,Visual,6.7,100
115980,19,Male,Engineering,5.7,2.7,1.3,Yes,61.3,8.8,Poor,2,Master,Medium,1.1,Yes,4.0,2,5.0,No,1,10.8,Co-Learning Group,No,Medium,5,8,7,Visual,4.2,100
124738,28,Female,Biology,3.5,0.7,1.2,Yes,72.3,4.6,Poor,4,Master,High,6.9,No,2.82,7,6.1,No,5,7.3,Dorm,No,Medium,1,2,10,Visual,8.2,74
140054,26,Other,Business,2.7,0.4,1.3,No,81.4,6.3,Good,6,Bachelor,High,7.7,Yes,4.0,1,4.4,No,0,6.1,Dorm,No,Low,8,9,6,Reading,3.4,96
149194,23,Female,Computer Science,0.4480010029871338,1.2,2.5,No,84.5,6.5,Fair,4,Some College,Low,3.6,No,2.65,5,5.5,No,1,4.3,Cafe,Yes,High,1,5,10,Visual,5.9,63
130063,18,Female,Arts,2.8,3.5,0.4,Yes,48.6,6.5,Fair,0,PhD,Low,8.6,No,4.0,4,2.6,No,4,7.4,Quiet Room,Yes,Low,5,5,10,Reading,7.1,100
153846,24,Other,Biology,6.0,2.7,0.6,No,57.4,7.8,Good,1,Bachelor,High,9.7,Yes,3.34,3,6.6,No,5,9.9,Quiet Room,No,Medium,6,6,9,Reading,4.1,88
101562,28,Female,Computer Science,8.108537980668167,2.6,2.8,Yes,52.4,4.0,Good,6,Some College,Low,8.1,Yes,4.0,1,5.6,No,5,14.1,Quiet Room,No,High,4,6,9,Visual,8.6,100
152126,18,Female,Engineering,3.4,0.9,2.4,No,43.6,6.2,Fair,3,Some College,High,9.6,Yes,4.0,8,3.5,No,4,7.4,Cafe,Yes,High,10,10,5,Kinesthetic,5.4,98
124695,19,Female,Engineering,4.1,3.8,3.0,No,94.9,8.6,Good,7,High School,High,7.2,No,3.58,4,4.4,No,1,11.4,Co-Learning Group,No,High,1,10,5,Kinesthetic,7.2,90
167292,24,Female,Computer Science,2.4696374695884558,0.8,1.6,Yes,88.8,6.4,Fair,3,Bachelor,Medium,5.4,Yes,3.1,7,3.8,No,0,4.9,Co-Learning Group,Yes,Medium,9,3,10,Visual,5.0,72
132929,26,Other,Computer Science,5.776913323586362,3.9,1.6,Yes,85.9,7.9,Good,6,PhD,Low,8.7,No,4.0,6,6.1,No,5,12.6,Co-Learning Group,Yes,Medium,3,10,5,Visual,1.4,98
111035,16,Male,Psychology,6.6,1.1,3.1,Yes,51.1,6.6,Fair,0,High School,Medium,8.4,Yes,4.0,7,4.2,No,0,11.0,Quiet Room,Yes,Low,10,9,6,Kinesthetic,4.9,100
100259,27,Other,Computer Science,5.464295787393317,3.2,3.4,No,71.9,7.3,Fair,5,Bachelor,Low,3.5,Yes,4.0,8,4.7,No,2,12.2,Library,No,High,10,9,6,Visual,6.2,95
102278,24,Male,Computer Science,4.260014807941311,2.0,3.9,Yes,77.0,6.2,Good,4,High School,High,6.2,No,4.0,1,3.9,No,4,10.7,Dorm,Yes,High,9,6,9,Auditory,8.6,94
126521,23,Other,Psychology,5.1,2.1,1.1,Yes,79.0,7.9,Poor,2,Master,High,8.1,No,3.86,5,6.5,No,0,10.3,Dorm,No,Low,7,8,7,Kinesthetic,3.2,96
103330,22,Male,Business,3.7,0.7,0.0,Yes,63.8,6.3,Good,3,Some College,Low,8.3,No,4.0,8,4.3,No,2,6.0,Library,Yes,Medium,2,8,7,Reading,7.9,98
116609,27,Female,Business,4.1,3.8,1.4,Yes,82.6,6.0,Good,0,Bachelor,High,7.3,Yes,4.0,8,2.9,No,2,10.2,Quiet Room,Yes,Low,9,3,10,Auditory,3.0,92
121719,17,Male,Engineering,3.4,2.1,0.2,No,71.7,7.8,Good,0,High School,Medium,6.6,No,3.08,1,5.0,No,5,7.3,Cafe,Yes,High,3,5,10,Visual,2.6,77
176275,17,Female,Arts,2.7,1.9,0.7,Yes,66.9,7.7,Good,6,High School,Low,8.4,No,2.98,8,2.4,No,1,5.5,Dorm,No,Low,8,3,10,Auditory,1.1,72
177153,28,Other,Business,4.8,2.8,2.7,No,83.9,6.1,Poor,5,High School,High,8.4,No,4.0,4,2.9,No,2,11.1,Cafe,No,Low,1,5,10,Kinesthetic,1.7,96
109012,23,Male,Biology,8.0,3.2,1.0,Yes,81.1,5.7,Poor,1,Some College,Medium,7.2,Yes,4.0,6,4.1,No,5,12.3,Cafe,No,High,6,10,5,Visual,4.9,100
147626,27,Female,Computer Science,2.152256551513544,5.0,1.4,No,54.2,5.5,Good,4,Some College,High,5.6,Yes,3.25,3,6.1,No,3,10.5,Quiet Room,No,Medium,10,10,5,Reading,4.8,80
154560,26,Female,Business,4.7,3.9,0.4,No,54.7,8.1,Fair,1,High School,Medium,6.6,No,4.0,1,4.6,No,3,9.5,Co-Learning Group,Yes,Medium,6,7,8,Auditory,2.4,100
100674,20,Male,Engineering,2.0,0.6,3.1,Yes,78.5,5.1,Fair,0,Some College,High,10.0,No,3.85,7,2.9,No,4,7.6,Library,Yes,Medium,9,4,10,Reading,5.7,97
175152,20,Male,Computer Science,8.590409090078044,1.9,0.6,Yes,64.6,7.0,Good,0,Some College,Medium,3.2,Yes,4.0,6,3.5,No,0,12.9,Cafe,No,Low,3,10,5,Visual,1.6,100
171119,17,Other,Engineering,3.8,2.9,1.5,No,84.0,5.7,Fair,6,PhD,Medium,4.6,Yes,3.2,2,5.3,No,4,8.9,Dorm,Yes,Medium,8,4,10,Kinesthetic,9.5,72
108947,26,Male,Engineering,7.6,4.7,0.3,Yes,77.4,7.8,Poor,1,Bachelor,Medium,7.8,No,4.0,4,2.6,No,2,13.9,Co-Learning Group,No,High,9,5,10,Visual,6.4,97
117248,17,Male,Arts,3.1,4.1,2.7,No,44.8,6.4,Poor,5,Some College,High,7.9,No,4.0,7,4.6,No,2,11.4,Library,Yes,High,4,8,7,Auditory,2.7,99
132569,21,Male,Computer Science,3.069584118442026,2.8,0.3,Yes,68.1,6.1,Good,4,Master,High,3.5,No,2.64,6,7.3,No,5,7.0,Dorm,No,Medium,4,7,8,Kinesthetic,7.9,62
177345,23,Other,Arts,4.0,4.6,3.5,Yes,49.6,5.3,Fair,1,Some College,Medium,3.6,Yes,4.0,5,4.9,No,1,12.2,Library,Yes,Medium,2,6,9,Visual,4.7,98
130224,16,Female,Business,7.9,0.3,0.9,No,91.6,6.5,Good,6,Master,High,7.0,No,4.0,1,6.0,No,0,9.4,Cafe,No,Low,8,1,10,Reading,9.9,100
171602,21,Male,Business,6.3,4.4,1.0,Yes,87.2,5.8,Fair,1,Master,High,6.7,No,4.0,1,5.6,No,3,13.0,Cafe,Yes,Medium,4,5,10,Auditory,7.9,100
161463,19,Male,Psychology,0.0,3.5,1.7,Yes,78.8,7.1,Fair,1,High School,High,6.9,No,4.0,3,4.8,No,1,5.4,Library,Yes,High,7,9,6,Visual,9.9,99
145202,18,Other,Computer Science,2.805999039733025,3.3,3.2,Yes,62.1,8.1,Fair,1,PhD,Low,9.3,No,3.6,5,5.4,No,3,9.3,Library,No,Low,5,3,10,Visual,5.5,88
178632,25,Other,Business,2.6,2.0,3.6,No,97.3,4.5,Good,7,Bachelor,Medium,9.3,No,2.79,7,3.2,No,5,8.9,Co-Learning Group,Yes,Medium,2,1,10,Kinesthetic,8.6,77
169214,25,Female,Computer Science,5.005974026805765,4.8,1.8,No,81.5,4.5,Fair,7,Some College,High,4.1,Yes,4.0,6,4.8,No,3,12.1,Co-Learning Group,Yes,Low,2,7,8,Auditory,4.3,100
155319,27,Male,Business,3.5,1.3,1.1,Yes,53.6,6.0,Fair,7,High School,Low,10.0,Yes,4.0,1,4.5,No,1,7.0,Library,Yes,Medium,9,9,6,Visual,1.4,100
101281,28,Male,Psychology,5.5,2.4,3.0,Yes,65.0,9.2,Fair,6,Bachelor,High,5.5,Yes,3.83,2,2.7,No,3,11.0,Cafe,No,Medium,10,9,6,Kinesthetic,4.0,90
154707,17,Other,Arts,2.5,1.2,0.6,No,46.4,5.5,Fair,0,Some College,Medium,4.5,No,4.0,2,4.3,No,3,5.5,Quiet Room,Yes,Medium,5,7,8,Auditory,6.1,99
102645,20,Other,Engineering,4.5,2.2,2.9,Yes,48.5,8.0,Poor,5,High School,High,2.0,No,3.97,6,7.2,No,5,11.5,Co-Learning Group,No,High,7,8,7,Kinesthetic,1.5,100
173701,28,Female,Computer Science,2.654003181924784,3.0,1.6,Yes,95.9,6.9,Good,5,Some College,High,5.8,Yes,4.0,6,7.7,No,2,8.7,Library,No,Low,1,7,8,Kinesthetic,7.3,96
150661,21,Male,Business,4.4,1.6,1.6,Yes,64.3,8.6,Poor,0,PhD,Low,3.1,Yes,4.0,4,5.5,No,2,9.2,Dorm,Yes,Low,7,2,10,Auditory,6.8,100
170869,26,Male,Engineering,6.8,4.0,0.0,No,60.4,7.4,Good,7,Bachelor,Low,5.0,No,4.0,1,6.8,No,1,12.2,Quiet Room,Yes,Low,9,1,10,Reading,9.7,100
178226,23,Female,Computer Science,7.361602524306664,5.0,3.7,Yes,83.4,9.2,Poor,1,Master,Medium,8.6,No,3.86,8,4.1,No,1,16.9,Library,No,High,7,9,6,Visual,9.2,98
178882,22,Other,Computer Science,4.13719502866838,0.1,2.8,No,81.9,7.7,Good,6,High School,Low,10.0,No,4.0,8,3.4,No,3,9.0,Quiet Room,No,Low,5,1,10,Kinesthetic,5.4,97
122654,19,Other,Psychology,2.6,4.2,1.7,Yes,81.0,4.5,Good,0,Master,High,5.1,No,4.0,4,4.6,No,5,10.4,Cafe,Yes,Medium,3,7,8,Kinesthetic,1.4,100
142953,22,Male,Psychology,7.4,3.8,2.4,Yes,62.8,6.7,Good,1,PhD,Medium,3.7,No,4.0,5,3.4,No,2,15.6,Dorm,No,Low,1,2,10,Auditory,9.9,100
159819,28,Female,Arts,4.8,1.4,0.8,No,89.5,7.2,Poor,6,Master,High,6.0,No,3.98,5,5.1,No,0,7.7,Quiet Room,Yes,High,1,3,10,Kinesthetic,5.6,97
152093,18,Other,Arts,3.7,3.1,2.4,Yes,45.4,5.8,Fair,4,Some College,Medium,7.3,No,3.86,4,1.0,No,5,10.9,Quiet Room,No,Low,6,4,10,Visual,7.1,100
167797,26,Other,Business,0.0,1.6,3.5,Yes,84.9,8.3,Fair,0,Some College,Medium,5.9,No,3.6,1,6.1,No,1,6.3,Cafe,No,Low,2,10,5,Visual,8.4,84
152477,19,Other,Computer Science,3.192820864685617,4.4,0.2,No,85.9,8.1,Fair,0,Bachelor,High,3.4,No,2.94,3,3.0,No,4,8.4,Co-Learning Group,No,Low,9,4,10,Reading,2.9,79
132409,25,Male,Psychology,3.0,4.2,3.0,Yes,77.4,6.2,Fair,3,Some College,Medium,10.0,No,4.0,4,4.5,No,5,11.5,Dorm,Yes,Low,5,4,10,Kinesthetic,3.4,93
146873,21,Other,Computer Science,5.526063890035202,0.0,0.4,No,49.1,7.6,Good,0,Bachelor,High,8.9,No,3.48,4,4.9,No,2,7.6,Library,No,Low,7,8,7,Kinesthetic,7.0,82
110903,25,Other,Computer Science,5.510636541764678,3.3,1.8,Yes,96.1,7.8,Fair,0,Some College,High,7.5,Yes,3.38,1,4.8,No,4,11.2,Co-Learning Group,No,Medium,4,5,10,Kinesthetic,5.3,83
152606,16,Male,Biology,3.9,1.7,3.7,No,94.2,5.8,Good,5,PhD,Medium,6.7,Yes,4.0,3,2.0,No,1,9.8,Cafe,Yes,Medium,2,3,10,Auditory,9.8,99
178810,20,Male,Business,1.2,4.0,3.3,No,56.2,5.7,Poor,3,Master,Low,7.0,Yes,2.88,5,2.9,No,0,10.0,Cafe,No,Low,9,2,10,Kinesthetic,6.1,78
170843,19,Other,Engineering,4.2,0.4,0.4,No,65.8,7.5,Good,4,Some College,Low,10.0,Yes,2.71,6,3.5,No,5,5.2,Cafe,No,High,5,5,10,Reading,9.3,76
117051,18,Female,Arts,3.5,4.7,1.5,No,95.9,9.7,Good,1,PhD,Low,5.8,Yes,4.0,5,5.4,No,5,10.4,Co-Learning Group,Yes,Low,9,5,10,Auditory,3.0,96
109594,24,Female,Psychology,4.4,3.1,1.6,Yes,73.9,5.5,Good,6,PhD,High,9.0,Yes,4.0,4,4.6,No,0,10.3,Co-Learning Group,Yes,Low,6,9,6,Auditory,7.7,100
160530,24,Female,Biology,3.5,4.5,2.3,No,69.8,4.5,Fair,6,Master,Low,7.7,No,2.97,7,3.7,No,0,11.7,Library,Yes,High,8,2,10,Auditory,7.7,75
166561,23,Male,Arts,6.1,1.8,3.5,No,91.0,10.8,Fair,1,Master,Medium,5.4,Yes,4.0,1,1.3,No,4,12.5,Quiet Room,Yes,Medium,2,3,10,Reading,8.1,100
100130,28,Male,Engineering,2.0,0.9,1.3,No,43.5,5.9,Good,4,PhD,High,8.0,No,3.73,6,5.9,No,2,4.6,Quiet Room,No,Medium,10,4,10,Auditory,9.8,93
139107,23,Female,Arts,6.3,1.5,3.4,Yes,67.2,6.0,Poor,7,Some College,Low,3.6,Yes,3.86,1,4.3,No,4,11.6,Cafe,No,High,6,1,10,Visual,6.8,88
120596,28,Other,Computer Science,4.883081577701839,0.2,3.8,No,95.8,6.2,Good,6,PhD,Medium,10.0,No,4.0,8,5.7,No,5,9.2,Dorm,No,Low,3,10,5,Kinesthetic,3.1,97
156891,26,Other,Engineering,3.2,4.8,1.0,Yes,74.8,9.4,Good,3,Bachelor,High,4.9,Yes,4.0,7,1.4,No,2,9.3,Library,Yes,Low,8,6,9,Auditory,8.7,100
124213,19,Other,Computer Science,5.080097309889387,4.6,1.4,Yes,52.3,5.0,Fair,6,High School,Low,4.9,Yes,3.33,4,4.4,No,0,12.7,Dorm,No,Medium,2,2,10,Kinesthetic,3.4,81
122172,24,Other,Biology,5.8,1.8,3.5,Yes,73.8,6.4,Good,2,Master,High,5.7,No,3.62,3,5.7,No,0,12.0,Cafe,No,Low,5,1,10,Kinesthetic,7.2,91
168833,21,Female,Business,5.2,0.9,0.4,Yes,84.7,7.9,Poor,5,Bachelor,Medium,6.2,Yes,4.0,7,7.8,No,0,7.2,Cafe,No,High,5,1,10,Kinesthetic,6.7,95
122202,23,Female,Psychology,0.4,4.4,3.2,Yes,56.5,5.1,Fair,4,Some College,High,7.699999999999999,Yes,3.32,1,8.8,No,1,8.0,Cafe,Yes,Medium,6,5,10,Auditory,6.6,83
177978,24,Other,Arts,3.6,0.5,1.3,No,80.0,7.3,Poor,5,Master,High,4.9,Yes,3.15,2,1.2,No,5,6.5,Dorm,Yes,Low,1,6,9,Kinesthetic,2.9,82
126894,19,Male,Business,5.3,3.4,3.1,No,85.7,8.9,Fair,2,Bachelor,Low,9.5,No,4.0,2,4.3,No,3,11.9,Cafe,No,Medium,9,2,10,Visual,5.4,87
157061,18,Female,Computer Science,5.585725615481818,0.1,2.5,Yes,60.1,5.1,Good,7,High School,High,5.7,Yes,3.89,2,4.7,No,4,8.9,Cafe,No,Medium,8,10,5,Auditory,5.6,93
126345,20,Other,Biology,0.0,3.2,2.9,Yes,44.5,7.6,Good,3,High School,Medium,6.4,No,2.4,4,6.8,No,2,7.0,Dorm,Yes,High,8,7,8,Visual,1.3,60
152781,25,Male,Business,6.4,1.6,1.4,No,72.8,6.5,Fair,1,Some College,High,3.7,Yes,4.0,4,8.8,No,4,11.4,Quiet Room,No,Medium,2,6,9,Reading,8.0,100
151574,26,Other,Business,2.3,3.3,0.4,No,91.0,6.6,Poor,3,Some College,Medium,5.5,Yes,4.0,7,7.3,No,4,6.5,Co-Learning Group,Yes,Low,2,3,10,Visual,3.0,100
127434,26,Other,Business,3.1,3.3,2.9,Yes,71.6,6.0,Good,3,Bachelor,Medium,8.9,Yes,3.13,8,2.2,No,4,9.6,Library,Yes,Low,1,1,10,Kinesthetic,4.5,83
119748,20,Female,Engineering,3.5,0.9,2.2,No,77.8,8.1,Fair,7,PhD,Low,8.2,Yes,3.82,1,5.8,No,2,7.7,Cafe,Yes,Medium,7,4,10,Reading,4.6,100
111760,17,Male,Psychology,4.9,1.6,2.3,No,55.9,7.0,Good,3,Master,Medium,10.0,Yes,4.0,3,6.0,No,4,10.3,Quiet Room,Yes,High,1,8,7,Kinesthetic,4.2,98
138676,23,Male,Arts,2.2,4.5,3.0,No,84.6,7.0,Poor,4,Bachelor,High,8.2,Yes,2.83,1,5.5,No,1,11.5,Co-Learning Group,No,Low,6,3,10,Kinesthetic,6.1,69
105145,20,Other,Arts,5.3,3.5,1.6,Yes,64.3,7.5,Good,3,High School,High,8.0,Yes,3.17,7,4.8,No,2,10.6,Dorm,No,Low,2,6,9,Visual,3.3,81
156847,18,Male,Arts,5.9,2.9,1.6,Yes,93.7,7.0,Poor,0,Bachelor,Low,8.5,Yes,3.48,4,4.7,No,3,11.8,Library,No,Low,8,2,10,Kinesthetic,8.3,93
143606,24,Female,Arts,4.3,2.4,0.2,Yes,80.3,5.3,Good,4,Some College,Medium,5.6,No,3.07,3,7.2,No,2,7.5,Quiet Room,Yes,Medium,8,6,9,Reading,5.9,83
136520,25,Female,Business,2.4,3.7,1.3,No,54.6,7.3,Poor,7,High School,Low,10.0,No,4.0,8,5.7,No,3,9.2,Library,Yes,High,1,4,10,Kinesthetic,6.1,99
102873,17,Female,Psychology,4.6,4.9,1.5,No,56.1,8.3,Good,5,Master,Low,6.3,Yes,2.71,4,5.3,No,1,12.5,Dorm,Yes,Medium,10,3,10,Reading,1.1,56
112023,16,Other,Biology,5.8,2.5,1.7,No,53.3,9.5,Good,3,Some College,Medium,9.1,No,4.0,3,2.9,No,5,10.3,Cafe,Yes,Medium,2,8,7,Auditory,7.9,100
144600,26,Female,Engineering,3.0,4.1,2.0,Yes,85.4,7.6,Good,7,High School,Low,6.1,No,3.62,7,5.7,No,5,9.6,Cafe,No,High,9,2,10,Kinesthetic,1.3,96
148706,16,Female,Engineering,5.0,4.0,2.0,Yes,54.0,5.8,Good,5,Some College,Medium,10.0,No,2.78,1,4.9,No,0,12.2,Co-Learning Group,No,High,3,5,10,Reading,3.3,64
132194,23,Male,Biology,2.3,3.0,0.5,Yes,51.7,6.7,Poor,3,Some College,High,10.0,Yes,3.64,3,3.2,No,5,6.3,Cafe,No,Low,7,7,8,Visual,6.5,100
113285,23,Male,Psychology,2.2,1.3,2.3,Yes,41.3,8.8,Good,3,Bachelor,Low,7.8,Yes,4.0,7,5.7,No,3,6.1,Quiet Room,Yes,High,5,7,8,Kinesthetic,4.3,100
171061,17,Other,Engineering,5.5,2.4,1.6,No,87.6,5.8,Fair,4,Bachelor,Medium,6.5,No,3.65,5,10.0,No,5,11.3,Quiet Room,No,Medium,7,8,7,Visual,5.4,88
109384,28,Female,Business,1.7,2.2,3.8,Yes,66.4,8.5,Good,7,Some College,High,7.300000000000001,Yes,3.3,6,7.1,No,1,9.5,Cafe,Yes,Medium,10,9,6,Auditory,7.6,91
126171,25,Female,Computer Science,0.4338601617753925,3.1,0.1,Yes,67.0,5.5,Good,7,Some College,High,8.7,Yes,4.0,6,7.4,No,4,5.0,Quiet Room,No,High,5,5,10,Reading,4.7,100
138920,23,Other,Business,4.5,3.3,2.2,Yes,90.9,9.7,Good,5,PhD,High,6.2,No,4.0,4,8.4,No,0,10.5,Library,No,Medium,9,7,8,Reading,4.0,100
155406,17,Female,Engineering,8.1,4.3,3.1,Yes,82.7,7.5,Fair,4,High School,Low,7.8,Yes,3.29,5,4.9,No,2,16.2,Co-Learning Group,Yes,Low,5,2,10,Auditory,4.7,91
177377,22,Other,Arts,0.1,4.7,3.4,No,89.9,6.8,Poor,6,High School,Low,8.9,No,4.0,4,1.0,No,4,8.3,Library,No,Low,1,9,6,Auditory,4.9,97
116309,24,Male,Engineering,3.5,0.6,0.4,Yes,49.4,6.8,Good,1,High School,High,7.9,No,3.24,8,8.4,No,5,4.7,Library,No,High,8,9,6,Visual,8.7,84
159750,17,Male,Business,9.0,0.1,3.9,Yes,50.6,7.0,Good,0,High School,Low,8.5,Yes,3.71,7,4.0,No,2,14.4,Library,Yes,Medium,6,1,10,Auditory,6.5,87
140102,27,Female,Engineering,2.9,2.0,1.0,Yes,57.0,7.9,Good,5,PhD,Low,7.5,No,3.94,5,6.0,No,5,7.5,Co-Learning Group,No,Low,9,1,10,Auditory,8.9,100
151134,24,Male,Engineering,4.0,0.1,0.8,Yes,88.3,5.2,Good,5,Master,Medium,6.5,No,2.37,4,2.6,No,0,6.0,Dorm,No,Medium,7,1,10,Auditory,2.4,56
100691,24,Other,Computer Science,2.8866017917770166,3.8,2.9,No,94.8,6.8,Fair,2,Some College,Low,2.5,Yes,3.17,6,8.7,No,4,11.5,Library,No,High,3,7,8,Auditory,9.5,69
168144,18,Other,Biology,2.8,1.0,2.5,Yes,48.1,7.0,Good,1,PhD,Medium,5.6,No,2.43,1,7.0,No,4,7.5,Library,No,High,1,5,10,Auditory,3.3,63
158356,16,Male,Biology,6.7,1.7,3.5,No,64.1,8.6,Good,3,Bachelor,Low,4.8,Yes,3.56,7,6.3,No,4,13.3,Co-Learning Group,No,Medium,6,10,5,Auditory,8.0,90
177240,24,Female,Engineering,2.2,3.1,2.6,No,52.6,7.4,Good,4,Bachelor,High,6.1,Yes,3.58,4,3.8,No,5,9.5,Cafe,Yes,High,1,10,5,Reading,9.9,85
104985,28,Other,Arts,4.2,3.9,1.3,No,96.7,8.0,Fair,4,High School,Medium,10.0,Yes,3.54,2,6.8,No,1,9.9,Cafe,Yes,Low,6,7,8,Auditory,9.7,84
136798,23,Female,Biology,4.3,1.3,2.1,No,40.8,7.1,Good,1,High School,Medium,3.9,Yes,3.97,5,6.3,No,4,9.2,Co-Learning Group,No,High,4,9,6,Reading,6.9,99
171425,25,Female,Biology,5.2,0.3,1.5,Yes,81.0,7.4,Good,6,High School,High,5.4,No,4.0,8,6.0,No,2,7.8,Co-Learning Group,Yes,High,3,1,10,Visual,2.6,97
128948,22,Female,Psychology,4.5,1.6,1.3,No,84.9,5.6,Good,5,PhD,Low,7.1,Yes,2.97,8,6.1,No,4,8.7,Dorm,Yes,Low,5,4,10,Visual,2.2,77
164679,21,Male,Engineering,6.3,1.8,2.6,No,82.0,5.0,Poor,2,PhD,Medium,8.7,No,3.2,1,5.3,No,2,12.6,Quiet Room,No,Medium,10,3,10,Kinesthetic,6.6,74
167741,18,Female,Psychology,2.8,2.3,2.1,Yes,97.1,7.7,Good,6,Bachelor,Medium,4.3,Yes,3.53,2,6.2,No,5,9.0,Quiet Room,Yes,Medium,5,1,10,Auditory,1.9,87
154678,21,Other,Business,2.8,4.9,3.5,Yes,95.8,7.4,Good,1,Some College,Medium,8.2,No,2.97,1,3.1,No,5,11.3,Quiet Room,No,High,8,5,10,Reading,5.1,75
144762,18,Female,Biology,4.1,4.9,0.5,No,62.0,5.3,Poor,4,High School,Medium,5.9,No,2.82,5,3.0,No,1,10.5,Co-Learning Group,No,Low,5,4,10,Auditory,8.1,73
156917,20,Other,Psychology,4.2,3.3,0.5,Yes,59.9,5.9,Good,4,PhD,Medium,8.0,No,3.87,6,3.4,No,1,9.2,Library,No,Medium,8,6,9,Kinesthetic,4.8,100
160980,16,Male,Business,6.0,4.9,2.9,Yes,41.3,9.8,Good,0,Master,Low,5.6,No,4.0,4,4.7,No,2,14.1,Dorm,No,High,5,7,8,Reading,9.2,93
172555,28,Other,Biology,3.5,4.3,1.9,Yes,44.6,8.4,Fair,0,PhD,High,5.9,Yes,3.56,2,5.1,No,0,10.1,Cafe,Yes,Low,9,8,7,Auditory,9.5,97
125695,19,Male,Psychology,6.7,2.3,1.5,Yes,56.3,8.9,Fair,3,Master,High,5.3,No,4.0,5,3.4,No,4,10.8,Library,Yes,Medium,5,2,10,Kinesthetic,5.4,99
120216,22,Other,Computer Science,6.855293674462793,1.7,2.3,No,79.3,6.1,Good,5,Bachelor,Low,5.8,No,4.0,8,2.9,No,3,12.5,Dorm,No,Low,5,7,8,Reading,5.2,100
165706,24,Other,Arts,4.4,0.6,0.0,Yes,84.6,7.4,Fair,3,High School,Medium,9.6,Yes,2.81,1,6.0,No,0,5.2,Library,No,Medium,3,2,10,Kinesthetic,8.8,68
154757,20,Other,Engineering,2.6,0.2,2.8,Yes,97.7,7.5,Fair,7,Master,High,4.9,No,3.36,8,7.9,No,4,7.2,Cafe,No,High,6,8,7,Kinesthetic,5.7,85
160042,22,Male,Arts,6.8,0.0,2.6,No,48.6,5.1,Good,1,Master,High,5.4,Yes,3.75,3,7.2,No,4,11.0,Dorm,No,High,3,6,9,Reading,3.9,99
116775,21,Female,Arts,5.7,4.0,1.1,No,73.3,6.8,Fair,3,High School,High,5.3,Yes,3.18,6,4.7,No,4,11.9,Cafe,No,High,9,10,5,Kinesthetic,1.7,82
176192,19,Other,Engineering,7.6,3.3,3.7,Yes,98.2,6.2,Fair,3,Bachelor,High,4.9,Yes,4.0,2,9.0,No,3,16.2,Co-Learning Group,Yes,Medium,7,9,6,Reading,7.4,100
165885,16,Female,Arts,3.9,4.3,1.2,No,57.1,9.1,Fair,3,High School,Low,6.9,Yes,4.0,2,6.6,No,5,11.3,Quiet Room,Yes,Medium,9,2,10,Auditory,3.4,100
101868,25,Male,Biology,2.8,2.8,3.5,No,71.4,9.0,Good,6,High School,Low,8.5,No,3.94,2,4.8,No,0,9.6,Dorm,Yes,High,1,9,6,Kinesthetic,6.9,99
108454,19,Female,Arts,6.5,4.8,0.7,No,46.9,6.0,Fair,5,Master,High,7.1,Yes,3.33,5,4.8,No,4,13.3,Co-Learning Group,Yes,Medium,4,4,10,Reading,2.0,76
156389,27,Male,Computer Science,7.256721034792506,3.9,1.9,No,74.7,6.5,Good,2,Bachelor,Low,4.6,Yes,4.0,6,3.5,No,4,14.6,Library,Yes,Medium,2,7,8,Reading,4.9,91
160723,28,Male,Arts,3.0,4.2,1.6,No,84.3,7.1,Good,0,Some College,Low,7.1,Yes,4.0,2,7.3,No,2,10.3,Dorm,Yes,High,8,6,9,Auditory,2.9,96
153350,17,Female,Biology,1.9,1.1,0.7,No,63.1,7.8,Fair,7,Bachelor,Low,8.3,No,3.46,8,5.8,No,5,5.3,Library,Yes,High,8,6,9,Kinesthetic,5.2,77
163458,17,Other,Biology,7.9,3.1,2.8,Yes,84.5,9.9,Good,4,PhD,Low,3.5,Yes,4.0,5,4.3,No,4,15.7,Co-Learning Group,No,High,10,4,10,Kinesthetic,1.5,100
172857,24,Other,Biology,3.6,4.2,3.9,Yes,99.8,7.5,Fair,5,Master,High,5.7,No,4.0,7,3.5,No,4,12.4,Cafe,No,Low,9,10,5,Kinesthetic,4.3,98
119963,28,Female,Arts,6.1,4.6,2.3,Yes,96.0,9.6,Poor,2,Master,Low,7.9,No,3.36,4,3.1,No,5,13.7,Dorm,No,Low,5,6,9,Reading,1.6,81
104764,20,Male,Engineering,3.8,4.1,3.0,Yes,83.8,6.1,Good,5,Master,Medium,7.5,Yes,4.0,7,6.0,No,0,12.2,Library,No,Medium,8,6,9,Visual,9.0,92
154368,20,Other,Business,3.2,4.3,1.3,Yes,49.4,9.3,Good,0,Bachelor,High,7.3,No,4.0,1,2.6,No,4,9.7,Cafe,Yes,Medium,5,1,10,Visual,2.1,97
125305,22,Female,Biology,5.2,0.3,1.8,Yes,85.0,9.4,Good,4,Bachelor,High,10.0,Yes,4.0,3,2.6,No,1,8.1,Co-Learning Group,Yes,Low,6,1,10,Reading,4.9,100
153371,18,Female,Engineering,5.6,5.0,3.3,Yes,63.5,6.3,Good,2,PhD,High,10.0,No,2.74,7,6.4,No,3,15.1,Cafe,No,Low,9,3,10,Kinesthetic,3.7,67
165738,20,Female,Psychology,4.8,3.6,0.7,No,62.8,6.7,Poor,6,Master,High,7.2,Yes,3.2,1,4.1,No,0,10.3,Dorm,Yes,High,1,6,9,Kinesthetic,3.3,80
155159,17,Other,Engineering,6.4,0.9,0.8,No,54.4,8.4,Good,4,PhD,High,8.0,Yes,4.0,7,5.0,No,3,8.9,Dorm,No,Medium,2,1,10,Visual,7.4,94
100642,18,Other,Biology,3.7,4.8,3.5,Yes,40.3,6.7,Good,6,Bachelor,High,4.3,No,3.68,2,4.9,No,5,13.0,Quiet Room,Yes,High,4,8,7,Kinesthetic,5.9,89
107376,23,Female,Arts,2.2,1.7,1.5,No,44.0,6.7,Fair,5,High School,High,8.2,Yes,3.45,8,2.8,No,2,6.0,Dorm,No,High,3,9,6,Visual,8.0,84
140879,16,Other,Business,1.6,4.6,2.0,Yes,49.4,5.5,Good,6,Bachelor,Medium,10.0,No,3.65,3,2.3,No,2,9.4,Dorm,No,Low,4,10,5,Visual,3.4,87
137908,23,Male,Psychology,4.6,3.8,0.4,Yes,71.0,6.6,Poor,2,Some College,Low,5.5,Yes,3.46,2,9.4,No,5,9.7,Library,Yes,High,2,8,7,Auditory,2.9,92
123201,23,Female,Engineering,6.4,2.0,1.9,Yes,51.6,7.9,Fair,1,Some College,High,8.1,No,4.0,2,4.1,No,5,11.1,Quiet Room,No,High,6,9,6,Visual,8.4,98
143966,25,Female,Psychology,9.3,4.4,1.4,No,43.7,4.7,Fair,7,High School,High,6.1,No,4.0,4,1.2,No,3,16.1,Co-Learning Group,No,Low,7,8,7,Visual,5.9,95
125101,22,Other,Computer Science,5.199365566562035,0.5,1.6,Yes,62.1,6.0,Good,7,PhD,Low,9.0,Yes,3.96,6,1.0,No,2,8.0,Co-Learning Group,Yes,Low,3,5,10,Visual,3.9,96
167439,19,Male,Psychology,5.8,1.3,3.6,Yes,86.4,5.3,Fair,7,PhD,Low,6.1,Yes,3.28,4,7.6,No,0,11.7,Dorm,No,Low,8,4,10,Visual,3.5,86
153095,24,Female,Computer Science,3.979238878953961,4.6,2.9,Yes,80.0,7.2,Poor,2,High School,Medium,7.7,Yes,4.0,8,3.8,No,5,12.7,Cafe,No,Medium,10,4,10,Kinesthetic,3.4,100
169593,23,Other,Biology,4.1,4.1,0.8,No,76.4,6.5,Good,1,Master,High,8.4,Yes,4.0,5,6.0,No,3,10.3,Library,Yes,High,6,4,10,Visual,1.9,100
172214,27,Other,Arts,1.6,1.0,3.5,No,44.2,8.4,Fair,1,Bachelor,High,8.2,No,2.58,2,5.7,No,4,7.3,Cafe,Yes,Medium,7,5,10,Kinesthetic,6.6,70
104236,23,Male,Business,1.9,2.9,2.3,No,51.6,5.3,Poor,1,PhD,Low,6.1,Yes,3.99,6,5.1,No,3,8.8,Co-Learning Group,Yes,High,10,5,10,Reading,7.0,88
100977,18,Male,Biology,3.7,3.1,2.1,Yes,84.8,8.3,Fair,4,PhD,High,10.0,Yes,4.0,7,5.0,No,4,9.0,Co-Learning Group,Yes,Low,10,7,8,Kinesthetic,6.7,100
174547,23,Female,Engineering,2.6,4.4,0.6,Yes,98.9,6.8,Good,3,Some College,High,6.6,No,4.0,3,5.7,No,1,8.4,Library,Yes,High,9,6,9,Kinesthetic,6.3,97
113974,27,Male,Psychology,2.0,1.9,3.3,Yes,42.3,8.0,Good,2,High School,Medium,6.8,Yes,3.19,3,3.0,No,5,7.2,Library,Yes,Low,1,8,7,Auditory,2.3,75
130260,19,Other,Engineering,6.0,3.7,1.4,No,74.0,6.4,Good,2,Bachelor,Low,3.1,Yes,3.46,1,7.2,No,5,13.0,Co-Learning Group,No,High,5,8,7,Reading,8.1,82
174409,17,Male,Computer Science,5.176798652366589,3.2,2.9,No,93.6,7.9,Fair,0,Master,Low,9.1,No,4.0,6,6.7,No,0,13.0,Cafe,Yes,Low,4,10,5,Reading,10.0,99
158078,21,Female,Business,3.6,3.5,3.4,Yes,61.5,7.4,Good,0,PhD,Medium,5.5,Yes,3.84,5,4.8,No,5,10.8,Cafe,No,Low,2,7,8,Visual,7.6,97
165400,28,Other,Arts,3.7,0.6,3.3,Yes,65.9,6.6,Fair,0,Bachelor,Medium,4.7,Yes,2.69,1,7.0,No,5,8.9,Library,Yes,Medium,7,2,10,Auditory,4.3,65
172842,21,Male,Arts,5.1,0.2,3.8,Yes,79.8,7.4,Poor,2,High School,High,7.0,No,3.07,4,4.1,No,3,11.0,Library,No,Low,7,6,9,Reading,7.9,80
176139,20,Other,Arts,5.8,1.7,2.3,Yes,99.3,8.1,Poor,2,PhD,High,4.8,No,2.89,3,7.1,No,2,11.6,Library,No,Medium,9,1,10,Visual,8.2,74
102126,27,Other,Engineering,5.1,3.3,3.2,Yes,91.7,6.9,Good,7,Bachelor,Medium,6.1,No,4.0,5,5.8,No,4,11.7,Quiet Room,No,Low,7,7,8,Auditory,6.5,100
132013,16,Female,Psychology,6.4,0.6,1.7,Yes,88.5,5.6,Poor,7,PhD,Medium,4.2,No,4.0,5,7.4,No,2,10.1,Quiet Room,No,Low,6,9,6,Auditory,4.7,100
166173,20,Female,Engineering,0.1,3.0,2.1,Yes,92.7,4.8,Good,1,Bachelor,Low,8.6,No,3.05,2,1.3,No,1,6.1,Library,No,Medium,7,3,10,Reading,5.5,78
151689,18,Male,Biology,4.4,2.6,0.3,No,49.0,4.9,Fair,7,PhD,Medium,7.5,No,3.57,6,1.4,No,5,8.3,Library,Yes,Low,7,3,10,Auditory,6.8,84
132129,24,Male,Engineering,1.5,3.4,0.8,Yes,93.9,7.7,Good,3,High School,Low,8.0,No,3.27,7,1.9,No,1,6.9,Quiet Room,No,High,2,6,9,Auditory,1.5,80
177947,17,Male,Business,5.2,2.4,0.3,No,40.8,4.0,Fair,3,Some College,Medium,8.7,Yes,3.39,1,3.2,No,1,9.2,Dorm,No,Low,3,1,10,Auditory,7.1,77
123492,28,Female,Arts,4.1,0.6,1.8,No,98.4,6.6,Fair,5,High School,High,7.5,Yes,4.0,8,5.3,No,1,7.6,Co-Learning Group,Yes,Low,2,7,8,Auditory,6.2,98
151403,21,Male,Engineering,4.2,3.1,2.2,No,67.6,7.4,Good,7,PhD,Low,5.7,Yes,3.91,2,7.0,No,3,10.0,Quiet Room,Yes,High,6,1,10,Reading,1.2,94
164782,18,Male,Psychology,2.9,1.9,1.1,Yes,68.4,7.9,Fair,4,Bachelor,High,9.6,Yes,3.45,7,1.0,No,4,7.8,Cafe,No,High,7,3,10,Visual,1.8,91
153488,26,Female,Biology,4.1,4.8,1.0,No,50.7,6.1,Good,0,Some College,Medium,6.7,Yes,2.63,5,4.2,No,3,11.8,Co-Learning Group,No,High,6,3,10,Kinesthetic,4.5,68
155474,22,Male,Engineering,2.4,2.2,3.3,Yes,83.8,4.9,Good,7,Master,High,6.7,No,2.46,3,6.3,No,3,9.7,Dorm,No,Medium,9,3,10,Reading,5.5,59
125494,16,Male,Computer Science,3.3659450574099585,0.6,1.2,No,61.5,7.4,Good,5,Bachelor,High,9.2,No,3.53,1,4.9,No,5,6.1,Dorm,Yes,Medium,4,5,10,Auditory,9.4,86
147250,18,Other,Business,5.4,4.6,1.7,No,82.6,7.3,Fair,0,High School,High,4.2,No,3.46,5,5.9,No,1,13.4,Quiet Room,No,High,7,6,9,Visual,5.0,92
118221,26,Other,Business,1.8,2.0,2.0,No,65.4,6.3,Poor,0,High School,High,5.0,No,4.0,1,4.4,No,4,5.9,Quiet Room,No,High,9,10,5,Kinesthetic,6.0,92
124498,16,Male,Psychology,4.0,5.0,2.5,Yes,54.6,6.9,Good,2,Master,Low,9.0,Yes,3.44,5,3.8,No,1,13.4,Co-Learning Group,No,High,4,7,8,Kinesthetic,4.4,93
124376,25,Other,Psychology,4.3,2.4,1.1,Yes,46.2,8.3,Good,7,Master,Medium,6.2,No,2.97,2,5.0,No,0,8.9,Dorm,Yes,Medium,8,5,10,Reading,7.0,84
132494,26,Male,Biology,4.3,0.3,1.1,Yes,91.3,7.9,Fair,3,Master,Medium,10.0,No,3.7,3,4.0,No,0,5.9,Co-Learning Group,No,High,6,8,7,Auditory,6.2,88
102740,24,Male,Engineering,2.3,1.1,3.1,No,84.3,9.1,Fair,5,High School,Medium,9.0,Yes,3.59,8,5.6,No,1,7.9,Co-Learning Group,No,Medium,5,4,10,Auditory,7.7,88
120641,22,Female,Psychology,3.3,4.7,0.2,Yes,66.4,7.6,Fair,5,High School,Medium,7.9,No,3.34,5,4.3,No,3,8.9,Dorm,Yes,Medium,7,5,10,Kinesthetic,2.5,84
162997,21,Other,Biology,3.5,1.0,2.6,Yes,50.9,6.6,Good,4,Some College,Medium,7.0,Yes,3.87,2,6.4,No,3,8.4,Co-Learning Group,No,Medium,7,6,9,Auditory,7.6,100
155069,16,Male,Computer Science,4.389771269634829,4.8,2.2,No,46.2,7.1,Fair,3,PhD,Low,10.0,No,3.23,5,4.7,No,4,12.3,Cafe,Yes,Medium,8,1,10,Visual,7.6,88
150893,28,Other,Arts,6.0,2.4,0.6,No,71.9,6.3,Fair,0,PhD,Low,5.3,Yes,4.0,8,6.0,No,3,10.5,Library,No,High,10,7,8,Auditory,1.3,99
141965,28,Other,Psychology,6.6,2.0,3.7,Yes,75.6,6.7,Good,2,Master,High,4.1,Yes,3.91,2,2.5,No,5,12.8,Dorm,Yes,High,6,2,10,Kinesthetic,4.5,100
149672,18,Other,Psychology,1.4,1.7,0.9,Yes,68.5,8.5,Fair,5,High School,Low,4.7,Yes,2.76,7,1.8,No,3,4.3,Cafe,Yes,Low,10,2,10,Visual,5.9,70
138916,16,Other,Computer Science,2.268055592591968,1.0,3.1,Yes,80.9,4.8,Fair,3,Master,Medium,10.0,Yes,3.9,6,4.3,No,1,7.1,Quiet Room,Yes,Medium,8,7,8,Kinesthetic,7.9,97
148091,22,Female,Psychology,1.1,0.0,0.1,Yes,85.7,8.6,Fair,7,Bachelor,Medium,8.3,Yes,3.59,3,7.1,No,2,2.6,Cafe,Yes,Medium,6,4,10,Reading,7.2,89
101115,28,Other,Business,7.3,3.1,1.6,Yes,65.8,4.1,Good,6,PhD,Medium,7.1,No,4.0,5,6.5,No,5,12.8,Quiet Room,Yes,High,5,8,7,Kinesthetic,1.1,99
108009,19,Other,Biology,3.0,4.5,0.0,No,86.2,10.0,Good,2,Master,Low,9.9,Yes,4.0,2,2.7,No,1,8.0,Dorm,No,High,1,10,5,Kinesthetic,4.6,100
143310,19,Female,Computer Science,2.299669821301512,1.8,2.8,No,62.6,7.3,Fair,6,High School,Medium,6.6,Yes,3.03,6,5.3,No,0,8.5,Quiet Room,No,High,2,7,8,Visual,5.7,77
110053,28,Other,Engineering,0.2,1.7,2.3,Yes,98.8,8.9,Fair,6,Master,Low,6.5,Yes,3.67,5,6.0,No,4,5.2,Library,No,High,2,7,8,Auditory,6.5,88
176597,20,Female,Engineering,2.1,4.2,3.5,Yes,76.0,6.2,Fair,1,Some College,Medium,8.3,No,2.77,7,4.6,No,3,10.0,Cafe,No,Medium,7,4,10,Visual,4.9,64
151909,16,Male,Business,0.0,2.6,2.6,No,71.2,5.7,Good,7,Master,Medium,6.9,Yes,4.0,1,4.3,No,2,6.3,Library,Yes,Low,1,1,10,Auditory,7.9,100
153453,25,Male,Biology,3.1,4.3,1.9,Yes,85.3,6.6,Good,5,Bachelor,High,7.5,No,3.52,8,5.7,No,2,10.1,Dorm,No,Low,9,5,10,Reading,2.8,83
160905,17,Female,Psychology,0.3,1.0,0.6,No,68.2,7.4,Poor,7,Some College,Medium,8.8,No,3.04,1,6.3,No,3,3.8,Co-Learning Group,Yes,High,2,7,8,Reading,4.2,68
179847,19,Other,Engineering,3.7,2.9,0.8,No,73.1,7.1,Good,4,Some College,Medium,8.3,No,3.47,1,4.2,No,5,9.2,Library,Yes,High,10,1,10,Auditory,8.7,91
130304,25,Other,Psychology,3.1,4.9,0.5,No,71.3,9.8,Fair,4,High School,Low,7.9,Yes,3.98,3,3.8,No,1,9.9,Co-Learning Group,No,Medium,10,8,7,Auditory,2.2,94
141297,18,Female,Biology,4.2,0.3,1.1,Yes,91.3,7.7,Fair,4,Bachelor,High,7.8,Yes,3.09,2,5.4,No,3,6.2,Quiet Room,No,Low,9,2,10,Visual,8.6,74
107930,16,Female,Engineering,8.8,4.4,0.5,No,56.2,5.4,Good,3,Master,Medium,7.9,Yes,3.6,1,4.0,No,1,15.3,Cafe,Yes,High,1,3,10,Visual,9.6,83
178947,25,Other,Arts,5.0,1.0,1.9,No,49.6,8.1,Fair,7,Bachelor,Low,7.7,No,4.0,4,5.4,No,3,8.1,Dorm,No,Low,2,7,8,Auditory,8.2,100
157924,25,Male,Biology,0.6,4.9,2.7,Yes,96.2,6.3,Fair,6,High School,Low,3.2,Yes,2.73,1,7.9,No,0,9.6,Cafe,Yes,Low,7,3,10,Kinesthetic,6.0,73
151486,28,Female,Arts,4.9,2.1,2.7,Yes,70.7,6.1,Good,0,Master,Low,7.4,No,3.17,7,3.1,No,3,11.3,Cafe,No,Medium,6,1,10,Visual,9.6,81
157117,24,Female,Arts,6.1,2.2,0.7,No,68.1,7.3,Fair,5,Master,Medium,7.3,Yes,3.73,4,3.4,No,1,10.3,Co-Learning Group,Yes,High,6,10,5,Auditory,7.1,92
118798,26,Other,Psychology,0.9,2.8,2.9,Yes,52.0,8.7,Fair,2,Some College,High,6.4,No,3.63,4,4.5,No,2,8.3,Dorm,No,High,1,7,8,Visual,8.1,93
161192,17,Female,Biology,3.4,0.8,3.3,No,81.7,7.5,Good,6,Some College,Low,5.5,No,3.62,3,7.1,No,3,8.7,Co-Learning Group,Yes,Low,10,8,7,Reading,7.8,94
116219,26,Other,Psychology,0.5,3.8,1.4,No,46.9,5.5,Poor,6,Master,Low,8.3,Yes,3.67,2,4.9,No,2,7.1,Cafe,Yes,Medium,6,9,6,Kinesthetic,8.2,88
158282,18,Other,Biology,3.7,0.4,2.0,No,90.1,8.5,Good,6,Master,High,6.2,Yes,4.0,5,4.8,No,0,6.5,Library,Yes,Low,8,7,8,Kinesthetic,8.0,100
176414,25,Other,Psychology,5.2,4.4,0.0,No,54.3,8.2,Poor,6,Bachelor,Low,7.199999999999999,Yes,3.97,6,8.3,No,3,10.5,Library,Yes,Low,1,7,8,Visual,2.2,93
172423,27,Female,Computer Science,3.6169952538957824,4.6,2.6,Yes,64.3,6.9,Good,2,Some College,High,1.4,No,2.4,2,5.3,No,0,11.9,Dorm,No,Medium,5,2,10,Auditory,6.8,65
168523,22,Other,Business,3.6,2.9,4.0,No,40.6,6.2,Poor,5,High School,Medium,5.6,Yes,4.0,5,4.5,No,1,11.4,Quiet Room,Yes,Low,3,1,10,Reading,10.0,97
140848,26,Male,Engineering,3.8,4.3,3.2,No,70.4,7.0,Fair,0,High School,Low,4.9,No,3.67,7,1.0,No,3,12.1,Dorm,No,Medium,1,9,6,Reading,8.0,93
137355,17,Male,Engineering,4.1,3.6,0.6,No,63.4,4.0,Fair,0,Bachelor,High,6.9,No,3.28,8,3.8,No,1,9.1,Cafe,No,Medium,2,1,10,Visual,8.3,80
156944,25,Male,Arts,5.5,2.4,1.5,No,70.8,6.8,Good,6,High School,Low,4.1,No,3.54,5,8.0,No,1,11.2,Dorm,Yes,Medium,1,6,9,Visual,8.7,93
148351,28,Male,Biology,2.9,4.6,2.3,No,70.2,8.1,Fair,0,Some College,High,9.9,Yes,4.0,3,4.5,No,3,11.5,Quiet Room,Yes,High,10,1,10,Visual,1.5,100
114401,18,Female,Business,2.5,1.0,2.7,No,99.5,7.9,Poor,7,Bachelor,Medium,1.7000000000000002,Yes,4.0,1,7.1,No,1,6.9,Cafe,No,High,4,7,8,Kinesthetic,9.6,100
119355,22,Male,Engineering,4.9,4.7,2.3,Yes,44.8,4.3,Fair,2,PhD,High,5.0,No,3.77,1,7.6,No,5,11.9,Cafe,No,Medium,8,3,10,Kinesthetic,9.8,93
154609,25,Female,Engineering,3.5,2.7,2.8,No,60.1,6.3,Good,6,Bachelor,Medium,7.5,Yes,3.14,4,1.9,No,4,9.8,Cafe,Yes,Low,1,6,9,Kinesthetic,9.7,74
150038,17,Other,Arts,6.2,3.0,1.2,No,79.5,4.9,Poor,3,PhD,Low,7.6,No,4.0,5,1.0,No,1,10.4,Dorm,No,High,2,10,5,Auditory,8.7,92
133303,19,Other,Psychology,5.8,3.6,0.3,No,72.3,4.5,Good,3,Some College,Medium,3.8,Yes,3.4,2,3.3,No,1,11.7,Library,No,Medium,10,9,6,Kinesthetic,9.0,83
128376,23,Female,Business,4.9,0.4,2.7,No,64.1,5.9,Poor,7,Bachelor,Medium,6.8,No,3.77,7,3.3,No,4,8.7,Library,No,Medium,9,4,10,Auditory,1.8,87
168868,22,Other,Arts,3.6,4.2,2.9,No,63.5,6.4,Fair,1,Master,Low,7.0,No,3.63,1,6.7,No,1,12.1,Quiet Room,No,High,5,3,10,Visual,3.7,92
103967,26,Other,Engineering,5.3,4.2,1.6,No,54.8,6.9,Fair,4,Bachelor,Medium,6.3,Yes,4.0,1,3.4,No,1,13.0,Cafe,Yes,High,2,4,10,Reading,6.3,94
105839,24,Male,Computer Science,3.4550744579453747,3.9,2.3,No,63.8,8.7,Good,4,Some College,Low,6.9,No,3.99,7,5.2,No,4,10.3,Quiet Room,Yes,Medium,2,9,6,Auditory,7.1,91
174511,26,Other,Biology,5.1,1.0,3.1,Yes,67.9,5.9,Fair,2,Master,Low,6.9,No,3.56,6,6.5,No,4,10.5,Quiet Room,Yes,High,6,1,10,Auditory,5.6,92
140531,24,Female,Business,3.6,2.6,1.8,No,57.0,6.9,Poor,7,Some College,High,9.6,No,3.98,8,4.3,No,0,9.5,Co-Learning Group,No,Low,7,2,10,Reading,8.2,98
177605,28,Female,Biology,4.2,4.4,1.4,Yes,62.0,8.6,Good,0,Master,Medium,8.1,No,3.25,7,4.0,No,0,10.4,Cafe,Yes,High,6,9,6,Kinesthetic,6.6,76
158254,22,Other,Biology,3.8,0.4,2.9,Yes,60.3,4.5,Fair,5,Bachelor,Low,3.8,Yes,3.22,6,3.0,No,3,8.4,Library,No,High,10,1,10,Visual,1.2,74
142345,18,Female,Psychology,2.7,3.1,0.8,Yes,55.0,6.5,Poor,2,High School,Low,7.8,Yes,2.99,2,3.2,No,4,7.9,Quiet Room,No,High,5,7,8,Reading,5.6,75
110077,25,Female,Arts,2.5,1.3,0.1,No,96.6,7.0,Good,1,Bachelor,Medium,4.8,Yes,3.14,3,1.2,No,1,5.0,Library,Yes,Low,7,5,10,Visual,7.7,69
157680,16,Female,Engineering,6.4,2.7,2.5,No,49.5,8.0,Fair,3,PhD,Low,3.9,Yes,3.39,3,1.0,No,0,12.5,Cafe,Yes,Medium,1,6,9,Reading,2.5,86
147703,25,Female,Psychology,5.8,2.6,3.0,No,62.9,5.0,Good,2,Bachelor,High,6.1,Yes,4.0,3,5.4,No,1,12.9,Dorm,Yes,High,10,9,6,Reading,3.8,97
137146,24,Female,Psychology,6.0,1.2,1.4,No,53.0,4.2,Good,5,Bachelor,Medium,7.5,No,4.0,5,3.8,No,4,10.4,Quiet Room,No,High,1,3,10,Kinesthetic,8.1,100
149072,28,Female,Engineering,1.4,2.9,2.2,No,80.5,9.7,Good,7,Some College,Low,8.4,Yes,2.66,7,4.0,No,5,8.3,Dorm,No,Low,3,7,8,Visual,5.3,53
107147,28,Female,Computer Science,8.124675760317814,3.8,2.1,No,98.3,5.5,Good,7,High School,Medium,8.6,No,4.0,6,5.5,No,5,15.8,Co-Learning Group,No,Low,6,10,5,Kinesthetic,1.9,100
132434,26,Female,Engineering,6.8,1.2,0.6,No,81.9,6.3,Fair,3,PhD,Medium,5.7,No,4.0,7,2.2,No,5,8.8,Library,No,Medium,7,7,8,Reading,3.7,100
159527,25,Other,Computer Science,3.2166759287001696,3.6,0.3,No,88.1,5.1,Fair,4,Master,Medium,6.0,No,3.96,7,5.1,No,3,8.9,Library,No,Medium,7,7,8,Reading,8.0,90
147258,18,Male,Biology,6.3,4.7,1.0,No,78.1,7.3,Good,2,Bachelor,High,2.2,No,4.0,6,4.1,No,2,12.5,Dorm,Yes,Low,3,10,5,Reading,7.5,96
127388,24,Female,Computer Science,2.752982607610814,1.6,0.1,No,98.5,4.4,Fair,0,PhD,Low,6.2,No,3.76,6,2.4,No,1,4.8,Quiet Room,No,Low,9,10,5,Kinesthetic,2.1,91
128872,20,Female,Engineering,5.8,4.9,1.8,Yes,92.4,6.9,Poor,2,High School,High,10.0,Yes,4.0,8,4.8,No,0,14.1,Library,No,Medium,9,9,6,Kinesthetic,1.1,94
138897,21,Other,Computer Science,4.649278406279396,4.4,1.5,No,61.5,6.8,Good,0,PhD,High,5.3,No,3.8,1,6.2,No,0,11.2,Library,Yes,High,2,8,7,Auditory,6.9,97
117464,22,Female,Business,5.8,4.5,1.7,No,91.2,8.6,Good,1,Some College,Low,4.3,No,3.12,7,2.1,No,1,13.6,Library,No,High,1,6,9,Reading,1.4,82
142494,26,Other,Arts,5.9,3.3,2.9,No,85.8,7.6,Good,4,Master,Medium,9.4,No,3.18,6,6.6,No,3,13.2,Co-Learning Group,No,High,1,5,10,Reading,6.7,78
141757,28,Female,Psychology,5.6,3.7,3.8,Yes,43.1,7.2,Poor,7,Some College,Low,7.800000000000001,Yes,3.21,2,7.6,No,5,13.6,Quiet Room,No,High,3,4,10,Visual,7.9,79
156105,26,Male,Business,6.5,4.3,1.8,No,97.7,5.6,Fair,3,Some College,Low,3.9,Yes,2.81,1,6.5,No,3,14.2,Dorm,Yes,Medium,1,2,10,Visual,9.5,67
117579,23,Female,Business,3.3,1.7,0.2,No,79.0,6.3,Fair,3,Master,Medium,3.9,Yes,2.87,6,1.0,No,2,6.6,Co-Learning Group,Yes,Medium,6,2,10,Reading,3.3,76
104756,25,Female,Engineering,4.1,4.3,1.0,Yes,97.9,5.6,Poor,2,High School,Medium,5.0,Yes,3.05,1,5.2,No,4,10.4,Dorm,Yes,Medium,10,6,9,Visual,7.7,71
159422,24,Male,Engineering,4.4,1.8,1.0,No,41.1,6.7,Fair,6,PhD,Low,10.0,No,4.0,3,6.1,No,3,8.9,Library,Yes,Medium,10,10,5,Visual,2.0,96
172585,21,Male,Computer Science,3.869657736495326,4.0,1.1,Yes,71.3,4.1,Fair,5,High School,Low,2.5,Yes,4.0,4,7.3,No,2,9.6,Dorm,No,High,3,9,6,Kinesthetic,9.7,91
122393,27,Other,Arts,5.6,0.1,1.6,No,82.6,4.2,Poor,2,High School,High,6.6,Yes,2.85,6,4.5,No,3,7.9,Dorm,Yes,High,1,4,10,Reading,4.5,65
163653,28,Female,Computer Science,2.241077278379497,4.8,1.8,No,86.5,5.9,Good,7,Bachelor,Medium,8.5,No,4.0,5,6.4,No,1,9.1,Quiet Room,No,Low,1,10,5,Visual,9.3,98
119045,22,Male,Computer Science,6.23147656171724,2.8,3.6,No,54.9,7.1,Good,3,Some College,Medium,6.5,No,3.86,7,7.0,No,2,12.7,Co-Learning Group,Yes,Medium,3,9,6,Kinesthetic,5.2,95
133083,27,Female,Biology,8.0,2.5,2.9,Yes,46.8,5.4,Good,5,Some College,High,5.1,Yes,3.94,1,1.0,No,3,15.2,Dorm,No,Low,6,9,6,Kinesthetic,8.5,94
122758,23,Female,Biology,0.0,0.5,0.1,No,81.7,6.2,Poor,0,High School,Low,6.4,No,3.67,4,6.3,No,5,1.7,Dorm,Yes,High,4,4,10,Visual,9.9,96
130249,28,Other,Biology,3.3,4.1,1.3,No,99.4,4.8,Good,1,Master,Low,7.9,Yes,3.87,2,4.4,No,1,9.5,Co-Learning Group,No,Low,1,9,6,Reading,3.4,91
158059,24,Other,Psychology,3.7,1.1,0.5,No,91.5,6.9,Fair,6,PhD,High,8.1,Yes,4.0,8,1.9,No,2,7.3,Library,No,Low,9,6,9,Reading,5.5,100
160968,18,Female,Biology,3.6,0.2,3.0,Yes,40.3,6.4,Good,3,Some College,High,7.4,No,4.0,3,5.9,No,5,8.6,Quiet Room,Yes,High,1,8,7,Reading,3.1,95
113028,21,Male,Business,4.7,2.5,2.2,Yes,62.2,9.0,Fair,2,PhD,Medium,8.3,Yes,4.0,1,6.8,No,4,11.4,Quiet Room,Yes,High,5,3,10,Visual,3.3,100
117223,27,Female,Engineering,1.2,4.8,3.3,No,86.5,8.1,Fair,4,Master,Medium,5.4,Yes,4.0,7,9.5,No,0,10.6,Library,Yes,Low,1,10,5,Auditory,6.7,100
116280,18,Male,Engineering,3.3,1.5,1.6,Yes,42.7,8.1,Good,0,Bachelor,High,6.8,No,4.0,8,4.8,No,5,6.4,Co-Learning Group,Yes,High,4,9,6,Visual,3.9,96
155654,27,Female,Business,6.3,0.5,2.0,No,68.4,5.9,Poor,6,High School,High,5.1,Yes,4.0,5,4.4,No,3,10.2,Quiet Room,No,Low,4,4,10,Visual,2.4,100
149597,28,Other,Engineering,4.3,4.7,2.0,No,92.1,6.8,Good,6,Master,High,9.8,Yes,2.8,6,5.9,No,4,11.2,Cafe,No,Medium,9,1,10,Kinesthetic,2.6,68
106597,17,Other,Business,6.3,4.3,1.4,No,89.3,7.0,Fair,1,PhD,Medium,6.8,Yes,2.98,6,3.1,No,1,12.7,Co-Learning Group,No,High,2,4,10,Auditory,4.9,83
154410,27,Other,Arts,6.0,4.7,2.0,Yes,67.2,6.1,Good,2,Master,Low,7.8,Yes,3.25,5,6.3,No,3,13.7,Dorm,No,Low,2,10,5,Visual,1.5,88
128480,27,Female,Engineering,3.5,0.1,3.5,Yes,80.2,6.2,Fair,2,High School,Medium,4.0,Yes,3.4,6,5.5,No,5,7.9,Library,Yes,High,7,10,5,Reading,4.1,90
125621,27,Female,Business,0.0,3.7,2.5,No,59.7,8.6,Poor,3,Some College,Low,6.6,No,4.0,4,1.4,No,2,7.4,Dorm,No,High,4,9,6,Visual,8.1,100
148703,19,Male,Business,2.8,3.2,2.4,Yes,56.6,6.5,Poor,4,Master,High,3.7,No,3.48,5,7.2,No,1,10.0,Library,No,Low,2,6,9,Kinesthetic,5.6,88
168297,26,Female,Engineering,2.8,1.4,1.8,Yes,44.6,8.0,Fair,2,PhD,Medium,6.8,Yes,3.32,1,8.5,No,2,7.6,Co-Learning Group,No,Low,7,8,7,Kinesthetic,2.2,84
109861,16,Male,Engineering,4.6,3.3,1.1,No,52.7,8.5,Good,4,Bachelor,High,8.8,Yes,4.0,4,9.7,No,4,9.8,Cafe,Yes,High,1,10,5,Kinesthetic,4.2,95
140835,20,Male,Engineering,0.0,1.8,1.2,No,75.4,7.5,Fair,3,Some College,High,5.4,No,2.45,7,6.0,No,2,3.5,Quiet Room,Yes,Low,4,1,10,Visual,5.9,59
122585,19,Female,Biology,6.8,1.3,2.9,Yes,40.8,7.2,Good,1,PhD,Low,9.9,Yes,4.0,1,4.0,No,4,12.3,Cafe,Yes,High,5,4,10,Kinesthetic,9.7,98
141994,27,Other,Arts,2.5,3.0,0.1,Yes,44.0,9.3,Fair,1,Bachelor,High,7.6,Yes,3.83,5,1.2,No,1,6.9,Co-Learning Group,No,High,4,9,6,Kinesthetic,9.3,95
141136,26,Other,Engineering,5.2,1.9,0.1,Yes,60.6,5.9,Poor,7,Master,High,7.6,Yes,4.0,2,9.6,No,1,7.4,Library,No,Medium,7,10,5,Auditory,3.5,100
134959,27,Male,Biology,4.1,0.9,3.1,Yes,80.2,8.8,Good,4,Master,Low,7.3,No,3.61,4,3.2,No,2,9.9,Quiet Room,No,High,5,4,10,Visual,3.5,88
179137,22,Other,Arts,2.8,2.7,1.4,No,81.6,8.2,Good,4,Some College,High,3.5,No,3.09,1,6.7,No,0,8.2,Co-Learning Group,No,Medium,4,1,10,Kinesthetic,1.1,68
130698,20,Female,Arts,6.0,2.7,2.1,Yes,57.5,7.6,Poor,6,Bachelor,Medium,5.0,No,4.0,3,4.8,No,1,11.5,Library,Yes,High,6,8,7,Visual,1.6,93
105151,17,Male,Arts,3.2,1.2,2.1,No,92.7,7.0,Fair,6,Some College,Medium,5.4,No,3.61,2,4.4,No,3,8.4,Dorm,No,Low,10,2,10,Kinesthetic,9.3,84
103871,24,Other,Engineering,5.2,2.6,2.3,Yes,67.7,5.2,Good,0,PhD,High,6.5,Yes,4.0,4,6.3,No,3,11.8,Quiet Room,Yes,Medium,4,9,6,Visual,6.9,100
116813,27,Male,Biology,6.5,1.7,2.1,No,46.7,5.3,Poor,7,High School,Medium,6.2,No,4.0,8,3.7,No,0,10.8,Dorm,Yes,Low,2,3,10,Kinesthetic,2.3,100
147131,20,Male,Biology,4.8,3.7,2.6,No,70.0,8.3,Fair,7,Some College,Medium,6.4,Yes,4.0,3,5.4,No,5,12.6,Cafe,No,Medium,4,2,10,Auditory,1.5,100
113609,20,Male,Biology,3.8,2.6,2.5,Yes,82.6,7.4,Fair,0,PhD,Medium,1.0,Yes,3.61,6,5.9,No,2,9.6,Quiet Room,Yes,High,7,3,10,Visual,6.5,93
151280,19,Female,Biology,4.8,4.5,0.7,No,51.4,4.5,Fair,1,Master,High,8.5,No,3.27,6,1.0,No,3,11.7,Cafe,No,High,10,5,10,Reading,7.2,82
160818,20,Female,Computer Science,6.4748346121031775,3.8,1.9,No,56.5,9.0,Fair,4,Master,Medium,6.5,Yes,4.0,8,5.1,No,1,12.9,Quiet Room,No,High,8,2,10,Auditory,8.2,100
106152,24,Other,Computer Science,7.450807385638812,2.6,1.2,Yes,76.9,4.4,Good,3,Master,Low,4.3,Yes,2.6,7,7.5,No,5,13.1,Dorm,Yes,Low,5,4,10,Reading,5.6,58
153442,23,Female,Arts,6.0,3.1,1.9,Yes,59.9,5.7,Good,6,Bachelor,High,8.8,No,3.54,5,7.6,No,5,13.0,Library,No,Medium,6,3,10,Auditory,5.8,87
117733,24,Male,Business,2.7,2.9,2.3,Yes,87.6,7.7,Fair,2,Some College,High,7.8,Yes,2.55,3,4.9,No,4,9.0,Library,Yes,High,6,1,10,Kinesthetic,4.5,62
139969,25,Female,Business,0.0,3.3,1.6,No,48.2,7.6,Good,4,High School,Low,3.7,No,4.0,6,7.3,No,3,6.2,Quiet Room,Yes,Medium,7,10,5,Kinesthetic,6.4,100
164430,16,Other,Psychology,3.9,0.4,3.0,No,46.8,7.2,Fair,0,High School,Medium,10.0,Yes,3.61,3,4.5,No,4,8.1,Library,No,High,9,6,9,Visual,3.7,92
128331,19,Other,Business,1.2,5.0,1.4,No,47.4,10.6,Poor,0,Some College,Medium,10.0,Yes,3.45,5,3.0,No,3,8.4,Cafe,Yes,Medium,5,4,10,Auditory,5.2,92
167572,20,Other,Arts,9.6,4.8,0.2,Yes,68.9,7.4,Poor,2,Bachelor,High,3.5,Yes,3.51,3,5.9,No,2,14.9,Co-Learning Group,No,High,1,4,10,Auditory,2.8,86
101853,24,Female,Engineering,8.1,4.0,0.5,Yes,41.5,6.0,Fair,6,Some College,High,8.2,No,3.62,3,6.4,No,3,13.5,Cafe,No,High,6,2,10,Visual,7.4,95
137620,27,Other,Psychology,4.3,4.1,2.1,No,44.3,6.5,Poor,4,Some College,Low,9.3,Yes,3.33,6,5.3,No,5,11.0,Quiet Room,Yes,High,7,1,10,Kinesthetic,1.4,87
101673,19,Other,Biology,4.6,1.9,1.3,No,99.7,6.7,Fair,6,Some College,High,8.6,Yes,3.99,5,6.1,No,4,9.7,Quiet Room,Yes,Low,3,6,9,Auditory,3.0,100
140969,19,Other,Engineering,4.4,1.3,0.6,No,54.9,5.0,Fair,2,PhD,Medium,4.6,No,4.0,2,3.2,No,4,7.9,Library,No,High,3,2,10,Auditory,7.4,97
101430,21,Male,Computer Science,6.3876045013811735,2.0,1.5,Yes,66.2,7.1,Good,5,High School,Low,7.1,Yes,4.0,5,3.2,No,2,10.0,Library,Yes,High,6,5,10,Auditory,2.1,100
133881,26,Male,Engineering,6.9,0.6,3.5,Yes,92.2,9.3,Good,2,High School,Medium,6.0,No,4.0,2,6.9,No,0,12.8,Quiet Room,No,Low,9,1,10,Auditory,2.0,92
115806,17,Other,Arts,1.7,1.3,0.8,No,42.0,5.8,Good,7,Bachelor,Medium,4.9,Yes,3.92,7,3.5,No,4,5.0,Library,Yes,Medium,3,2,10,Kinesthetic,7.8,100
103059,28,Female,Computer Science,6.918838422476963,2.5,3.0,No,58.0,5.6,Good,2,PhD,High,6.5,No,4.0,1,5.9,No,0,12.7,Quiet Room,No,High,7,7,8,Kinesthetic,4.6,100
164014,17,Other,Arts,3.1,4.0,2.1,No,83.4,5.9,Good,5,PhD,Medium,5.0,Yes,3.38,1,7.5,No,3,10.4,Dorm,No,Medium,4,4,10,Reading,5.7,86
117743,28,Other,Arts,6.8,3.6,1.0,No,97.9,6.4,Fair,3,Master,High,4.1,No,4.0,3,1.6,No,2,11.5,Co-Learning Group,No,Medium,2,9,6,Auditory,1.8,97
111993,16,Male,Biology,4.6,4.3,2.2,No,90.5,8.1,Fair,6,PhD,Medium,3.7,No,2.9,2,4.5,No,4,13.0,Co-Learning Group,No,Low,8,3,10,Reading,6.3,69
107101,27,Other,Biology,4.3,2.3,3.6,No,95.4,7.3,Good,6,Master,High,8.5,No,4.0,2,6.3,No,4,10.9,Library,Yes,Low,9,4,10,Reading,5.2,100
116465,22,Other,Business,1.2,3.2,1.5,No,95.3,6.6,Good,3,PhD,Low,7.2,Yes,2.8,7,5.5,No,4,7.0,Co-Learning Group,Yes,Low,10,3,10,Visual,3.2,70
152208,24,Female,Biology,1.7,1.8,3.7,Yes,74.4,4.4,Poor,5,Master,Medium,6.6,Yes,3.21,6,7.5,No,1,7.6,Library,Yes,High,2,10,5,Visual,4.4,75
106141,17,Male,Computer Science,5.067223047992069,3.5,0.8,No,40.8,6.1,Fair,5,Some College,Low,3.6,No,3.27,5,3.2,No,4,10.3,Library,Yes,High,5,3,10,Reading,6.2,85
150334,25,Male,Computer Science,4.845834773680256,4.9,1.8,Yes,93.4,7.3,Good,2,Bachelor,High,8.8,Yes,3.27,3,4.8,No,3,13.1,Quiet Room,No,Medium,2,8,7,Kinesthetic,6.0,79
122230,28,Male,Engineering,4.9,4.5,3.9,Yes,97.9,4.8,Good,7,Some College,High,3.7,No,3.88,7,1.0,No,5,15.0,Cafe,No,High,2,4,10,Reading,3.4,100
166205,25,Female,Biology,3.0,1.4,0.0,Yes,43.9,9.3,Good,3,Bachelor,Medium,6.2,No,3.95,6,1.7,No,1,5.4,Dorm,No,Medium,1,7,8,Reading,3.5,100
142399,19,Male,Psychology,2.6,0.2,3.3,Yes,90.9,7.4,Good,5,Bachelor,Low,8.5,Yes,3.04,1,4.7,No,0,6.3,Cafe,No,Medium,1,5,10,Reading,1.4,86
109937,16,Female,Biology,1.7,3.1,3.0,No,50.9,7.4,Poor,5,PhD,Low,8.1,Yes,3.8,5,3.0,No,1,7.9,Dorm,No,Medium,9,6,9,Auditory,5.8,100
106609,19,Other,Psychology,4.2,1.2,0.9,No,93.5,6.0,Good,1,PhD,Low,5.7,Yes,4.0,6,3.5,No,5,6.7,Cafe,No,Low,10,8,7,Auditory,4.7,100
140670,28,Male,Psychology,2.1,2.6,2.8,Yes,94.8,8.3,Good,2,PhD,High,9.9,No,2.85,3,4.2,No,0,8.5,Library,Yes,High,8,5,10,Kinesthetic,7.5,74
132078,19,Female,Business,2.2,0.9,1.8,No,76.2,9.3,Good,3,PhD,High,7.7,No,3.44,3,3.1,No,4,6.6,Quiet Room,No,Medium,6,5,10,Kinesthetic,2.6,90
131755,24,Female,Business,4.7,0.2,1.9,No,74.6,7.9,Fair,2,Bachelor,High,7.4,Yes,3.2,3,1.0,No,0,8.7,Co-Learning Group,No,High,5,6,9,Kinesthetic,1.7,80
126694,28,Male,Arts,10.0,2.7,3.6,Yes,75.6,5.5,Fair,7,Bachelor,Medium,6.8,No,4.0,4,5.3,No,3,17.3,Co-Learning Group,No,High,2,10,5,Kinesthetic,6.2,98
177514,17,Female,Psychology,3.7,4.8,0.7,Yes,45.2,6.0,Fair,4,High School,Low,6.8,Yes,3.03,2,8.1,No,3,11.0,Cafe,Yes,Low,7,6,9,Visual,4.7,74
170713,24,Male,Computer Science,7.1929875303287485,4.0,0.5,No,88.9,8.0,Fair,2,Master,Medium,7.8,Yes,4.0,8,4.4,No,5,12.4,Co-Learning Group,No,High,2,10,5,Auditory,9.0,100
172305,22,Other,Biology,0.8,1.3,1.9,Yes,83.0,4.7,Fair,6,High School,Low,6.1,No,3.11,2,4.6,No,5,4.7,Library,Yes,Medium,4,7,8,Kinesthetic,8.7,78
175392,26,Female,Computer Science,6.6558952243493135,0.0,2.5,Yes,75.3,5.5,Good,6,Master,High,7.6,No,3.37,3,1.9,No,1,9.2,Quiet Room,Yes,Low,6,2,10,Kinesthetic,8.1,87
146035,18,Female,Computer Science,4.655682321701409,4.7,1.4,Yes,85.8,6.5,Good,4,Bachelor,High,8.8,No,4.0,3,7.7,No,4,11.4,Library,Yes,Medium,2,10,5,Kinesthetic,4.3,100
152851,21,Male,Engineering,3.4,2.6,3.0,Yes,80.3,7.5,Good,2,PhD,High,5.2,No,4.0,7,7.3,No,5,10.7,Co-Learning Group,Yes,High,9,6,9,Kinesthetic,3.8,100
131269,27,Female,Psychology,4.0,1.0,3.5,Yes,47.5,6.0,Good,2,Master,Low,9.1,No,2.64,8,3.9,No,2,9.7,Dorm,No,Low,3,7,8,Visual,7.3,70
154445,21,Male,Biology,8.0,4.4,0.8,No,77.6,6.5,Poor,0,High School,Low,10.0,No,3.0,3,6.9,No,1,14.5,Co-Learning Group,No,High,5,4,10,Visual,2.9,77
115675,18,Male,Psychology,1.9,4.3,1.5,No,57.9,5.7,Fair,4,Master,High,7.0,Yes,2.82,8,4.9,No,1,9.5,Cafe,No,Low,1,4,10,Auditory,9.0,70
154645,25,Male,Engineering,6.5,4.7,1.2,Yes,53.4,9.8,Good,3,High School,High,5.7,Yes,3.59,4,6.4,No,2,14.3,Dorm,Yes,High,6,10,5,Kinesthetic,9.4,95
166040,18,Male,Arts,0.0,1.1,3.1,No,98.6,5.4,Good,6,PhD,High,10.0,No,3.53,8,3.3,No,5,5.1,Co-Learning Group,Yes,Low,8,7,8,Reading,2.9,91
135237,26,Female,Arts,5.5,3.3,1.9,No,41.5,9.7,Poor,2,Master,High,9.4,No,3.3,2,4.9,No,1,12.6,Cafe,No,Medium,8,4,10,Visual,3.1,89
125216,22,Other,Psychology,6.6,4.3,0.7,Yes,76.9,5.7,Poor,1,Master,Low,9.3,Yes,3.27,1,5.1,No,0,12.9,Dorm,Yes,High,1,2,10,Visual,5.4,84
173666,17,Other,Psychology,6.0,3.0,0.9,Yes,97.8,6.6,Good,3,Bachelor,Medium,8.6,Yes,4.0,6,2.6,No,1,10.0,Dorm,Yes,High,10,3,10,Auditory,1.3,99
163292,26,Male,Biology,4.9,1.4,1.4,No,96.1,6.5,Fair,1,Master,Low,10.0,Yes,2.98,1,7.3,No,3,8.8,Dorm,No,High,4,5,10,Auditory,2.3,73
125708,27,Female,Engineering,6.3,3.4,1.1,Yes,47.1,8.2,Poor,0,High School,Medium,5.2,No,3.93,8,7.1,No,0,11.0,Library,Yes,Low,6,6,9,Auditory,2.2,100
144314,20,Female,Engineering,3.6,2.4,2.2,Yes,47.6,5.1,Good,2,Some College,Medium,8.0,Yes,3.16,7,6.5,No,3,10.1,Library,Yes,Medium,10,3,10,Auditory,1.5,73
157500,22,Male,Engineering,4.1,1.9,2.5,Yes,89.9,7.7,Good,1,PhD,High,8.1,Yes,2.73,3,7.0,No,2,8.6,Cafe,No,Low,4,7,8,Kinesthetic,7.2,67
169744,18,Male,Engineering,5.7,3.2,1.1,No,62.5,6.3,Good,6,Some College,High,4.9,Yes,2.59,8,4.4,No,5,10.4,Dorm,No,High,2,4,10,Visual,8.3,66
178730,16,Male,Business,4.2,3.1,1.2,No,83.4,6.4,Fair,7,Master,High,7.9,Yes,3.77,2,3.6,No,5,8.7,Dorm,No,Low,9,5,10,Reading,9.2,100
102884,17,Other,Business,0.0,1.2,1.6,Yes,42.1,5.2,Fair,0,Bachelor,Low,7.5,Yes,2.32,7,4.5,No,4,3.2,Co-Learning Group,Yes,High,8,1,10,Reading,7.7,56
143662,18,Female,Business,1.2,2.9,2.5,Yes,47.7,7.8,Good,6,Master,Medium,3.0,No,2.12,7,3.7,No,5,8.3,Dorm,No,Low,4,2,10,Reading,2.1,66
146999,24,Male,Computer Science,2.313852722796096,2.1,3.2,Yes,54.7,7.4,Good,7,Master,Medium,10.0,Yes,3.81,4,5.9,No,4,7.9,Library,No,Low,9,7,8,Auditory,2.6,100
161059,24,Other,Computer Science,4.451727172062,4.1,1.8,Yes,79.9,5.2,Fair,4,Master,Medium,8.5,No,3.89,3,4.3,No,2,11.7,Dorm,Yes,High,6,5,10,Reading,8.5,90
142900,22,Female,Engineering,2.0,1.8,0.9,Yes,50.7,8.1,Poor,4,Master,Medium,7.3,Yes,4.0,2,4.6,No,3,5.8,Library,No,Low,4,4,10,Kinesthetic,8.2,98
125841,21,Other,Engineering,6.7,2.0,1.6,Yes,44.1,6.5,Good,2,PhD,Low,5.9,No,3.81,3,3.9,No,2,12.0,Cafe,No,Low,8,8,7,Reading,7.4,100
147025,24,Other,Business,4.9,1.1,4.0,Yes,40.7,4.6,Fair,2,PhD,High,10.0,No,3.8,2,5.9,No,2,10.6,Library,Yes,Low,1,5,10,Visual,3.2,94
124984,20,Female,Arts,3.8,0.6,0.1,Yes,92.9,5.5,Poor,7,Master,Medium,8.9,No,2.56,7,4.0,No,3,5.2,Cafe,No,High,1,2,10,Visual,5.4,64
162368,22,Other,Business,1.8,3.4,2.9,No,66.4,9.6,Good,3,High School,High,5.7,Yes,4.0,7,5.2,No,2,9.3,Quiet Room,No,Low,10,5,10,Auditory,1.2,100
118606,23,Other,Computer Science,0.2738448303113339,1.4,2.4,No,45.3,7.8,Fair,3,Master,High,8.0,Yes,3.99,2,1.2,No,0,5.3,Co-Learning Group,No,Low,7,1,10,Kinesthetic,5.7,100
139058,27,Male,Psychology,2.3,0.7,1.6,No,97.5,9.2,Poor,3,Master,Medium,10.0,No,4.0,5,3.5,No,1,6.5,Quiet Room,Yes,Low,2,8,7,Auditory,8.3,98
109078,27,Other,Engineering,8.2,0.6,1.7,Yes,46.1,7.8,Good,6,Master,Medium,6.8,Yes,4.0,1,7.4,No,4,11.9,Dorm,No,Medium,5,9,6,Auditory,8.1,100
160159,26,Female,Biology,0.0,4.9,1.8,No,64.6,6.8,Good,0,High School,Medium,6.4,No,3.21,6,7.6,No,4,8.0,Dorm,No,Medium,1,10,5,Kinesthetic,4.6,90
105177,24,Male,Biology,2.9,2.2,3.4,Yes,52.4,5.5,Good,1,Bachelor,Low,7.7,No,3.66,5,5.5,No,2,8.6,Dorm,No,High,7,9,6,Visual,4.9,100
161803,22,Other,Computer Science,6.758454251242503,3.6,0.6,No,79.7,4.8,Good,2,Master,Low,7.9,No,3.48,2,3.8,No,3,12.6,Co-Learning Group,No,High,7,7,8,Reading,5.9,82
149704,17,Male,Engineering,4.4,0.8,0.9,No,47.2,7.3,Poor,3,Some College,High,8.8,Yes,4.0,7,4.9,No,4,6.7,Quiet Room,Yes,High,6,9,6,Kinesthetic,8.4,100
151558,24,Other,Engineering,3.3,2.8,3.1,Yes,90.3,8.6,Poor,1,Some College,Low,6.4,No,4.0,7,7.5,No,1,9.2,Co-Learning Group,Yes,High,5,6,9,Kinesthetic,7.3,100
153699,16,Female,Business,3.5,3.8,0.6,No,84.6,7.9,Fair,0,PhD,Medium,4.9,No,3.95,2,7.0,No,3,9.5,Library,No,Low,2,6,9,Auditory,8.3,95
107610,19,Other,Engineering,3.3,4.8,3.7,Yes,86.9,5.8,Fair,0,PhD,High,8.4,No,3.94,8,4.2,No,1,13.4,Cafe,No,High,1,4,10,Kinesthetic,2.0,98
122191,19,Other,Psychology,3.4,0.6,0.4,Yes,66.0,5.8,Poor,6,Some College,Low,6.1,No,3.55,8,7.8,No,0,4.8,Cafe,Yes,High,9,1,10,Kinesthetic,3.9,86
141299,22,Male,Psychology,0.0,4.3,0.2,Yes,66.3,6.8,Fair,6,PhD,High,7.0,No,2.59,7,6.7,No,2,5.0,Dorm,No,High,5,10,5,Kinesthetic,5.0,70
168022,23,Other,Computer Science,4.641248956992909,0.3,2.3,No,87.7,7.5,Good,1,Some College,Medium,4.9,No,3.05,4,7.1,No,2,8.2,Co-Learning Group,Yes,High,10,2,10,Reading,6.8,88
122099,25,Male,Psychology,4.9,0.8,0.0,Yes,71.5,4.0,Poor,4,High School,Low,7.0,Yes,4.0,3,5.2,No,3,7.4,Cafe,Yes,Low,8,8,7,Kinesthetic,1.3,94
101191,27,Female,Psychology,3.2,1.0,3.5,No,71.1,4.9,Poor,7,Master,Medium,8.6,No,3.06,7,3.2,No,4,9.4,Cafe,Yes,Medium,8,2,10,Reading,4.0,83
148057,17,Other,Arts,4.8,4.2,2.1,No,43.3,8.2,Good,0,High School,Medium,7.1,Yes,4.0,7,8.5,No,5,11.2,Co-Learning Group,Yes,Medium,7,9,6,Visual,9.5,100
174355,25,Male,Biology,4.6,0.6,1.2,Yes,96.1,6.6,Good,3,Master,High,10.0,No,3.97,4,3.7,No,5,6.9,Cafe,No,Medium,7,9,6,Reading,1.7,100
161184,17,Female,Biology,5.4,1.1,1.1,No,84.7,4.2,Fair,6,Some College,High,8.3,Yes,3.96,8,3.4,No,4,7.7,Dorm,Yes,Medium,7,9,6,Auditory,7.1,100
123823,25,Female,Engineering,5.1,0.8,1.9,Yes,64.2,10.4,Fair,5,Some College,High,7.3,No,3.58,1,2.0,No,2,9.2,Quiet Room,No,High,2,2,10,Auditory,6.0,84
169054,22,Other,Computer Science,2.7180072658982715,3.7,3.4,No,96.9,8.3,Good,7,Some College,Low,2.1,No,3.8,8,4.6,No,1,11.0,Library,No,High,4,8,7,Auditory,7.3,95
178646,24,Male,Psychology,3.8,2.5,2.8,No,40.8,9.6,Good,5,High School,Low,4.6,Yes,3.45,6,6.8,No,1,10.5,Quiet Room,Yes,High,10,5,10,Kinesthetic,5.2,92
171430,18,Other,Business,3.2,2.6,2.7,No,94.4,6.8,Poor,4,Master,Medium,7.1,Yes,4.0,5,6.6,No,5,9.4,Quiet Room,No,High,2,3,10,Reading,3.5,98
144436,28,Male,Business,3.7,1.7,1.2,No,54.1,5.0,Fair,2,High School,Low,5.2,No,4.0,6,5.6,No,3,7.4,Co-Learning Group,No,Low,5,2,10,Kinesthetic,4.9,100
102788,21,Male,Biology,6.3,0.8,3.5,Yes,84.3,7.5,Poor,3,High School,Medium,7.2,Yes,4.0,4,5.4,No,1,12.2,Library,Yes,Low,1,10,5,Auditory,9.2,94
178987,18,Male,Engineering,7.1,3.7,0.8,Yes,59.7,8.1,Poor,7,Bachelor,Medium,1.5,Yes,4.0,7,2.9,No,4,13.5,Quiet Room,Yes,Low,4,6,9,Kinesthetic,6.8,100
128861,17,Other,Arts,1.8,2.5,3.3,No,65.4,8.2,Fair,6,PhD,High,2.4,Yes,3.66,2,4.5,No,4,8.6,Cafe,No,High,1,10,5,Kinesthetic,5.3,93
102784,27,Other,Biology,5.3,1.7,3.1,No,47.7,6.5,Good,0,Bachelor,High,6.0,No,4.0,8,5.9,No,1,10.3,Dorm,Yes,High,4,9,6,Visual,8.7,100
109474,24,Other,Computer Science,6.69980312860957,0.9,2.5,No,62.1,10.1,Good,2,PhD,Low,7.4,No,4.0,5,5.3,No,2,10.5,Cafe,Yes,Low,1,6,9,Reading,6.5,97
154604,22,Female,Arts,6.3,1.3,1.3,No,81.1,5.6,Fair,3,Bachelor,Low,8.1,No,3.97,5,5.7,No,4,10.2,Quiet Room,Yes,Low,4,6,9,Kinesthetic,4.8,100
167088,28,Male,Psychology,6.6,5.0,0.1,Yes,54.6,8.6,Fair,5,Bachelor,High,7.3,Yes,4.0,1,2.2,No,5,11.7,Cafe,Yes,Medium,3,2,10,Visual,1.3,100
116536,28,Other,Business,3.9,3.9,3.2,Yes,61.6,5.3,Good,5,Bachelor,Low,9.0,Yes,3.86,3,3.4,No,2,11.7,Cafe,Yes,High,1,5,10,Auditory,5.4,100
121290,18,Male,Biology,4.4,4.7,0.5,No,79.4,7.9,Good,7,PhD,High,8.8,No,4.0,6,3.1,No,0,11.2,Dorm,No,Medium,3,3,10,Visual,9.1,100
177264,23,Female,Engineering,3.0,1.0,3.6,No,42.1,5.8,Good,6,Bachelor,Low,7.4,No,3.73,5,5.1,No,3,8.5,Library,No,Medium,3,6,9,Reading,2.3,91
119784,23,Male,Business,1.5,1.2,1.1,No,50.1,6.4,Fair,4,Master,High,9.1,No,3.66,5,6.8,No,1,4.7,Dorm,No,Medium,6,1,10,Reading,3.8,86
125302,17,Male,Arts,2.5,0.6,0.9,No,47.8,7.4,Good,0,Master,High,6.7,No,2.62,8,3.2,No,4,5.0,Dorm,No,Medium,9,7,8,Auditory,6.9,61
158296,23,Other,Engineering,5.7,4.7,0.5,No,78.4,7.1,Good,3,High School,Medium,9.6,No,2.85,5,4.5,No,1,11.7,Dorm,Yes,High,8,2,10,Auditory,5.1,72
109351,26,Other,Arts,3.5,4.4,3.5,No,67.1,4.7,Good,2,PhD,Low,5.0,Yes,3.98,5,8.8,No,1,12.4,Co-Learning Group,Yes,High,8,5,10,Kinesthetic,8.6,100
178203,19,Other,Psychology,2.2,4.8,3.4,No,40.4,6.2,Fair,7,Master,Medium,4.0,No,2.7,7,5.4,No,0,11.0,Co-Learning Group,No,High,2,5,10,Visual,7.5,61
131046,25,Male,Engineering,3.8,1.7,0.3,Yes,53.8,9.6,Good,7,Bachelor,Medium,7.7,No,3.45,4,6.0,No,2,6.3,Co-Learning Group,Yes,High,7,2,10,Kinesthetic,1.2,81
105182,23,Other,Arts,6.0,4.0,2.8,Yes,89.5,5.6,Good,6,PhD,Low,8.4,Yes,4.0,1,4.9,No,1,13.2,Library,Yes,High,6,9,6,Kinesthetic,5.4,96
162584,17,Female,Biology,2.3,0.1,3.2,No,75.8,6.4,Good,5,Some College,Medium,7.6,Yes,4.0,4,7.6,No,5,6.9,Quiet Room,No,Low,2,10,5,Visual,4.1,100
179944,22,Other,Business,6.3,3.4,4.0,No,84.6,6.9,Good,7,Master,Low,9.2,Yes,4.0,2,4.4,No,2,14.3,Cafe,No,High,7,10,5,Kinesthetic,3.4,100
145287,20,Male,Business,2.5,4.9,0.5,No,69.6,7.2,Fair,4,PhD,Low,6.1,Yes,4.0,5,2.2,No,1,8.6,Library,No,High,7,9,6,Kinesthetic,6.3,100
127343,21,Female,Computer Science,3.920455191087507,0.7,0.7,Yes,70.7,9.3,Good,6,Bachelor,Medium,6.8,Yes,4.0,7,5.4,No,2,6.8,Quiet Room,No,Medium,2,9,6,Kinesthetic,8.1,100
151506,28,Other,Biology,4.1,4.0,2.7,No,41.7,5.7,Poor,3,Bachelor,Low,9.0,No,3.43,7,4.7,No,0,11.3,Quiet Room,Yes,Medium,3,2,10,Reading,1.1,81
129578,18,Female,Psychology,0.1,0.1,0.6,No,78.8,7.5,Good,7,High School,Medium,7.0,Yes,3.27,4,6.0,No,5,1.6,Co-Learning Group,Yes,Low,2,9,6,Kinesthetic,7.6,78
124652,23,Male,Psychology,5.6,2.7,1.5,No,46.3,6.2,Fair,5,Some College,Low,3.1,No,2.78,7,9.0,No,0,10.8,Quiet Room,No,High,1,5,10,Reading,4.5,67
173235,22,Male,Biology,4.8,4.2,2.8,Yes,41.2,7.2,Good,2,PhD,Low,3.3,No,3.65,4,4.6,No,5,13.2,Cafe,No,Low,5,7,8,Visual,7.4,88
112606,20,Male,Engineering,1.3,4.5,0.3,No,57.4,7.8,Poor,1,PhD,Low,6.6,No,3.56,5,3.9,No,1,7.7,Quiet Room,No,Low,4,2,10,Reading,1.6,83
103392,23,Other,Psychology,1.9,4.5,0.3,No,92.0,8.7,Good,1,Some College,High,9.0,Yes,2.74,5,6.2,No,3,6.9,Quiet Room,No,Low,2,4,10,Kinesthetic,9.7,77
138252,26,Other,Business,4.1,4.4,4.0,Yes,74.9,8.2,Good,5,PhD,High,9.0,No,4.0,5,4.3,No,1,13.8,Quiet Room,Yes,Medium,7,6,9,Kinesthetic,6.9,85
160185,23,Other,Computer Science,1.7765359351321772,3.8,2.6,Yes,50.2,6.4,Poor,0,Master,High,8.3,No,4.0,7,8.3,No,1,9.8,Quiet Room,No,High,8,10,5,Reading,2.4,100
151012,26,Female,Business,3.5,3.3,1.7,No,75.9,7.5,Fair,4,Master,High,2.5,No,2.48,4,5.1,No,1,8.9,Dorm,No,High,4,3,10,Auditory,2.0,61
168310,23,Female,Arts,3.3,3.5,0.8,Yes,85.7,4.0,Poor,2,PhD,Medium,4.3,Yes,2.89,6,6.9,No,5,9.1,Cafe,No,Medium,9,3,10,Reading,8.3,71
168655,16,Other,Biology,1.5,3.9,0.2,Yes,83.0,8.7,Fair,6,PhD,Low,8.2,No,4.0,1,5.2,No,3,7.3,Library,Yes,Medium,6,3,10,Auditory,9.1,88
142334,22,Other,Psychology,5.1,4.8,2.9,No,72.0,5.8,Good,0,PhD,High,2.5,No,3.38,1,5.8,No,1,14.1,Co-Learning Group,No,Medium,6,9,6,Reading,4.8,85
100533,23,Male,Arts,1.8,3.9,1.8,No,85.8,8.1,Fair,5,Bachelor,Medium,9.0,No,4.0,5,1.1,No,0,7.7,Library,Yes,Medium,1,9,6,Kinesthetic,2.1,100
165231,19,Other,Business,4.8,0.9,4.0,No,68.9,8.6,Poor,6,High School,Low,4.0,Yes,3.51,8,6.5,No,4,10.4,Quiet Room,Yes,Medium,3,4,10,Visual,7.9,84
118662,26,Female,Business,4.7,1.2,3.7,Yes,97.5,4.9,Good,5,Some College,Low,5.9,No,4.0,1,4.4,No,3,11.5,Quiet Room,No,High,7,8,7,Visual,7.7,94
132848,22,Other,Business,6.1,4.7,3.7,Yes,54.4,4.5,Good,0,PhD,Medium,3.7,Yes,4.0,6,5.1,No,3,15.0,Quiet Room,No,Low,2,2,10,Auditory,7.9,100
154098,19,Female,Engineering,5.1,3.4,1.6,Yes,97.5,8.9,Good,1,Some College,Medium,6.9,No,4.0,4,5.2,No,5,10.8,Quiet Room,Yes,Low,10,8,7,Auditory,9.4,100
125833,23,Other,Biology,4.5,3.0,0.9,Yes,59.0,8.5,Good,4,Bachelor,Medium,10.0,Yes,3.84,1,7.1,No,2,9.2,Dorm,Yes,Low,10,1,10,Kinesthetic,1.5,97
125650,24,Female,Computer Science,6.971382695349629,2.7,2.8,No,84.7,8.1,Good,7,Master,High,8.4,Yes,4.0,2,6.7,No,5,13.4,Dorm,Yes,Medium,7,7,8,Kinesthetic,6.4,89
173384,24,Female,Arts,1.5,3.9,1.1,No,46.7,6.7,Good,2,Bachelor,Low,8.7,No,2.47,5,5.9,No,1,7.6,Quiet Room,No,Low,2,3,10,Visual,3.2,60
163512,24,Female,Business,2.8,3.5,3.0,Yes,61.4,4.0,Good,5,Master,High,7.8,No,3.55,2,4.3,No,2,9.6,Library,Yes,Medium,2,9,6,Auditory,3.1,88
133200,16,Other,Computer Science,4.968591924520779,0.2,0.6,No,89.5,9.6,Good,2,Master,High,9.1,Yes,4.0,8,9.7,No,2,5.9,Co-Learning Group,Yes,Low,4,10,5,Kinesthetic,5.3,97
115071,27,Male,Business,2.1,2.1,4.0,Yes,64.2,6.4,Fair,0,Bachelor,High,4.1,No,3.68,3,1.2,No,0,9.0,Library,Yes,High,4,9,6,Auditory,2.9,92
148381,23,Other,Biology,2.9,2.2,2.2,No,72.2,11.0,Fair,7,High School,Medium,6.4,Yes,4.0,6,2.7,No,4,8.0,Cafe,Yes,High,7,5,10,Auditory,2.3,100
102800,24,Female,Computer Science,6.257164856221028,0.3,0.8,No,57.1,6.6,Good,5,High School,Medium,7.5,No,4.0,6,5.5,No,3,8.5,Cafe,Yes,Medium,7,8,7,Reading,9.0,95
135065,19,Male,Engineering,4.7,1.6,0.7,No,57.8,4.0,Good,2,Bachelor,High,7.2,No,3.12,7,5.0,No,4,8.5,Library,Yes,Medium,4,6,9,Reading,8.0,88
105971,22,Other,Psychology,3.1,1.9,1.3,Yes,59.3,5.7,Fair,2,Master,Low,5.8,Yes,2.8,5,3.3,No,5,6.9,Cafe,Yes,High,4,1,10,Auditory,4.5,80
120273,23,Female,Biology,4.7,1.4,1.8,No,49.1,7.2,Good,0,Master,Medium,6.2,No,3.24,2,8.6,No,5,8.3,Co-Learning Group,Yes,Low,9,4,10,Reading,4.2,87
162289,22,Male,Engineering,2.3,4.3,0.1,Yes,42.6,7.9,Poor,0,Bachelor,High,7.0,Yes,4.0,5,6.1,No,0,8.1,Quiet Room,No,Low,2,8,7,Auditory,9.4,100
179263,24,Female,Business,3.7,3.2,2.5,No,76.1,7.9,Fair,3,Bachelor,Medium,6.6,Yes,4.0,3,4.8,No,5,9.9,Co-Learning Group,Yes,High,2,10,5,Visual,7.3,100
128493,17,Male,Engineering,2.8,3.6,1.4,Yes,56.0,4.0,Fair,2,Some College,High,6.9,No,2.97,5,6.2,No,0,9.6,Quiet Room,No,Medium,10,3,10,Reading,4.8,73
149283,17,Female,Arts,3.1,2.9,2.5,No,64.5,4.0,Good,4,Some College,Medium,8.7,No,4.0,7,2.2,No,0,10.2,Quiet Room,Yes,Low,7,9,6,Reading,8.2,100
178869,17,Other,Psychology,5.4,1.6,0.6,No,66.9,8.8,Good,7,Master,Low,8.0,Yes,3.58,5,3.9,No,2,9.2,Co-Learning Group,No,Medium,3,6,9,Visual,3.6,96
101880,27,Other,Psychology,6.4,3.8,1.5,Yes,89.1,5.2,Good,6,Bachelor,Low,10.0,No,3.92,3,5.8,No,1,12.4,Dorm,Yes,High,8,6,9,Kinesthetic,4.5,93
165361,17,Male,Biology,3.6,0.5,2.0,Yes,97.9,7.2,Good,7,High School,High,10.0,No,3.11,6,7.7,No,0,7.4,Cafe,Yes,High,10,6,9,Kinesthetic,7.3,72
161992,28,Male,Psychology,2.1,2.1,1.4,No,58.6,11.2,Poor,0,Master,High,4.1,No,2.5,5,5.4,No,5,6.5,Dorm,No,Low,10,7,8,Auditory,1.2,65
125948,23,Other,Computer Science,3.799577697032726,3.9,2.1,No,45.6,7.6,Fair,5,Master,High,5.2,No,4.0,1,1.2,No,1,10.2,Co-Learning Group,No,Low,4,10,5,Kinesthetic,8.9,95
114064,18,Female,Biology,4.9,1.2,2.2,Yes,59.1,6.8,Good,6,Some College,Low,6.3,No,4.0,7,6.1,No,5,9.6,Dorm,No,Low,10,4,10,Kinesthetic,7.5,91
111513,21,Female,Arts,4.4,3.6,2.7,Yes,68.9,8.9,Good,1,Some College,High,5.6,Yes,3.73,1,4.7,No,3,11.1,Co-Learning Group,No,Low,2,2,10,Auditory,5.4,100
174434,16,Female,Psychology,0.8,1.6,3.8,Yes,55.1,7.8,Good,6,Bachelor,Low,7.6,Yes,4.0,3,6.2,No,0,6.9,Cafe,No,Medium,2,8,7,Kinesthetic,9.2,100
116018,18,Male,Psychology,5.6,0.3,1.1,No,76.4,5.2,Good,5,Bachelor,High,7.4,No,4.0,3,5.9,No,0,8.7,Co-Learning Group,Yes,High,10,8,7,Visual,4.0,100
109760,24,Male,Psychology,5.9,2.9,1.3,No,98.4,6.6,Fair,4,Some College,Medium,5.2,Yes,4.0,3,1.7,No,4,11.7,Quiet Room,No,Medium,6,3,10,Kinesthetic,6.5,100
131417,25,Other,Biology,5.1,0.0,1.1,No,44.9,8.7,Good,2,Some College,High,9.2,Yes,4.0,7,4.1,No,3,6.3,Quiet Room,No,Medium,1,2,10,Kinesthetic,7.3,100
121633,21,Female,Engineering,4.7,2.7,1.7,No,76.0,5.5,Poor,1,High School,Medium,6.4,No,3.91,8,10.0,No,2,10.0,Cafe,No,Low,5,6,9,Kinesthetic,7.9,93
167251,24,Female,Biology,5.7,4.3,0.1,No,94.6,5.4,Good,1,Some College,Low,7.9,Yes,3.41,6,5.1,No,0,10.3,Co-Learning Group,No,Medium,7,8,7,Kinesthetic,8.4,88
146680,19,Male,Arts,3.3,1.1,2.9,Yes,92.4,7.1,Good,1,High School,Low,7.699999999999999,No,3.47,5,8.6,No,4,7.7,Library,No,Low,7,6,9,Reading,1.3,79
101274,24,Female,Engineering,4.2,2.1,2.0,No,83.4,6.5,Fair,7,Bachelor,Low,5.4,Yes,3.14,7,5.2,No,3,8.7,Quiet Room,Yes,High,9,1,10,Auditory,8.9,88
159152,26,Other,Engineering,0.2,2.5,4.0,No,52.0,7.1,Good,7,PhD,Low,4.3,Yes,3.56,7,4.1,No,2,6.8,Co-Learning Group,Yes,Medium,2,5,10,Kinesthetic,5.2,87
152880,17,Female,Psychology,3.3,3.3,2.7,No,71.5,5.4,Poor,2,Some College,Low,8.6,Yes,3.45,7,5.5,No,4,10.0,Co-Learning Group,Yes,Low,2,6,9,Auditory,10.0,90
100592,16,Female,Business,5.5,1.9,2.2,No,64.4,8.5,Good,5,Bachelor,High,3.2,No,3.58,2,4.4,No,3,9.9,Cafe,No,Medium,6,5,10,Kinesthetic,2.3,96
119693,17,Other,Biology,4.3,3.4,3.3,Yes,53.2,8.7,Fair,4,Some College,High,8.0,No,2.97,5,2.9,No,3,12.4,Library,Yes,High,5,1,10,Kinesthetic,9.2,72
142351,26,Female,Biology,3.8,3.3,1.9,No,59.1,7.2,Good,7,Some College,High,6.0,No,4.0,2,5.7,No,4,9.5,Library,No,Low,9,9,6,Kinesthetic,1.4,97
122162,26,Male,Arts,2.8,1.3,4.0,No,87.6,7.2,Poor,1,High School,High,3.8,Yes,3.17,2,6.6,No,3,8.9,Cafe,Yes,High,10,7,8,Auditory,4.5,75
114037,24,Male,Biology,2.3,2.4,0.3,No,65.3,7.2,Fair,0,Bachelor,High,6.5,No,2.84,8,4.0,No,1,6.2,Quiet Room,No,Medium,8,3,10,Reading,7.6,76
135809,23,Male,Biology,2.4,1.8,0.2,Yes,87.6,7.8,Fair,1,PhD,High,7.9,Yes,3.33,8,2.0,No,1,5.4,Dorm,No,Medium,7,1,10,Kinesthetic,4.6,81
118708,18,Male,Psychology,4.1,3.4,3.3,Yes,55.9,6.3,Fair,1,Master,Low,10.0,No,3.22,5,4.9,No,5,12.1,Cafe,No,Low,6,8,7,Visual,4.1,74
174109,24,Female,Arts,4.6,4.0,3.9,No,85.2,6.4,Good,2,Bachelor,High,10.0,No,4.0,4,6.8,No,4,14.2,Library,No,High,2,2,10,Reading,2.9,99
164175,27,Female,Psychology,4.3,2.4,1.0,Yes,94.2,5.4,Poor,3,High School,Medium,5.8,No,3.29,7,4.3,No,0,9.0,Cafe,Yes,Medium,3,9,6,Reading,3.7,82
167238,26,Female,Computer Science,4.015195399663692,4.1,2.0,Yes,53.8,8.8,Poor,3,PhD,High,8.8,Yes,4.0,5,4.9,No,5,11.9,Quiet Room,Yes,High,4,10,5,Auditory,9.6,100
104916,25,Other,Psychology,4.6,3.6,1.8,Yes,90.0,6.2,Good,6,PhD,Low,10.0,No,4.0,1,6.4,No,2,12.0,Library,No,Low,8,5,10,Reading,7.3,98
116031,21,Other,Biology,7.9,3.1,0.6,No,91.5,6.8,Good,2,PhD,Low,7.0,No,4.0,6,1.7,No,3,12.4,Cafe,No,Medium,10,4,10,Kinesthetic,1.2,100
161644,27,Female,Psychology,5.0,0.2,0.5,No,77.7,5.8,Good,4,Some College,Low,5.5,Yes,3.05,8,3.0,No,3,6.3,Dorm,Yes,High,6,2,10,Reading,3.6,78
164812,26,Other,Arts,4.1,4.1,1.4,No,63.8,7.1,Good,1,Bachelor,Low,5.1,No,4.0,3,5.6,No,1,10.0,Library,Yes,High,6,3,10,Auditory,3.4,100
141600,25,Other,Computer Science,5.731331162022163,2.8,2.6,No,60.9,7.2,Fair,0,PhD,Medium,4.7,Yes,4.0,6,7.0,No,5,12.0,Cafe,Yes,Low,1,4,10,Visual,8.3,98
162892,23,Female,Engineering,3.3,3.0,3.2,Yes,44.4,7.2,Poor,2,Master,High,6.5,No,3.13,1,2.5,No,0,10.7,Cafe,No,High,5,6,9,Visual,3.3,76
166670,23,Male,Arts,3.0,0.3,3.8,Yes,47.4,7.1,Good,4,PhD,Low,7.1,Yes,4.0,3,4.5,No,0,8.7,Library,No,Medium,7,5,10,Visual,7.3,93
112469,17,Female,Engineering,4.2,4.9,2.1,No,99.8,8.3,Fair,1,Some College,High,7.9,No,3.11,5,1.8,No,5,11.5,Quiet Room,No,High,9,1,10,Auditory,8.1,76
177867,16,Female,Computer Science,6.117401435785688,2.6,2.5,No,87.6,5.0,Fair,6,High School,High,5.9,Yes,4.0,5,2.9,No,4,11.6,Quiet Room,No,High,9,9,6,Visual,7.2,96
121509,16,Female,Psychology,5.2,0.9,2.3,Yes,65.9,5.7,Good,7,Bachelor,High,4.7,No,4.0,2,7.8,No,3,8.5,Quiet Room,Yes,Low,7,9,6,Visual,1.4,100
147721,20,Male,Business,10.1,4.3,2.7,Yes,40.9,9.4,Good,3,Master,Medium,7.1,No,4.0,6,6.8,No,5,18.9,Dorm,No,High,4,7,8,Visual,1.7,100
165763,28,Male,Psychology,6.3,3.4,3.1,No,42.2,7.6,Good,1,Bachelor,High,10.0,No,4.0,7,5.5,No,1,13.7,Library,Yes,Medium,1,4,10,Auditory,7.4,100
116590,27,Other,Arts,3.2,1.6,0.8,Yes,41.4,5.6,Good,6,Master,Low,7.7,No,3.07,4,3.4,No,3,7.3,Library,Yes,Medium,9,2,10,Auditory,1.7,69
163633,19,Female,Business,4.2,0.1,1.5,No,65.9,5.7,Fair,0,High School,Medium,10.0,Yes,4.0,2,1.2,No,3,6.2,Dorm,No,High,7,4,10,Visual,4.8,100
167623,17,Other,Business,1.7,1.2,3.8,Yes,86.6,6.0,Fair,5,Master,High,9.6,No,3.37,5,1.4,No,3,7.8,Library,Yes,Low,8,3,10,Auditory,9.4,92
147268,22,Other,Arts,3.8,1.6,0.5,No,64.0,4.0,Good,0,Bachelor,High,7.1,No,4.0,4,2.9,No,2,7.5,Library,No,Medium,6,8,7,Visual,6.3,88
154069,16,Male,Psychology,5.7,1.3,0.6,Yes,68.6,8.4,Good,5,PhD,Low,7.2,No,3.77,1,3.0,No,1,8.0,Cafe,Yes,Medium,10,5,10,Auditory,6.6,94
112441,16,Male,Biology,0.0,4.6,2.6,Yes,78.6,6.0,Fair,3,High School,Medium,3.2,Yes,3.71,6,6.3,No,5,7.4,Dorm,No,Low,1,9,6,Visual,3.8,97
113605,21,Female,Engineering,2.2,2.4,0.5,Yes,78.7,8.7,Poor,0,Master,Medium,5.4,Yes,4.0,7,6.7,No,2,5.8,Co-Learning Group,Yes,Medium,4,8,7,Kinesthetic,7.1,100
169604,27,Male,Computer Science,1.1462441566638812,1.4,0.5,No,85.2,7.7,Good,4,PhD,High,10.0,No,3.77,5,2.9,No,4,4.5,Dorm,No,Low,8,10,5,Kinesthetic,6.2,87
110689,17,Other,Engineering,4.0,3.6,2.7,No,81.5,5.2,Fair,2,PhD,Medium,9.8,Yes,4.0,4,5.5,No,2,11.5,Dorm,Yes,Low,7,1,10,Visual,2.9,100
171640,24,Male,Business,0.4,1.9,1.8,No,62.5,6.2,Fair,4,Bachelor,Medium,9.9,No,3.31,3,4.7,No,2,5.6,Cafe,Yes,Low,6,8,7,Auditory,4.3,80
122154,27,Male,Biology,2.9,0.0,1.3,Yes,92.7,6.0,Good,5,High School,Low,10.0,Yes,4.0,7,5.9,No,2,5.5,Cafe,Yes,High,3,9,6,Auditory,2.7,100
173603,25,Female,Business,3.3,1.4,1.1,Yes,40.5,7.4,Fair,4,Master,High,8.4,No,2.61,8,7.3,No,0,6.1,Cafe,No,Medium,3,2,10,Reading,3.8,66
143621,27,Other,Biology,3.4,4.6,2.1,No,99.3,7.6,Good,5,High School,Medium,7.8,Yes,2.94,4,5.0,No,3,11.5,Cafe,No,Medium,10,8,7,Visual,1.6,77
137803,18,Other,Engineering,2.8,4.1,1.0,Yes,71.4,7.7,Fair,7,Master,Low,2.8,No,3.04,8,5.3,No,3,8.6,Dorm,Yes,High,6,1,10,Visual,2.8,72
172100,20,Other,Arts,2.8,2.4,2.2,No,63.7,8.5,Good,2,Some College,High,4.2,No,4.0,5,3.4,No,3,9.0,Quiet Room,No,Medium,4,10,5,Kinesthetic,9.2,97
120391,20,Female,Biology,4.5,2.0,3.4,Yes,91.6,5.6,Fair,4,PhD,Medium,5.9,No,3.11,6,6.3,No,2,10.8,Cafe,No,Low,4,7,8,Auditory,1.6,80
112243,17,Female,Engineering,2.9,1.2,0.9,No,51.8,4.9,Good,1,PhD,Medium,7.300000000000001,Yes,3.32,6,7.9,No,4,5.2,Co-Learning Group,Yes,Medium,3,7,8,Kinesthetic,3.0,94
121961,23,Female,Engineering,4.0,1.9,3.0,No,92.9,9.8,Poor,7,PhD,High,5.4,No,4.0,2,1.0,No,4,10.6,Co-Learning Group,Yes,High,10,5,10,Reading,9.7,97
178944,28,Female,Psychology,6.0,1.8,0.8,No,74.2,6.8,Good,7,Some College,Medium,7.9,Yes,3.44,2,5.4,No,0,9.7,Dorm,No,High,5,5,10,Auditory,2.8,85
107606,21,Male,Business,4.2,2.2,0.2,No,44.2,9.6,Good,3,Master,Low,1.0,Yes,4.0,7,4.0,No,1,7.0,Cafe,No,High,2,6,9,Visual,1.1,100
156577,23,Other,Computer Science,6.554766180233476,1.7,2.9,Yes,75.9,7.2,Poor,0,Some College,High,6.0,Yes,4.0,5,5.2,No,5,12.0,Dorm,Yes,Medium,9,9,6,Auditory,1.5,96
127728,26,Female,Engineering,2.4,2.6,2.8,Yes,89.7,8.6,Good,3,Bachelor,Medium,5.5,Yes,2.36,4,5.0,No,4,9.0,Library,No,High,4,1,10,Reading,4.6,63
134939,20,Male,Engineering,0.0,3.0,2.3,No,75.1,7.6,Poor,4,Some College,Low,3.6,No,2.58,8,4.0,No,0,6.1,Dorm,Yes,Low,9,5,10,Visual,4.6,69
179371,28,Male,Computer Science,7.135700748078044,2.3,2.8,No,64.5,8.2,Fair,6,PhD,Medium,9.0,No,4.0,3,7.2,No,5,12.7,Co-Learning Group,No,High,3,1,10,Visual,3.1,99
163713,19,Female,Engineering,0.9,4.2,2.3,No,91.3,9.9,Poor,1,High School,Low,5.0,Yes,3.06,6,8.1,No,3,8.6,Library,No,High,5,7,8,Visual,7.1,75
148768,17,Other,Business,3.4,3.1,2.7,No,56.2,8.6,Good,3,Bachelor,Low,8.2,No,3.14,5,4.3,No,0,11.0,Quiet Room,No,High,10,1,10,Kinesthetic,6.9,91
122377,18,Other,Engineering,5.7,1.2,1.9,Yes,92.5,10.1,Good,3,High School,High,8.6,No,3.31,6,4.8,No,5,9.4,Co-Learning Group,Yes,Low,6,4,10,Reading,4.8,79
106347,23,Other,Psychology,8.0,2.3,2.3,Yes,68.0,9.4,Good,1,Some College,High,1.5,Yes,4.0,2,1.0,No,5,14.0,Co-Learning Group,Yes,Low,6,1,10,Reading,1.3,100
103269,20,Other,Arts,2.5,2.9,0.7,No,91.6,4.1,Good,5,Bachelor,Medium,6.7,Yes,4.0,3,5.3,No,4,7.0,Quiet Room,Yes,Medium,1,8,7,Kinesthetic,7.2,100
151664,23,Other,Computer Science,3.6994888677035407,2.1,3.1,Yes,74.9,7.2,Fair,3,Master,High,3.5,No,4.0,1,2.2,No,1,9.0,Quiet Room,No,Medium,6,7,8,Reading,5.8,100
128876,24,Other,Computer Science,5.285035062874462,1.2,0.1,Yes,83.1,6.0,Fair,7,Master,Low,5.4,Yes,4.0,3,5.7,No,5,7.6,Co-Learning Group,Yes,High,6,1,10,Kinesthetic,3.2,91
175774,24,Male,Arts,4.3,2.7,2.3,No,73.1,9.5,Good,3,Bachelor,Low,7.3,Yes,3.58,8,4.2,No,5,10.4,Library,No,High,9,1,10,Kinesthetic,4.0,88
113060,20,Female,Engineering,3.7,2.0,2.8,No,74.5,4.0,Fair,1,High School,High,6.6,No,2.85,7,2.3,No,1,9.6,Library,No,Low,1,4,10,Kinesthetic,3.4,73
137663,26,Female,Engineering,3.9,1.5,3.8,Yes,44.1,7.5,Fair,6,High School,Low,6.1,No,3.13,6,5.5,No,4,9.5,Co-Learning Group,No,Low,1,4,10,Visual,3.6,75
143580,27,Male,Arts,3.3,1.8,1.3,No,97.4,8.8,Poor,0,PhD,High,9.5,Yes,2.56,8,4.3,No,0,6.9,Quiet Room,No,Low,7,2,10,Reading,9.4,65
161705,24,Other,Arts,2.5,0.5,2.4,No,99.7,4.6,Fair,2,High School,Low,8.0,No,3.58,2,4.1,No,5,5.6,Library,No,High,8,6,9,Visual,3.4,95
150032,18,Other,Biology,7.1,4.1,2.6,No,81.7,6.3,Good,4,Bachelor,High,7.4,No,3.68,4,5.8,No,3,14.4,Co-Learning Group,Yes,Medium,6,2,10,Visual,6.0,94
108636,24,Female,Computer Science,7.143438112724862,1.0,3.2,No,76.9,8.7,Fair,2,High School,Low,5.4,No,4.0,6,5.3,No,3,13.2,Quiet Room,Yes,Medium,2,7,8,Kinesthetic,6.5,93
169193,26,Female,Engineering,1.8,4.5,1.5,No,89.6,6.4,Good,2,Some College,Medium,7.9,No,2.94,1,4.9,No,5,8.3,Quiet Room,No,Medium,8,3,10,Visual,3.6,70
175951,19,Other,Psychology,1.0,1.8,3.7,No,78.7,8.4,Good,5,Master,Low,7.7,Yes,3.5,7,3.9,No,1,7.4,Cafe,Yes,Low,8,3,10,Visual,9.2,82
165342,26,Male,Computer Science,5.109478418291808,1.2,2.3,No,81.1,8.2,Fair,3,PhD,Low,8.8,No,4.0,4,3.4,No,4,9.0,Quiet Room,No,High,9,10,5,Visual,5.1,97
133127,16,Other,Engineering,3.3,1.2,3.4,Yes,59.3,6.1,Fair,1,Master,High,4.8,No,3.39,6,2.0,No,2,8.2,Co-Learning Group,No,High,8,10,5,Reading,5.6,82
141255,17,Female,Psychology,4.9,1.0,1.4,No,66.0,4.2,Good,4,Master,High,3.4,Yes,4.0,3,4.7,No,2,7.7,Dorm,Yes,Low,10,9,6,Auditory,8.7,99
173864,24,Other,Psychology,5.5,3.1,1.5,No,78.3,7.9,Good,4,High School,Low,7.4,No,4.0,8,4.0,No,0,10.2,Quiet Room,Yes,Low,3,3,10,Reading,6.6,100
179657,20,Male,Psychology,6.7,3.7,2.2,No,42.7,9.4,Good,2,High School,High,10.0,Yes,3.05,8,3.9,No,5,13.2,Dorm,No,Medium,4,7,8,Auditory,5.4,75
153330,16,Other,Biology,4.9,4.3,3.1,Yes,83.4,7.5,Fair,6,Bachelor,Medium,5.0,No,3.77,7,5.2,No,5,13.8,Dorm,Yes,Medium,5,2,10,Reading,2.8,91
133426,19,Female,Business,2.2,4.6,0.3,Yes,54.5,5.1,Good,5,PhD,Low,6.4,No,4.0,6,2.6,No,2,7.9,Co-Learning Group,No,Low,6,10,5,Reading,2.2,100
112205,20,Female,Psychology,2.6,4.9,1.4,No,54.2,5.1,Good,5,Master,High,2.8,Yes,4.0,8,6.1,No,5,10.0,Co-Learning Group,Yes,Medium,7,7,8,Visual,2.9,100
173245,27,Female,Business,6.1,3.4,0.8,No,60.4,4.0,Good,3,High School,High,4.5,No,3.87,2,6.1,No,5,11.2,Cafe,No,Low,10,5,10,Reading,1.9,86
157531,22,Other,Engineering,5.0,4.2,0.5,No,43.3,9.7,Fair,0,Some College,Medium,7.4,No,4.0,4,2.1,No,1,10.5,Dorm,Yes,High,2,5,10,Visual,8.7,98
148490,26,Male,Biology,7.1,4.8,0.4,Yes,62.1,6.5,Good,5,High School,Medium,4.9,No,4.0,2,5.0,No,0,12.8,Co-Learning Group,No,High,4,10,5,Visual,8.3,98
156406,20,Other,Business,2.3,3.4,0.9,No,62.1,5.2,Good,0,Bachelor,Medium,8.0,No,2.39,8,2.0,No,4,7.7,Dorm,Yes,Low,3,4,10,Reading,9.3,54
162952,21,Other,Engineering,2.7,0.4,2.4,Yes,85.3,5.4,Poor,7,Bachelor,Low,8.5,No,3.32,2,8.4,No,2,7.5,Cafe,No,Low,8,5,10,Kinesthetic,1.4,83
168736,26,Other,Biology,3.4,4.7,0.7,Yes,86.5,8.5,Good,6,Bachelor,High,10.0,No,3.78,5,6.7,No,0,9.7,Quiet Room,Yes,Medium,6,10,5,Kinesthetic,7.6,99
129693,27,Female,Arts,0.9,3.3,3.0,Yes,93.9,4.0,Poor,5,PhD,High,4.4,Yes,3.38,6,8.8,No,0,7.4,Co-Learning Group,No,Low,2,8,7,Auditory,8.2,88
125576,22,Male,Engineering,2.0,1.1,1.2,Yes,82.1,7.7,Good,6,High School,Medium,4.7,No,3.02,8,8.1,No,3,4.7,Dorm,No,Medium,2,8,7,Kinesthetic,2.2,75
127862,25,Female,Psychology,1.4,3.2,3.2,No,76.0,8.4,Good,1,Some College,Low,4.6,Yes,3.54,2,10.0,No,3,9.5,Cafe,Yes,Medium,9,7,8,Auditory,7.6,91
130742,26,Male,Arts,3.9,4.1,1.8,No,90.1,10.4,Good,7,High School,Medium,10.0,Yes,3.95,3,5.8,No,0,10.0,Dorm,No,Low,3,9,6,Kinesthetic,2.5,100
163659,25,Female,Arts,0.8,1.4,0.0,No,58.7,4.8,Poor,5,Bachelor,High,7.1,Yes,3.41,8,3.7,No,5,3.8,Library,Yes,Low,4,9,6,Kinesthetic,3.1,88
161719,21,Male,Computer Science,7.260617790732929,4.2,1.7,No,65.0,7.5,Good,3,Bachelor,Low,8.6,Yes,3.69,6,7.1,No,0,14.6,Library,Yes,High,9,8,7,Visual,2.7,93
120384,21,Male,Psychology,4.7,3.7,3.7,No,67.3,4.4,Fair,5,Bachelor,Low,5.6,No,3.62,5,1.0,No,2,13.1,Cafe,Yes,Low,10,5,10,Kinesthetic,3.6,91
165424,28,Male,Engineering,4.4,0.9,3.8,Yes,64.8,9.4,Good,2,High School,High,6.3,No,4.0,7,3.2,No,1,10.7,Quiet Room,Yes,High,5,7,8,Kinesthetic,5.4,100
139086,17,Male,Engineering,6.0,2.7,3.2,No,42.5,4.9,Good,3,Some College,High,4.6,Yes,3.96,6,7.4,No,0,13.8,Dorm,No,Low,6,8,7,Reading,1.5,100
160152,19,Other,Computer Science,1.2283097704658967,3.5,3.6,Yes,53.8,7.3,Fair,1,Some College,Medium,9.5,No,3.8,1,2.6,No,1,10.0,Quiet Room,Yes,Medium,4,6,9,Reading,8.3,91
114825,27,Other,Psychology,1.0,1.1,0.8,No,61.3,7.1,Fair,5,PhD,Low,7.4,Yes,3.93,6,7.4,No,3,4.4,Dorm,Yes,Low,5,8,7,Visual,6.6,100
123345,25,Male,Psychology,2.9,3.3,0.5,No,90.2,5.2,Fair,2,Bachelor,High,3.2,Yes,2.49,8,4.7,No,1,7.1,Dorm,Yes,Low,4,5,10,Kinesthetic,9.5,69
150717,23,Female,Psychology,6.0,1.6,2.4,Yes,45.5,5.3,Fair,6,High School,Medium,4.7,No,3.34,1,7.2,No,2,11.3,Library,Yes,Medium,8,7,8,Auditory,8.4,78
134056,16,Male,Psychology,5.7,1.3,1.9,Yes,48.0,7.2,Good,5,PhD,High,3.8,Yes,4.0,6,4.2,No,2,9.8,Library,Yes,High,6,9,6,Reading,9.4,100
151409,25,Other,Engineering,4.4,0.7,0.7,No,53.1,7.8,Poor,5,Master,High,4.9,Yes,3.55,5,8.3,No,5,5.9,Cafe,Yes,High,8,5,10,Reading,3.5,88
119431,17,Male,Biology,3.7,0.4,0.8,No,68.1,7.7,Poor,2,Bachelor,Low,4.4,No,4.0,8,2.9,No,3,5.1,Co-Learning Group,No,Low,1,6,9,Visual,7.5,100
115357,16,Male,Business,4.5,4.6,2.6,No,88.8,7.2,Good,6,Master,Low,8.2,No,3.09,3,5.7,No,4,12.7,Co-Learning Group,No,Medium,1,8,7,Auditory,9.6,89
112545,20,Female,Engineering,0.0,4.1,2.4,Yes,66.7,5.5,Fair,1,Bachelor,Low,7.7,No,3.99,6,4.8,No,0,6.7,Library,Yes,Low,5,3,10,Auditory,6.2,100
100584,21,Male,Engineering,5.9,3.9,2.8,Yes,88.9,6.3,Fair,1,High School,High,6.4,No,2.77,6,5.4,No,5,13.7,Co-Learning Group,No,Medium,4,4,10,Visual,1.5,71
163625,27,Other,Arts,1.7,1.3,1.2,Yes,46.0,8.9,Good,2,High School,High,5.8,Yes,3.85,1,5.2,No,2,4.8,Dorm,No,Medium,2,8,7,Auditory,5.1,100
177888,17,Male,Computer Science,7.147537948522347,2.8,3.9,Yes,86.8,7.0,Poor,2,Master,Low,6.5,No,4.0,5,3.0,No,3,15.2,Dorm,No,Low,6,9,6,Auditory,7.5,98
134387,18,Male,Psychology,2.5,2.5,3.3,Yes,56.8,8.2,Good,5,PhD,Low,5.4,Yes,3.08,1,5.5,No,3,8.5,Co-Learning Group,No,High,4,9,6,Reading,1.5,78
149603,17,Female,Psychology,1.5,3.3,2.5,Yes,67.1,4.3,Good,5,High School,Low,5.8,Yes,3.66,7,4.3,No,0,9.2,Library,No,High,2,7,8,Visual,2.3,100
117261,25,Male,Engineering,5.0,0.6,0.2,No,69.7,9.7,Fair,2,PhD,Medium,6.8,No,2.99,1,4.8,No,5,6.6,Library,No,Low,9,5,10,Auditory,5.3,73
137432,28,Female,Business,2.7,1.0,1.0,No,68.7,5.2,Good,0,High School,High,6.7,No,2.75,8,1.0,No,4,4.9,Quiet Room,No,Medium,7,6,9,Kinesthetic,1.7,76
142998,25,Male,Business,4.0,3.6,1.7,No,63.2,7.0,Good,6,Bachelor,Medium,6.3,No,3.43,4,1.9,No,1,9.5,Dorm,Yes,High,3,1,10,Reading,1.5,90
164713,28,Male,Business,3.5,2.6,2.8,No,54.5,4.8,Good,5,Bachelor,High,5.4,Yes,3.53,6,6.0,No,3,9.4,Co-Learning Group,Yes,High,8,10,5,Auditory,7.3,92
104000,24,Male,Arts,5.5,1.1,1.1,No,51.5,7.9,Good,5,PhD,Low,8.5,No,3.77,4,6.9,No,3,9.5,Co-Learning Group,Yes,High,1,3,10,Auditory,4.8,98
150074,22,Male,Computer Science,3.0350552766483787,4.9,3.3,Yes,73.8,7.7,Fair,2,Some College,Low,8.2,No,3.79,1,5.7,No,3,11.3,Library,No,Low,5,8,7,Kinesthetic,7.1,93
127263,17,Male,Psychology,4.0,3.8,1.6,Yes,91.4,8.1,Poor,0,Some College,Medium,8.3,Yes,4.0,4,6.7,No,0,10.8,Library,Yes,Low,9,10,5,Visual,8.0,100
156851,25,Male,Biology,4.5,1.5,4.0,Yes,51.2,8.7,Good,6,Master,High,7.8,Yes,2.69,8,4.1,No,4,11.4,Dorm,No,Low,7,1,10,Auditory,4.7,68
122125,26,Male,Psychology,4.0,3.5,3.4,No,50.3,9.7,Good,0,Bachelor,Medium,2.7,Yes,4.0,4,6.5,No,2,11.1,Co-Learning Group,Yes,High,8,6,9,Visual,5.2,96
137579,21,Female,Psychology,4.8,1.7,1.3,Yes,68.6,8.1,Good,0,Some College,Medium,5.3,Yes,4.0,2,7.1,No,2,8.5,Library,No,High,9,8,7,Visual,1.3,100
140785,18,Female,Arts,6.4,0.1,1.4,Yes,58.7,9.9,Fair,3,PhD,High,6.9,No,3.41,2,6.7,No,0,8.9,Co-Learning Group,Yes,Low,3,7,8,Kinesthetic,6.8,92
134509,26,Female,Arts,2.7,2.3,1.2,No,44.4,6.4,Good,4,PhD,High,5.1,No,2.48,4,6.2,No,5,7.2,Cafe,Yes,High,7,1,10,Reading,9.3,65
111567,16,Other,Psychology,6.0,4.8,2.1,No,86.7,4.0,Good,1,High School,Medium,5.3,No,4.0,8,6.2,No,4,14.8,Co-Learning Group,Yes,Low,4,8,7,Reading,9.5,98
101553,25,Female,Biology,1.1,3.5,1.1,Yes,79.4,7.9,Fair,6,Bachelor,High,2.7,No,2.68,6,4.2,No,0,7.4,Co-Learning Group,No,Medium,5,6,9,Visual,2.3,63
147411,24,Male,Computer Science,4.825330406322201,3.2,0.7,No,70.4,6.5,Fair,3,Master,Medium,5.4,Yes,3.04,5,5.1,No,1,9.6,Cafe,No,High,5,3,10,Reading,8.4,69
164473,23,Other,Biology,0.7,1.6,2.9,No,76.9,6.9,Good,6,Some College,Medium,8.0,Yes,3.95,4,4.8,No,5,6.7,Co-Learning Group,No,Low,10,4,10,Auditory,8.5,100
147218,18,Other,Biology,5.7,0.2,1.9,No,58.2,8.4,Poor,6,Bachelor,High,6.9,Yes,4.0,5,3.3,No,0,9.8,Cafe,No,Low,1,10,5,Auditory,2.1,97
150068,28,Other,Psychology,5.5,0.2,0.4,Yes,51.0,5.3,Good,0,Master,Low,5.4,No,2.62,8,7.4,No,0,7.1,Co-Learning Group,No,Medium,6,6,9,Auditory,8.4,58
130885,23,Female,Arts,3.9,0.2,2.6,No,91.2,7.4,Good,1,PhD,Low,6.6,No,4.0,2,6.2,No,4,6.9,Library,No,Low,7,10,5,Reading,7.7,100
179960,27,Female,Arts,5.7,0.4,2.4,Yes,82.0,7.6,Fair,1,High School,Low,2.4,No,3.27,2,6.4,No,4,8.7,Cafe,No,Medium,5,7,8,Visual,9.3,77
128566,19,Male,Biology,6.2,3.2,2.2,No,83.6,7.5,Good,7,PhD,Low,5.7,No,3.57,8,2.1,No,4,12.8,Quiet Room,No,Low,5,6,9,Kinesthetic,9.8,95
152728,17,Other,Arts,6.2,0.8,0.8,No,50.4,5.8,Poor,3,Master,Medium,7.0,No,3.86,5,6.0,No,2,9.5,Cafe,Yes,Medium,5,10,5,Reading,6.4,100
116661,20,Female,Business,0.0,2.0,1.4,Yes,62.5,6.1,Good,6,Bachelor,High,6.9,Yes,4.0,6,1.0,No,0,3.4,Library,No,High,4,9,6,Auditory,3.4,100
155333,26,Other,Psychology,3.7,3.4,2.9,Yes,85.9,7.1,Poor,0,Some College,High,4.8,Yes,4.0,5,5.1,No,0,11.0,Dorm,Yes,Medium,8,7,8,Reading,2.1,96
112149,18,Male,Psychology,7.7,0.2,0.9,No,47.4,8.1,Poor,0,Bachelor,Low,6.0,No,4.0,8,6.2,No,4,9.4,Co-Learning Group,Yes,Medium,7,9,6,Auditory,1.8,100
174571,26,Female,Psychology,6.7,3.1,2.3,Yes,70.7,4.7,Fair,7,Master,Low,9.9,Yes,4.0,5,6.6,No,2,13.7,Quiet Room,No,High,2,10,5,Reading,8.3,100
131013,25,Female,Arts,4.0,0.3,2.9,Yes,59.0,6.3,Good,2,Bachelor,High,6.8,No,4.0,8,5.6,No,4,7.8,Library,No,Low,2,7,8,Reading,1.8,100
134399,18,Female,Computer Science,1.1329986647031405,3.6,0.1,Yes,79.6,5.8,Good,6,Master,High,6.4,No,2.13,8,5.7,No,3,5.7,Dorm,No,Medium,8,1,10,Kinesthetic,4.0,45
175843,20,Other,Engineering,5.4,1.6,3.7,Yes,53.3,8.9,Good,4,High School,Medium,7.4,No,4.0,5,3.5,No,5,12.5,Co-Learning Group,Yes,Medium,8,8,7,Reading,7.5,99
179356,23,Other,Arts,3.8,0.8,2.8,Yes,91.5,6.5,Fair,5,Bachelor,Low,4.7,No,3.6,2,5.5,No,2,7.8,Dorm,Yes,Medium,1,7,8,Visual,2.2,85
147844,28,Female,Business,6.7,4.9,0.6,Yes,47.9,9.0,Good,4,Some College,Medium,5.9,No,3.55,2,7.3,No,1,12.9,Co-Learning Group,Yes,Low,1,2,10,Visual,5.7,90
137363,20,Other,Biology,7.5,2.1,0.6,Yes,55.3,8.0,Good,7,High School,High,5.1,No,3.38,7,5.9,No,4,11.4,Dorm,No,Low,4,7,8,Kinesthetic,2.6,81
139997,26,Female,Biology,2.9,5.0,3.7,Yes,51.5,4.0,Good,6,Bachelor,Low,5.9,Yes,4.0,3,5.9,No,4,13.2,Cafe,Yes,Medium,10,5,10,Kinesthetic,1.6,98
121124,21,Female,Psychology,4.9,4.3,3.6,Yes,97.0,4.9,Good,5,High School,Low,10.0,Yes,4.0,5,4.3,No,5,14.4,Co-Learning Group,Yes,Low,9,7,8,Auditory,9.1,100
161761,20,Female,Arts,7.1,0.1,0.8,No,52.7,6.6,Good,2,PhD,High,5.7,Yes,3.49,6,8.1,No,0,8.4,Quiet Room,No,High,1,8,7,Reading,4.9,90
148846,28,Other,Computer Science,8.073693741198849,1.0,1.3,No,89.4,9.7,Fair,3,PhD,Low,9.6,Yes,4.0,2,4.8,No,4,11.3,Quiet Room,No,Medium,4,6,9,Visual,4.6,96
116880,22,Male,Arts,0.5,0.8,4.0,No,59.4,7.3,Fair,3,Master,High,7.0,Yes,4.0,5,1.2,No,1,6.7,Dorm,Yes,Low,6,3,10,Auditory,8.6,92
124479,19,Female,Business,7.0,1.2,0.0,No,43.4,9.4,Good,4,Master,Low,7.6,No,3.57,6,6.4,No,3,8.3,Quiet Room,Yes,Medium,4,7,8,Auditory,3.7,88
176152,27,Male,Psychology,1.9,2.2,0.3,Yes,78.5,8.7,Good,4,Some College,High,6.6,Yes,4.0,4,5.8,No,1,5.7,Quiet Room,Yes,Medium,9,6,9,Reading,9.0,93
121155,23,Female,Arts,4.3,1.5,1.6,No,90.7,6.9,Good,3,PhD,Medium,9.0,No,3.28,2,2.4,No,1,8.0,Library,Yes,High,3,1,10,Visual,8.7,79
158463,21,Female,Arts,3.5,3.4,2.7,No,57.4,4.6,Good,4,High School,Medium,8.7,No,3.95,4,6.6,No,0,10.8,Library,Yes,Low,8,7,8,Kinesthetic,8.0,95
141403,19,Other,Business,7.9,0.5,0.8,Yes,97.9,9.3,Good,7,Master,Low,6.9,No,4.0,4,2.4,No,0,10.7,Quiet Room,No,Medium,5,1,10,Auditory,1.5,100
139536,16,Male,Arts,2.7,0.7,1.2,No,77.7,8.0,Poor,3,Bachelor,Medium,7.3,No,4.0,6,3.2,No,5,6.1,Cafe,No,Low,5,6,9,Visual,1.8,100
115594,21,Male,Engineering,6.1,0.2,3.0,Yes,92.4,10.2,Good,1,Some College,Low,5.6,Yes,4.0,7,7.6,No,3,11.1,Quiet Room,Yes,Medium,5,10,5,Kinesthetic,7.5,100
173175,28,Male,Biology,4.1,5.0,1.8,Yes,58.3,4.5,Fair,7,Some College,High,10.0,Yes,4.0,5,3.2,No,1,12.0,Library,No,High,7,7,8,Kinesthetic,6.1,100
165185,26,Male,Engineering,4.0,1.7,1.0,Yes,72.5,8.1,Good,0,PhD,High,9.0,No,4.0,8,3.9,No,3,8.0,Co-Learning Group,No,High,3,1,10,Visual,5.7,93
102639,25,Female,Engineering,3.1,3.8,2.0,No,61.6,7.2,Poor,0,Some College,High,6.8,Yes,3.86,1,3.7,No,5,9.2,Cafe,Yes,Low,7,7,8,Kinesthetic,2.6,94
118783,22,Female,Arts,2.5,3.6,1.4,No,70.3,5.3,Poor,4,Bachelor,High,6.6,No,3.37,2,6.0,No,3,9.0,Cafe,No,High,3,1,10,Reading,8.1,90
156953,19,Female,Engineering,3.1,2.1,3.0,No,51.4,7.9,Fair,1,High School,Medium,6.2,No,4.0,7,4.1,No,2,9.0,Quiet Room,No,Medium,2,3,10,Reading,7.8,100
142963,25,Other,Psychology,6.6,3.7,3.5,Yes,86.2,7.4,Good,1,Bachelor,Medium,7.7,No,4.0,5,3.9,No,5,14.9,Cafe,No,Low,3,8,7,Kinesthetic,3.6,99
109979,21,Other,Psychology,2.8,3.6,1.3,No,92.0,10.2,Good,4,Some College,High,5.8,No,2.82,2,4.0,No,4,7.8,Cafe,No,High,1,6,9,Visual,2.4,68
157238,18,Female,Business,6.8,0.9,1.3,Yes,76.1,5.3,Fair,0,Bachelor,High,3.4,Yes,4.0,5,6.8,No,4,10.1,Cafe,No,Medium,8,7,8,Reading,2.3,100
153407,19,Female,Arts,6.2,1.8,2.1,No,90.2,9.6,Good,7,Master,Low,9.7,Yes,4.0,5,3.5,No,5,11.9,Dorm,No,Low,6,9,6,Visual,1.3,96
118888,26,Male,Engineering,4.6,4.7,3.2,Yes,72.5,6.3,Good,5,High School,Medium,9.8,No,3.84,8,2.5,No,5,13.2,Quiet Room,Yes,Low,6,9,6,Visual,8.5,100
123585,28,Female,Arts,5.5,1.5,3.9,Yes,83.0,4.8,Fair,6,Some College,Medium,6.1,Yes,3.45,7,8.3,No,5,12.8,Library,No,Medium,3,8,7,Visual,5.7,89
136950,19,Male,Business,4.7,0.9,0.3,Yes,78.9,6.7,Good,2,Some College,Medium,4.6,Yes,3.76,3,6.8,No,0,7.8,Dorm,No,Medium,8,5,10,Visual,8.7,91
173446,24,Other,Psychology,3.7,4.5,2.3,Yes,58.9,6.1,Poor,0,Bachelor,Medium,2.9,No,3.36,6,2.1,No,4,11.7,Quiet Room,Yes,High,9,9,6,Kinesthetic,3.6,83
165965,19,Female,Psychology,4.3,1.5,2.1,No,98.0,5.4,Good,2,High School,Medium,6.9,No,4.0,6,7.7,No,2,9.3,Library,Yes,Medium,9,6,9,Reading,6.7,98
109052,20,Male,Engineering,2.3,2.6,2.0,No,54.4,8.0,Good,5,Some College,Medium,6.0,Yes,3.79,6,5.9,No,5,7.9,Co-Learning Group,No,High,3,8,7,Kinesthetic,9.0,90
177379,16,Male,Business,5.0,0.4,1.4,No,63.4,7.6,Good,2,PhD,Medium,6.6,No,4.0,8,4.0,No,3,8.7,Quiet Room,No,Low,6,1,10,Reading,8.5,98
175635,27,Male,Arts,4.4,4.0,2.1,No,86.6,8.3,Good,6,Some College,Medium,3.3,No,4.0,8,2.4,No,3,11.0,Co-Learning Group,No,High,9,10,5,Auditory,5.3,100
102306,22,Male,Psychology,6.9,2.4,0.1,Yes,69.4,10.6,Good,1,High School,High,6.7,No,4.0,3,3.7,No,4,9.9,Cafe,Yes,Medium,9,6,9,Visual,2.3,100
127258,20,Female,Biology,4.7,1.5,3.8,No,54.9,10.4,Fair,6,PhD,Medium,9.7,No,4.0,1,7.0,No,5,12.0,Quiet Room,No,High,4,7,8,Reading,9.9,100
177358,16,Female,Biology,5.3,4.2,1.9,Yes,61.7,4.8,Good,5,High School,Low,7.3,Yes,3.26,5,2.9,No,5,12.0,Dorm,No,Low,1,9,6,Kinesthetic,9.1,83
172213,23,Other,Arts,2.6,1.0,3.4,Yes,75.5,5.7,Fair,4,Bachelor,Low,3.8,No,3.08,7,4.4,No,0,8.2,Co-Learning Group,Yes,Medium,3,1,10,Auditory,4.4,70
144371,16,Female,Business,4.0,3.8,3.7,No,92.8,8.5,Fair,3,Master,High,5.5,No,2.89,1,3.9,No,0,12.3,Library,No,Low,5,5,10,Visual,6.4,73
136461,21,Other,Arts,5.9,2.6,3.9,Yes,63.3,7.2,Good,1,High School,Medium,5.0,Yes,2.97,3,4.1,No,4,12.4,Dorm,No,Low,7,8,7,Reading,2.0,78
131495,24,Female,Engineering,2.8,1.3,0.5,Yes,58.1,6.9,Fair,7,High School,Medium,8.0,No,2.88,2,5.5,No,4,5.7,Quiet Room,No,High,10,3,10,Auditory,6.4,77
104607,27,Other,Psychology,4.4,4.6,3.7,Yes,95.1,8.0,Fair,3,High School,Medium,5.9,No,4.0,2,7.6,No,3,13.0,Quiet Room,Yes,High,5,3,10,Visual,7.1,98
110324,17,Female,Psychology,2.9,4.6,2.9,Yes,86.2,6.3,Fair,2,Bachelor,Low,5.1,Yes,3.38,5,6.6,No,2,11.5,Dorm,Yes,Medium,1,7,8,Visual,5.0,81
177077,21,Female,Biology,6.3,3.5,0.1,Yes,65.0,6.3,Good,0,PhD,Medium,8.5,Yes,3.53,2,6.6,No,0,10.0,Library,Yes,High,10,3,10,Kinesthetic,8.1,87
114000,22,Male,Biology,5.0,3.0,2.3,Yes,64.0,7.7,Good,1,Some College,Medium,6.3,Yes,4.0,7,3.7,No,3,11.2,Quiet Room,Yes,High,8,8,7,Visual,1.6,95
139403,19,Male,Business,0.3,2.6,2.5,No,92.0,6.5,Poor,6,PhD,High,5.8,Yes,4.0,1,4.2,No,3,5.9,Quiet Room,No,Medium,1,5,10,Reading,5.4,98
147406,18,Other,Business,3.3,4.9,0.6,No,72.4,6.5,Good,0,PhD,Low,5.9,Yes,2.35,7,3.4,No,1,8.9,Library,No,Medium,8,1,10,Auditory,8.0,56
154945,20,Male,Computer Science,3.477601257808164,3.5,1.8,No,96.2,7.6,Fair,5,PhD,High,5.0,Yes,4.0,1,3.4,No,3,9.5,Co-Learning Group,Yes,Low,3,4,10,Auditory,8.7,100
111920,17,Male,Psychology,5.5,3.4,3.3,No,58.6,6.6,Good,7,Bachelor,Low,10.0,No,3.83,6,6.0,No,4,12.5,Dorm,Yes,Medium,9,10,5,Kinesthetic,3.8,100
124096,19,Female,Psychology,4.9,2.0,1.5,No,53.1,7.6,Good,3,Bachelor,Low,10.0,Yes,4.0,3,3.5,No,5,8.5,Cafe,Yes,Low,1,2,10,Kinesthetic,7.9,100
171534,25,Male,Biology,3.8,3.3,3.5,No,70.4,7.4,Good,0,High School,High,10.0,Yes,2.63,8,2.2,No,3,11.4,Dorm,Yes,Medium,3,3,10,Auditory,3.2,63
106840,28,Female,Business,5.8,4.1,0.2,Yes,72.5,8.4,Poor,2,High School,Low,3.4000000000000004,Yes,3.79,5,8.6,No,1,11.0,Co-Learning Group,Yes,Medium,9,9,6,Visual,6.2,93
133103,24,Other,Biology,4.1,3.1,0.3,Yes,94.1,8.1,Fair,6,Master,Low,7.2,Yes,3.84,4,2.4,No,2,8.6,Quiet Room,No,Medium,3,6,9,Visual,5.1,100
124690,28,Other,Psychology,2.8,4.3,2.7,Yes,80.9,9.2,Good,2,Bachelor,Low,6.0,No,3.98,1,3.4,No,4,10.6,Quiet Room,Yes,Low,1,7,8,Reading,9.9,100
101151,27,Female,Biology,1.4,3.4,3.2,Yes,50.2,6.5,Poor,0,Bachelor,Medium,8.9,Yes,3.75,2,2.7,No,2,8.7,Quiet Room,No,Medium,4,9,6,Kinesthetic,3.2,96
122821,18,Male,Arts,6.0,0.1,0.6,No,89.2,9.0,Fair,2,Some College,Medium,6.6,No,3.23,6,8.0,No,2,6.7,Dorm,No,Low,6,3,10,Visual,2.7,82
141025,16,Other,Engineering,4.6,2.9,2.6,Yes,62.3,8.1,Good,3,Bachelor,High,8.0,Yes,3.27,8,7.2,No,4,11.6,Cafe,No,Low,9,10,5,Kinesthetic,4.1,80
158825,19,Male,Computer Science,8.069712815680198,1.2,3.5,No,95.4,7.3,Good,4,Bachelor,Medium,4.0,No,4.0,2,1.9,No,4,14.6,Library,No,Low,9,10,5,Visual,9.2,100
152568,26,Male,Computer Science,5.214844209194622,2.8,0.7,No,64.4,5.5,Good,7,High School,High,6.1,Yes,3.99,1,1.9,No,4,10.0,Co-Learning Group,No,Medium,6,4,10,Kinesthetic,1.4,100
120988,19,Male,Engineering,2.3,2.0,3.6,Yes,73.8,7.5,Good,4,PhD,Low,7.6,No,3.91,8,3.4,No,0,9.9,Dorm,Yes,Medium,8,10,5,Kinesthetic,7.1,89
168189,19,Other,Business,6.7,1.0,2.0,No,50.4,8.9,Fair,4,Bachelor,Low,7.7,Yes,4.0,5,3.2,No,5,10.3,Library,Yes,Low,2,10,5,Visual,8.3,95
147183,16,Male,Biology,2.7,0.5,1.4,No,70.5,5.7,Good,7,High School,Low,7.2,Yes,4.0,6,3.8,No,4,6.1,Cafe,No,Low,5,2,10,Visual,5.5,94
175336,20,Male,Psychology,4.9,2.6,1.1,Yes,49.6,8.9,Fair,2,PhD,Medium,3.6,No,4.0,2,6.3,No,4,9.7,Dorm,No,High,10,10,5,Kinesthetic,9.3,92
111927,21,Other,Computer Science,7.271537261380704,2.8,1.9,Yes,64.3,7.6,Fair,5,Master,Medium,9.7,No,4.0,3,4.6,No,5,13.3,Cafe,No,Low,10,8,7,Auditory,4.5,98
126793,19,Female,Arts,3.3,3.5,1.7,No,91.2,8.2,Fair,1,High School,High,5.9,No,4.0,7,5.2,No,2,10.4,Co-Learning Group,Yes,Low,4,6,9,Kinesthetic,6.7,96
178699,27,Female,Psychology,3.2,2.4,2.1,Yes,90.6,7.1,Poor,4,Master,High,6.5,No,2.62,7,3.1,No,0,9.4,Cafe,No,Medium,1,5,10,Auditory,9.8,62
112395,25,Other,Biology,0.9,4.8,2.6,Yes,70.0,8.2,Fair,0,Bachelor,Medium,9.7,No,1.96,4,4.0,No,4,9.3,Dorm,No,High,5,2,10,Reading,5.5,51
171520,20,Male,Biology,3.7,4.4,2.0,No,79.8,6.9,Good,5,Bachelor,Medium,8.9,No,2.7,2,6.6,No,4,12.0,Dorm,No,Medium,6,2,10,Auditory,1.3,70
175733,23,Other,Psychology,6.0,3.0,3.6,No,62.5,7.2,Good,3,Some College,Low,10.0,No,3.16,4,6.5,No,0,14.6,Dorm,No,High,7,1,10,Reading,3.4,79
145652,27,Female,Engineering,6.8,3.1,3.0,Yes,43.6,6.6,Fair,7,PhD,High,6.7,No,4.0,6,3.2,No,0,14.2,Library,No,Medium,9,10,5,Auditory,8.1,89
106670,25,Female,Computer Science,4.233171961988942,2.2,3.2,No,45.3,6.9,Good,5,Bachelor,Medium,6.6,Yes,3.91,5,4.4,No,0,9.8,Cafe,Yes,High,3,5,10,Visual,1.2,100
178625,28,Male,Engineering,3.6,0.5,1.8,No,89.4,6.9,Poor,0,High School,Medium,6.2,No,3.5,8,4.9,No,5,6.8,Library,No,Medium,8,6,9,Auditory,9.3,83
110507,22,Female,Engineering,5.7,2.4,1.6,Yes,99.5,7.5,Good,2,High School,Low,6.7,Yes,3.22,8,5.5,No,0,11.5,Quiet Room,No,High,5,6,9,Kinesthetic,9.4,85
177633,16,Male,Business,3.2,1.4,1.4,Yes,94.2,7.4,Poor,1,Some College,Medium,4.3,Yes,4.0,6,6.1,No,3,6.8,Co-Learning Group,Yes,Medium,6,1,10,Kinesthetic,4.3,92
130496,18,Other,Engineering,1.8,1.8,2.3,Yes,86.7,5.9,Fair,0,Bachelor,High,5.4,Yes,2.62,7,4.5,No,5,7.5,Dorm,No,Medium,3,9,6,Auditory,8.7,65
125600,16,Female,Engineering,4.1,4.8,0.4,Yes,73.3,6.9,Fair,7,High School,High,6.1,Yes,3.92,2,4.4,No,4,9.8,Dorm,Yes,High,3,10,5,Auditory,5.1,100
145911,22,Other,Arts,1.9,4.0,3.5,No,45.6,5.4,Good,1,Master,High,9.1,No,3.76,6,3.2,No,1,9.5,Co-Learning Group,Yes,Medium,8,10,5,Kinesthetic,2.5,97
125094,26,Other,Engineering,5.6,1.5,0.2,Yes,59.2,5.1,Poor,2,PhD,Medium,9.7,No,3.37,4,2.4,No,1,8.6,Dorm,No,High,6,10,5,Auditory,2.6,84
131724,18,Male,Business,1.1,2.8,1.1,Yes,93.4,8.5,Good,6,Some College,Low,8.1,Yes,2.58,6,4.7,No,5,6.0,Quiet Room,No,High,6,3,10,Kinesthetic,10.0,68
134744,20,Female,Biology,3.0,0.9,2.1,Yes,84.4,9.0,Fair,4,Some College,Medium,7.7,No,3.97,1,4.4,No,4,6.4,Dorm,Yes,Low,1,8,7,Auditory,10.0,100
162434,24,Male,Engineering,5.5,2.6,0.5,Yes,57.5,9.0,Good,2,Bachelor,Low,6.4,Yes,4.0,1,4.8,No,2,9.6,Dorm,Yes,Low,4,5,10,Kinesthetic,2.6,94
154700,26,Other,Computer Science,5.20121810541915,1.5,0.4,No,93.1,4.4,Poor,2,Bachelor,High,10.0,Yes,4.0,1,6.6,No,4,7.7,Dorm,Yes,Low,4,10,5,Reading,1.7,100
150910,21,Male,Business,3.8,3.5,0.4,No,53.4,5.2,Fair,2,Master,High,8.5,No,4.0,8,4.3,No,4,7.9,Quiet Room,No,Medium,10,10,5,Kinesthetic,1.1,93
150428,19,Male,Arts,4.6,0.2,1.8,Yes,84.8,8.5,Good,7,Some College,Medium,7.2,No,4.0,2,6.0,No,4,8.3,Library,No,Low,7,5,10,Reading,3.8,94
128682,21,Other,Arts,0.0,0.5,3.0,No,95.7,9.5,Fair,0,PhD,Low,8.4,Yes,4.0,4,7.9,No,5,3.8,Co-Learning Group,No,Low,2,8,7,Reading,6.6,100
156194,19,Other,Arts,3.9,2.3,0.1,Yes,70.6,4.8,Fair,1,PhD,Medium,8.0,Yes,2.24,2,7.8,No,4,6.8,Dorm,No,Low,6,4,10,Visual,8.5,55
175593,28,Female,Engineering,0.0,0.6,0.8,No,40.5,6.8,Fair,2,Some College,Medium,8.4,No,3.1,8,6.2,No,0,3.0,Dorm,Yes,Low,10,1,10,Kinesthetic,1.5,84
124292,25,Other,Psychology,0.3,3.4,0.1,No,65.7,7.5,Fair,3,Some College,Medium,5.2,Yes,3.7,1,6.3,No,2,5.1,Dorm,No,Low,6,5,10,Kinesthetic,2.8,84
177218,26,Female,Computer Science,3.447038157764758,1.4,3.3,No,83.5,8.6,Good,6,High School,Medium,7.300000000000001,Yes,3.45,3,7.7,No,0,9.3,Co-Learning Group,No,High,3,3,10,Visual,9.7,94
174154,25,Male,Arts,5.3,2.9,3.6,Yes,50.4,7.0,Good,7,Bachelor,Low,10.0,No,4.0,7,3.3,No,5,12.6,Quiet Room,No,High,8,7,8,Auditory,7.2,100
121119,25,Female,Arts,5.0,1.0,2.0,No,42.7,6.1,Fair,0,Some College,High,9.3,No,3.42,2,4.1,No,0,8.2,Co-Learning Group,No,Low,2,4,10,Auditory,9.2,81
103663,23,Female,Engineering,4.6,1.5,0.5,Yes,41.1,8.4,Poor,0,Bachelor,High,7.0,Yes,3.48,8,7.4,No,4,7.3,Library,Yes,High,10,7,8,Reading,6.4,95
118529,20,Male,Engineering,4.7,1.5,1.9,Yes,71.4,6.3,Good,4,High School,Low,7.2,No,3.02,7,6.1,No,1,9.0,Co-Learning Group,Yes,High,10,3,10,Visual,3.9,77
164623,26,Other,Computer Science,5.314714688433111,0.5,0.8,No,66.0,6.9,Fair,1,PhD,Medium,5.5,No,3.06,7,2.3,No,1,8.3,Library,No,Low,1,1,10,Visual,9.6,73
104085,25,Other,Biology,5.4,0.5,2.2,No,97.3,4.8,Good,0,Master,High,3.2,Yes,3.48,1,5.2,No,4,9.0,Dorm,No,Low,6,2,10,Auditory,3.7,82
167428,18,Other,Business,3.0,4.5,0.1,No,98.9,8.2,Poor,5,High School,Medium,10.0,No,3.14,5,4.8,No,5,9.3,Co-Learning Group,No,Medium,7,4,10,Visual,9.2,81
159178,18,Male,Computer Science,7.8624977692370575,0.1,0.7,No,45.3,6.2,Fair,5,Bachelor,High,5.6,No,3.84,1,1.0,No,5,8.7,Dorm,No,Medium,10,8,7,Visual,8.0,100
169143,24,Male,Business,3.5,1.3,2.1,Yes,89.2,7.6,Good,5,Bachelor,Low,5.2,Yes,4.0,6,4.7,No,2,8.9,Library,No,High,2,10,5,Kinesthetic,8.4,100
109289,19,Female,Biology,6.8,1.8,1.3,No,67.0,7.3,Good,0,Bachelor,High,4.0,Yes,4.0,4,4.2,No,0,11.9,Library,No,High,3,5,10,Reading,9.4,94
103381,23,Female,Arts,6.7,4.6,3.1,No,48.2,7.4,Fair,5,High School,Medium,5.9,No,4.0,3,4.1,No,5,15.6,Quiet Room,Yes,Medium,2,10,5,Kinesthetic,8.5,97
127075,26,Female,Business,3.8,2.6,3.7,Yes,43.8,7.4,Poor,1,Some College,Low,10.0,Yes,4.0,8,6.7,No,2,11.0,Dorm,Yes,Low,9,7,8,Auditory,6.7,98
142917,18,Other,Engineering,5.5,2.1,2.7,Yes,70.0,5.8,Fair,5,High School,High,5.0,Yes,4.0,7,5.7,No,5,11.3,Co-Learning Group,No,High,1,5,10,Auditory,2.7,100
147479,18,Male,Computer Science,7.043105727060209,0.8,1.5,No,90.5,6.1,Good,1,Some College,High,6.6,Yes,4.0,6,4.3,No,4,10.6,Library,No,Medium,2,4,10,Kinesthetic,9.0,98
120335,18,Male,Psychology,4.2,2.8,1.2,Yes,41.2,6.9,Good,1,High School,Low,7.1,No,4.0,4,4.4,No,4,8.3,Cafe,No,High,4,3,10,Auditory,5.3,95
174313,22,Other,Business,2.9,0.6,3.3,No,67.8,4.9,Fair,1,Some College,High,4.8,Yes,2.37,7,4.8,No,2,7.5,Cafe,Yes,High,2,1,10,Kinesthetic,7.6,61
137104,22,Other,Psychology,2.3,1.7,2.0,No,65.5,5.6,Good,0,PhD,Low,4.9,No,4.0,5,5.8,No,0,6.3,Quiet Room,No,High,7,7,8,Reading,2.9,100
142318,19,Male,Biology,4.7,2.1,0.9,Yes,40.4,6.5,Fair,2,Bachelor,Medium,10.0,No,3.52,5,6.8,No,3,8.6,Cafe,No,High,6,4,10,Reading,3.7,79
117228,19,Male,Biology,3.9,4.7,1.6,No,70.2,6.3,Good,5,PhD,Medium,6.4,Yes,3.52,2,6.8,No,5,10.9,Quiet Room,No,Low,4,8,7,Reading,6.5,85
114841,16,Male,Computer Science,5.546442068836014,2.0,2.3,Yes,54.7,7.1,Poor,2,Master,Medium,6.2,Yes,2.42,6,6.6,No,3,11.1,Cafe,No,Low,1,1,10,Auditory,8.0,66
130299,21,Other,Business,0.8,4.9,0.7,No,91.2,6.0,Good,3,Bachelor,Low,7.4,No,3.69,3,6.7,No,2,7.0,Dorm,No,High,9,9,6,Reading,4.4,87
142705,18,Female,Engineering,4.5,3.0,1.6,No,46.6,6.3,Fair,7,High School,High,7.4,Yes,4.0,1,4.7,No,0,9.3,Cafe,Yes,Low,1,10,5,Visual,6.3,100
160169,16,Female,Business,3.9,0.3,3.8,No,40.4,8.5,Good,2,Master,Medium,7.1,Yes,3.58,1,4.2,No,4,9.2,Dorm,No,Low,5,6,9,Visual,3.0,100
127460,16,Other,Engineering,5.3,1.3,1.0,No,88.0,6.9,Fair,3,Bachelor,High,7.3,No,3.51,4,5.6,No,0,8.3,Quiet Room,No,Medium,7,4,10,Auditory,6.1,89
124906,18,Male,Psychology,3.6,0.2,0.5,No,55.4,8.0,Fair,4,Bachelor,Low,8.1,Yes,3.9,2,3.9,No,4,5.0,Quiet Room,Yes,Low,4,7,8,Kinesthetic,2.5,98
147113,22,Male,Psychology,2.0,4.3,0.9,Yes,59.2,6.0,Poor,0,Bachelor,Low,8.5,Yes,3.96,4,3.0,No,2,8.4,Co-Learning Group,Yes,Low,3,10,5,Auditory,1.8,100
149928,23,Female,Computer Science,3.7797898373531167,4.5,0.2,No,81.4,8.1,Good,7,Bachelor,High,6.8,Yes,3.02,6,5.7,No,3,8.5,Library,Yes,High,10,1,10,Reading,6.2,78
102006,19,Male,Computer Science,1.284913688031208,1.4,1.9,Yes,97.9,9.0,Fair,0,PhD,Medium,3.3,Yes,3.93,2,2.5,No,5,5.5,Quiet Room,Yes,Low,3,8,7,Auditory,9.7,100
135853,27,Male,Biology,2.1,1.2,4.0,Yes,52.8,8.0,Good,1,Master,Low,9.1,Yes,3.16,2,2.6,No,4,8.8,Dorm,No,Medium,2,2,10,Auditory,1.3,71
171241,23,Other,Engineering,3.2,0.2,1.0,No,71.2,7.9,Fair,2,Bachelor,Low,8.7,No,2.63,4,4.1,No,2,6.2,Dorm,Yes,Medium,8,4,10,Visual,4.2,70
114857,19,Male,Biology,0.0,0.5,2.4,Yes,43.2,9.3,Poor,2,Master,High,6.9,Yes,2.72,7,2.8,No,5,4.3,Co-Learning Group,No,Low,7,1,10,Visual,7.2,75
137314,28,Female,Engineering,5.6,1.6,1.5,No,81.2,7.4,Good,7,Some College,Medium,4.1,Yes,3.21,6,8.2,No,3,8.7,Quiet Room,No,Medium,9,5,10,Reading,6.7,79
114354,22,Female,Engineering,5.9,4.9,1.5,Yes,64.6,7.3,Fair,2,PhD,Low,3.3,Yes,3.59,1,5.2,No,5,12.7,Dorm,No,High,1,9,6,Auditory,2.8,90
105704,25,Other,Business,6.5,4.8,3.8,Yes,97.5,9.4,Poor,0,High School,Low,8.9,Yes,4.0,7,3.0,No,0,16.4,Quiet Room,Yes,Low,4,6,9,Kinesthetic,2.0,100
107277,27,Other,Biology,7.3,1.9,1.5,Yes,70.5,5.1,Fair,1,PhD,High,6.2,Yes,4.0,7,4.2,No,3,12.5,Dorm,Yes,Medium,6,10,5,Reading,4.1,97
156064,24,Male,Psychology,5.8,3.6,3.9,No,89.7,7.6,Fair,6,Master,Medium,6.5,No,3.54,2,4.7,No,2,14.5,Library,No,Medium,6,1,10,Reading,6.6,82
130221,17,Other,Engineering,4.8,1.3,0.3,No,50.8,7.2,Fair,4,PhD,High,6.3,Yes,4.0,7,5.9,No,0,8.3,Cafe,No,Low,1,4,10,Kinesthetic,5.6,100
156362,26,Female,Business,4.4,0.1,3.6,No,91.4,7.1,Fair,7,High School,Low,5.9,Yes,3.35,2,4.5,No,4,8.5,Cafe,No,Medium,2,3,10,Reading,2.5,88
147396,22,Male,Business,0.2,4.0,1.3,No,48.4,8.1,Good,2,Some College,High,7.2,Yes,4.0,4,6.2,No,3,6.4,Library,Yes,Medium,8,3,10,Kinesthetic,3.2,100
161383,28,Other,Psychology,9.3,1.9,3.2,Yes,66.0,6.4,Poor,4,High School,Low,10.0,Yes,4.0,5,5.8,No,4,14.7,Dorm,No,Medium,9,5,10,Kinesthetic,6.4,98
159893,28,Female,Business,6.1,1.3,0.0,Yes,75.0,6.7,Fair,4,Master,Low,7.9,Yes,4.0,7,1.0,No,2,9.4,Quiet Room,No,Low,9,4,10,Visual,8.6,98
105973,19,Male,Business,6.9,3.0,1.5,No,58.5,6.2,Fair,2,Master,High,8.0,No,3.7,8,3.1,No,3,12.9,Library,No,Low,8,10,5,Auditory,4.7,90
117923,19,Female,Arts,4.1,1.7,2.2,No,85.2,4.0,Good,6,Some College,High,5.4,Yes,2.93,3,2.5,No,2,8.5,Cafe,No,Medium,6,7,8,Kinesthetic,7.8,81
116770,23,Other,Business,4.3,0.3,4.0,Yes,57.0,7.8,Good,3,Master,Medium,8.5,No,3.72,8,3.0,No,1,9.9,Library,No,High,8,1,10,Kinesthetic,2.4,91
110937,28,Other,Business,4.3,1.6,0.4,No,88.3,6.4,Good,3,PhD,Medium,9.3,Yes,3.31,8,4.5,No,3,6.7,Library,No,High,9,9,6,Kinesthetic,2.3,88
129798,20,Male,Engineering,5.3,2.2,0.6,No,50.8,7.4,Fair,6,Bachelor,High,7.2,Yes,4.0,5,5.2,No,0,8.7,Dorm,Yes,Medium,3,7,8,Reading,2.9,98
165114,28,Female,Business,3.8,1.1,0.8,Yes,53.4,7.0,Good,6,Master,High,5.9,No,4.0,5,2.5,No,0,6.7,Co-Learning Group,Yes,Low,2,3,10,Visual,6.7,100
153642,18,Female,Arts,5.0,4.9,1.3,No,70.4,10.2,Fair,3,Some College,High,8.2,Yes,4.0,6,5.4,No,2,11.4,Cafe,Yes,Low,1,4,10,Reading,9.3,99
155444,23,Female,Computer Science,0.0,0.7,1.3,Yes,60.3,4.0,Poor,2,Some College,Low,3.7,Yes,3.6,2,8.0,No,0,3.7,Dorm,No,Medium,7,9,6,Auditory,6.1,83
173685,22,Other,Computer Science,6.42385512784821,2.2,3.4,No,84.9,6.5,Good,2,PhD,Medium,7.4,Yes,4.0,2,7.2,No,3,13.4,Cafe,Yes,High,3,8,7,Reading,4.4,96
141866,22,Female,Arts,8.7,1.4,2.3,No,93.1,8.8,Fair,0,High School,Low,2.3,No,3.27,7,2.8,No,0,13.8,Cafe,Yes,High,7,3,10,Reading,1.1,86
162387,20,Female,Engineering,5.1,4.1,0.7,No,47.0,9.6,Fair,5,Some College,High,2.6,No,3.36,4,8.3,No,3,11.3,Dorm,No,Low,1,9,6,Visual,9.8,88
135493,28,Other,Arts,6.0,4.3,2.1,Yes,63.6,8.1,Good,4,Some College,Medium,5.4,No,4.0,5,5.6,No,1,13.9,Quiet Room,No,Low,6,8,7,Auditory,3.6,94
129358,19,Other,Business,0.3,0.3,2.9,No,76.1,8.7,Fair,1,Some College,High,7.1,No,4.0,5,3.9,No,5,4.4,Dorm,Yes,High,6,7,8,Reading,9.3,100
167048,18,Female,Business,2.8,2.2,3.8,Yes,98.6,8.8,Good,7,PhD,Low,5.6,Yes,2.96,8,8.2,No,4,10.7,Library,Yes,High,7,4,10,Reading,4.6,77
149532,27,Other,Arts,3.2,4.8,1.2,No,98.4,7.5,Good,0,Bachelor,Medium,7.4,Yes,2.68,8,5.4,No,1,11.1,Co-Learning Group,No,Medium,2,1,10,Reading,9.3,72
132017,27,Male,Biology,6.4,1.9,1.5,Yes,49.8,7.9,Good,2,Some College,Low,6.1,Yes,3.94,4,1.0,No,5,11.2,Co-Learning Group,No,Medium,9,10,5,Reading,7.4,100
106532,26,Male,Engineering,2.5,3.7,1.9,Yes,72.0,5.9,Good,6,High School,High,8.4,No,3.4,6,5.1,No,2,9.0,Quiet Room,No,Medium,8,4,10,Visual,2.8,96
104588,28,Female,Psychology,5.4,2.2,2.5,Yes,49.1,7.0,Good,6,Some College,Medium,6.8,No,3.39,7,7.8,No,0,11.2,Co-Learning Group,No,Medium,10,3,10,Visual,7.7,94
116379,17,Other,Computer Science,4.240439326264253,0.7,4.0,No,86.2,6.0,Poor,7,High School,High,9.9,No,4.0,8,2.6,No,2,10.6,Dorm,No,Low,8,9,6,Visual,5.8,96
102702,25,Other,Arts,3.2,2.5,0.3,No,67.5,6.4,Good,2,Bachelor,Low,10.0,No,2.98,8,7.1,No,5,6.4,Dorm,Yes,High,5,5,10,Visual,7.2,81
134510,22,Male,Computer Science,5.88411787685607,3.6,1.0,No,42.1,5.7,Good,3,High School,Medium,10.0,Yes,3.18,3,5.1,No,3,11.2,Quiet Room,No,High,8,8,7,Auditory,8.9,78
160719,19,Female,Psychology,6.2,2.4,0.9,No,90.6,8.7,Fair,5,Some College,High,3.8,Yes,4.0,7,7.2,No,3,9.7,Quiet Room,Yes,High,1,1,10,Reading,1.1,96
118894,16,Male,Computer Science,4.761938461185672,2.1,2.3,Yes,90.1,8.6,Good,6,Some College,Medium,8.3,No,3.58,3,3.8,No,4,10.2,Dorm,No,High,7,4,10,Reading,8.0,82
120798,21,Male,Psychology,3.4,0.4,3.8,Yes,81.4,6.7,Fair,6,Bachelor,Low,7.4,Yes,3.49,3,6.5,No,5,9.1,Library,No,Low,9,5,10,Visual,1.1,80
163129,23,Male,Business,4.5,0.0,4.0,Yes,75.3,5.0,Good,6,High School,Medium,10.0,Yes,3.8,2,4.4,No,0,8.7,Library,Yes,High,6,9,6,Auditory,5.4,96
150735,23,Female,Computer Science,3.912037413300842,1.8,3.9,Yes,92.5,9.4,Good,0,Master,Low,8.1,No,4.0,6,4.9,No,2,11.0,Co-Learning Group,No,Medium,4,9,6,Visual,1.5,98
159132,21,Male,Biology,0.8,1.8,1.9,No,50.9,8.7,Fair,0,Some College,High,5.2,No,2.88,8,7.0,No,3,6.0,Library,Yes,Medium,1,9,6,Visual,8.0,72
137609,24,Female,Engineering,8.1,2.2,2.8,Yes,99.3,9.3,Poor,3,Master,Medium,9.0,Yes,3.85,2,5.5,No,4,14.1,Quiet Room,No,Medium,2,7,8,Auditory,3.4,96
144613,19,Female,Biology,5.7,3.8,2.5,Yes,59.4,4.0,Good,7,Bachelor,High,7.2,Yes,4.0,5,6.3,No,3,13.6,Quiet Room,Yes,High,8,10,5,Auditory,4.3,89
129186,23,Female,Psychology,2.5,1.0,2.2,No,57.1,6.6,Fair,7,High School,Medium,7.4,Yes,3.58,4,6.2,No,2,6.5,Cafe,No,Low,1,8,7,Auditory,1.1,89
175302,16,Other,Business,2.5,3.8,1.9,Yes,99.7,7.7,Poor,7,Bachelor,Low,8.5,No,4.0,4,3.1,No,4,8.2,Dorm,Yes,High,2,3,10,Auditory,2.1,100
128635,21,Other,Psychology,3.4,1.7,2.4,Yes,45.1,9.2,Fair,3,Bachelor,High,7.9,Yes,4.0,3,7.9,No,3,7.6,Co-Learning Group,No,High,10,9,6,Auditory,4.2,100
169775,17,Other,Biology,2.6,2.3,1.5,Yes,95.3,7.9,Fair,1,High School,High,6.4,Yes,2.73,8,2.7,No,3,7.6,Dorm,Yes,Low,4,6,9,Auditory,2.1,71
112085,28,Other,Computer Science,5.543980509129155,4.8,1.1,No,90.8,8.8,Good,0,Some College,Low,4.5,Yes,4.0,6,2.1,No,1,13.1,Cafe,No,High,5,4,10,Kinesthetic,4.5,100
103042,26,Other,Biology,4.5,3.4,1.6,No,85.4,8.4,Fair,3,Bachelor,High,7.5,No,3.7,2,2.3,No,5,11.2,Co-Learning Group,Yes,High,3,6,9,Visual,6.2,90
135122,19,Male,Computer Science,3.9476311887480167,1.8,1.6,No,90.7,7.8,Poor,1,Bachelor,High,7.5,No,3.84,7,2.9,No,2,9.0,Co-Learning Group,No,High,9,4,10,Reading,7.6,81
172986,25,Female,Arts,4.9,0.9,1.6,No,40.9,8.5,Good,1,Master,Medium,6.7,Yes,2.7,8,6.4,No,1,8.5,Library,No,High,7,1,10,Kinesthetic,2.1,70
173210,19,Female,Arts,7.1,4.6,1.3,Yes,47.1,6.6,Fair,7,Bachelor,Low,6.6,No,4.0,5,3.5,No,0,14.7,Dorm,Yes,Medium,1,4,10,Auditory,3.7,98
107670,19,Female,Psychology,3.8,4.6,0.7,No,56.7,4.0,Fair,3,Master,Medium,5.3,Yes,3.08,4,4.4,No,4,9.2,Quiet Room,No,Medium,1,3,10,Auditory,2.8,82
118092,21,Male,Computer Science,6.934061987606652,3.9,2.4,Yes,68.1,7.4,Fair,4,Master,Medium,4.4,Yes,4.0,1,6.1,No,4,14.4,Dorm,Yes,High,6,10,5,Reading,8.4,94
157576,24,Other,Psychology,2.4,0.5,2.2,Yes,77.3,7.1,Good,0,High School,Medium,7.4,No,3.0,8,4.9,No,4,6.2,Quiet Room,Yes,Low,4,3,10,Reading,7.2,71
160549,17,Female,Computer Science,3.134072401401018,4.5,2.6,Yes,90.5,7.6,Good,4,PhD,Low,6.7,No,3.42,8,5.3,No,3,11.8,Dorm,No,Medium,10,6,9,Visual,5.8,87
176255,16,Female,Arts,0.7,2.1,0.3,Yes,42.5,8.2,Good,4,High School,Low,2.4,No,3.33,4,4.3,No,4,4.4,Cafe,No,Medium,1,9,6,Kinesthetic,9.9,76
117170,22,Other,Arts,3.1,1.9,3.0,Yes,54.6,8.2,Fair,3,Bachelor,Low,8.8,Yes,3.79,7,7.4,No,5,9.1,Co-Learning Group,No,Medium,2,4,10,Auditory,8.8,84
118500,17,Other,Computer Science,5.407484173490282,4.8,3.1,No,81.3,9.3,Poor,7,Master,Medium,6.1,Yes,4.0,2,4.3,No,4,15.1,Library,Yes,High,6,3,10,Visual,5.1,100
151146,18,Male,Biology,4.6,4.0,2.2,Yes,61.3,9.6,Fair,1,PhD,Medium,6.8,No,3.21,4,2.5,No,2,12.7,Cafe,No,High,4,8,7,Kinesthetic,8.9,78
117027,23,Female,Computer Science,2.204240489201654,0.4,1.0,No,56.5,10.1,Good,3,PhD,High,9.0,No,4.0,1,6.2,No,5,3.8,Quiet Room,Yes,Medium,6,6,9,Kinesthetic,1.8,88
139180,20,Other,Psychology,3.3,0.9,3.6,No,56.7,9.2,Fair,5,High School,Medium,8.5,No,3.47,3,5.5,No,0,9.4,Library,Yes,High,3,7,8,Reading,7.0,91
112646,20,Male,Psychology,4.8,4.9,0.8,No,94.1,4.0,Fair,6,Master,High,8.3,Yes,3.56,6,2.3,No,4,12.0,Library,No,Medium,9,9,6,Reading,3.7,94
159261,26,Male,Computer Science,5.0881964054605096,3.9,1.3,Yes,55.3,9.9,Fair,6,Master,Medium,7.6,Yes,4.0,3,6.1,No,2,11.8,Co-Learning Group,Yes,Low,6,3,10,Kinesthetic,4.2,100
165477,28,Male,Engineering,3.2,0.6,0.3,No,61.3,6.6,Poor,0,Bachelor,Medium,5.1,Yes,4.0,7,6.0,No,3,6.0,Library,No,High,1,6,9,Visual,4.9,100
131403,26,Female,Arts,4.3,1.7,3.5,No,95.6,7.5,Good,7,PhD,Medium,5.6,No,3.72,5,7.8,No,2,11.0,Quiet Room,No,Low,3,10,5,Auditory,3.3,90
163348,23,Male,Business,2.7,3.0,4.0,Yes,47.7,8.3,Good,1,Bachelor,High,7.2,Yes,3.54,5,3.4,No,0,10.3,Co-Learning Group,No,High,10,7,8,Kinesthetic,6.8,85
157688,26,Other,Biology,4.9,1.6,3.7,Yes,59.5,7.0,Good,6,Bachelor,Medium,6.3,Yes,3.95,4,5.3,No,3,10.7,Cafe,No,Low,2,1,10,Visual,4.5,98
124110,18,Other,Arts,5.9,4.1,3.0,No,46.6,5.9,Fair,1,Master,Medium,6.0,Yes,3.76,3,3.4,No,5,13.4,Dorm,Yes,Low,1,2,10,Reading,1.3,100
107149,25,Female,Psychology,9.6,3.1,1.3,No,86.4,6.5,Good,1,PhD,High,6.1,Yes,4.0,1,5.9,No,1,15.5,Dorm,No,Low,6,3,10,Visual,8.2,100
156044,23,Female,Arts,3.0,4.6,0.4,Yes,74.6,9.4,Good,0,Master,High,4.0,No,3.1,5,5.9,No,1,8.6,Co-Learning Group,Yes,Low,7,7,8,Auditory,8.0,80
129997,16,Other,Computer Science,5.987766549591754,1.7,3.4,Yes,97.0,9.2,Good,0,Bachelor,High,9.3,No,4.0,2,2.9,No,2,11.2,Dorm,No,Low,2,7,8,Visual,1.7,100
160662,19,Male,Engineering,3.9,4.7,0.0,Yes,82.0,4.0,Poor,7,Bachelor,Low,5.0,No,3.77,2,4.1,No,2,9.7,Library,Yes,Low,3,6,9,Kinesthetic,9.9,97
108254,22,Other,Psychology,0.3,0.4,1.1,No,82.1,7.8,Fair,3,PhD,Low,3.7,No,3.5,3,1.1,No,2,3.4,Cafe,Yes,Medium,5,1,10,Kinesthetic,7.7,76
113237,22,Female,Biology,3.4,0.2,0.6,Yes,46.1,7.0,Good,4,High School,Low,10.0,Yes,4.0,3,1.2,No,3,5.6,Cafe,Yes,High,10,5,10,Reading,9.6,100
165147,26,Other,Biology,1.9,1.6,1.7,No,64.3,8.8,Good,5,High School,Low,5.3,Yes,3.96,4,5.8,No,2,6.0,Co-Learning Group,Yes,Low,9,10,5,Visual,7.7,94
117631,26,Other,Computer Science,4.035992904899134,3.9,2.2,No,46.1,8.7,Good,5,Some College,High,10.0,No,4.0,5,4.3,No,1,11.3,Library,No,Medium,10,10,5,Visual,3.5,100
111391,17,Male,Computer Science,3.592083188306206,0.9,0.3,Yes,61.3,4.4,Fair,6,Bachelor,Medium,8.3,Yes,4.0,4,6.9,No,2,6.1,Library,Yes,High,8,8,7,Auditory,6.8,99
137313,19,Male,Engineering,6.1,0.4,3.2,No,98.2,8.7,Fair,1,PhD,High,7.0,Yes,3.61,4,5.8,No,3,11.2,Co-Learning Group,No,Low,10,4,10,Visual,2.0,81
114109,27,Other,Business,3.9,1.4,1.0,No,83.8,7.2,Poor,1,Bachelor,High,7.5,Yes,2.91,7,5.6,No,4,6.5,Cafe,Yes,Medium,2,3,10,Visual,3.3,82
116334,19,Male,Computer Science,3.9128473578396505,4.1,3.2,No,64.4,5.2,Fair,5,Some College,High,7.3,No,4.0,7,1.3,No,1,11.5,Library,No,Medium,5,6,9,Visual,9.6,100
157993,23,Male,Engineering,5.4,1.4,2.1,Yes,85.6,8.2,Good,0,Bachelor,Low,8.8,No,3.53,4,5.5,No,0,9.5,Quiet Room,No,Low,9,8,7,Auditory,8.1,87
156236,26,Male,Business,4.3,3.7,1.7,Yes,96.0,6.2,Good,1,Bachelor,Low,6.0,No,4.0,3,3.5,No,5,11.0,Library,No,Medium,10,8,7,Visual,8.5,97
140210,19,Female,Biology,3.4,1.0,0.7,Yes,69.4,7.0,Good,0,PhD,High,9.4,Yes,3.61,3,5.6,No,3,5.5,Co-Learning Group,No,High,5,10,5,Reading,7.6,93
111182,24,Male,Arts,4.6,1.1,3.2,No,66.1,6.2,Poor,5,Some College,Low,5.5,No,4.0,6,3.4,No,3,9.8,Library,Yes,Medium,9,4,10,Visual,6.6,96
173268,19,Female,Arts,2.6,1.1,2.9,No,95.0,7.1,Fair,1,Master,Low,9.9,Yes,2.62,8,1.9,No,1,8.2,Co-Learning Group,No,Medium,8,1,10,Auditory,3.4,63
112781,16,Female,Business,6.6,3.7,2.9,Yes,73.4,5.9,Good,0,Bachelor,Low,6.3,No,4.0,7,6.3,No,1,14.0,Quiet Room,No,High,6,2,10,Auditory,4.3,100
130724,22,Male,Business,0.7,4.7,0.9,No,56.8,6.5,Fair,0,Some College,High,4.0,Yes,3.54,1,3.2,No,5,7.1,Dorm,Yes,Medium,7,10,5,Kinesthetic,7.0,89
106802,17,Other,Arts,6.5,2.0,0.6,No,66.2,7.2,Good,5,Bachelor,Low,9.4,No,3.85,2,5.0,No,0,10.3,Quiet Room,No,High,2,7,8,Visual,9.2,97
174528,28,Female,Engineering,1.2,1.0,1.1,Yes,61.0,5.8,Good,0,Some College,High,9.5,No,3.38,6,2.3,No,4,4.7,Quiet Room,No,Medium,9,8,7,Auditory,7.5,85
103584,25,Other,Psychology,4.3,3.1,0.3,Yes,56.0,6.1,Fair,1,PhD,High,7.3,No,2.99,3,6.8,No,5,9.1,Cafe,No,Low,6,4,10,Visual,7.6,72
167424,22,Female,Biology,6.1,1.4,2.9,Yes,46.2,4.2,Fair,2,Master,Low,4.8,Yes,4.0,1,4.0,No,1,11.3,Cafe,No,Low,9,8,7,Visual,6.7,100
111904,18,Other,Arts,4.7,4.8,0.2,Yes,82.5,8.5,Fair,5,Some College,High,6.2,Yes,3.27,4,8.8,No,5,10.9,Co-Learning Group,No,Medium,8,9,6,Reading,8.3,78
122037,23,Other,Computer Science,4.2064863279081415,4.8,2.8,No,73.3,5.9,Poor,0,Bachelor,Low,6.2,Yes,3.54,1,6.6,No,0,12.9,Dorm,No,Medium,2,6,9,Auditory,3.3,83
154278,19,Female,Computer Science,8.81641799395531,1.9,1.0,No,77.4,8.0,Poor,5,Some College,Medium,7.4,No,3.74,8,4.5,No,4,12.0,Cafe,Yes,High,1,2,10,Auditory,2.4,90
162874,23,Female,Psychology,2.9,3.6,3.6,No,73.6,6.5,Good,1,Master,Low,5.3,No,3.1,7,3.2,No,5,11.5,Co-Learning Group,No,Low,1,4,10,Visual,3.0,79
133089,19,Female,Computer Science,3.2129932958780145,2.0,3.0,Yes,43.1,6.0,Good,1,PhD,Medium,6.6,No,2.63,3,5.9,No,5,9.9,Dorm,Yes,Medium,9,7,8,Kinesthetic,7.8,67
138689,25,Other,Arts,2.6,4.8,0.3,Yes,52.2,9.5,Good,5,PhD,Low,7.9,No,3.15,7,7.9,No,3,8.1,Dorm,Yes,High,7,4,10,Reading,7.8,83
179743,28,Male,Psychology,3.7,0.8,2.4,No,63.2,4.8,Good,2,Some College,Medium,10.0,No,2.72,3,4.2,No,1,7.7,Cafe,Yes,High,3,5,10,Reading,3.2,66
137776,28,Other,Psychology,4.8,0.0,0.0,No,98.0,6.1,Good,0,Some College,Low,9.8,Yes,3.95,8,7.0,No,4,6.6,Cafe,Yes,High,9,6,9,Auditory,8.7,84
170471,28,Female,Business,3.7,1.5,2.0,Yes,50.2,7.5,Good,4,Bachelor,Low,4.7,Yes,4.0,7,4.3,No,2,8.0,Co-Learning Group,Yes,High,8,3,10,Kinesthetic,1.4,99
133930,23,Other,Psychology,5.6,0.7,1.1,Yes,65.7,6.0,Good,6,Some College,High,5.3,Yes,3.93,5,3.3,No,5,8.8,Library,No,High,6,9,6,Auditory,4.0,100
114454,24,Female,Business,6.7,0.7,3.7,Yes,75.0,6.3,Good,5,High School,High,9.6,Yes,4.0,7,4.3,No,5,12.9,Co-Learning Group,Yes,Medium,6,7,8,Auditory,6.1,100
120030,26,Other,Arts,5.5,4.4,1.4,Yes,79.2,7.3,Fair,7,PhD,Low,6.8,Yes,4.0,6,6.6,No,5,11.8,Library,Yes,High,10,10,5,Reading,4.0,100
154382,16,Other,Biology,2.2,3.0,1.7,No,91.5,7.2,Fair,7,PhD,Low,5.1,No,4.0,7,4.9,No,2,7.1,Library,Yes,Medium,6,7,8,Reading,8.6,97
135637,26,Male,Arts,5.2,2.3,2.0,Yes,60.3,8.8,Good,0,PhD,Medium,8.2,No,3.49,4,5.3,No,4,11.1,Cafe,Yes,Low,9,6,9,Auditory,2.3,94
111212,25,Male,Business,2.3,3.5,0.2,Yes,77.2,9.0,Good,5,Bachelor,Low,6.0,Yes,3.63,2,2.9,No,3,7.5,Dorm,Yes,High,1,6,9,Reading,9.3,77
139395,16,Other,Biology,8.6,2.0,3.2,Yes,66.4,4.9,Fair,7,Bachelor,Low,8.1,Yes,4.0,1,5.6,No,5,13.9,Quiet Room,Yes,Medium,5,10,5,Reading,2.4,100
119463,26,Other,Computer Science,5.323669956393209,2.7,3.6,No,67.7,6.8,Good,7,Master,Medium,7.4,No,4.0,6,2.7,No,1,11.7,Dorm,No,Medium,1,2,10,Auditory,2.5,90
117514,27,Female,Computer Science,5.351715403333451,0.5,3.9,Yes,68.2,9.1,Good,2,High School,Low,5.4,Yes,3.78,5,3.5,No,0,11.2,Cafe,No,Low,2,1,10,Auditory,1.5,85
176059,18,Male,Arts,4.1,3.5,0.7,Yes,74.7,8.4,Good,1,Master,Low,4.9,Yes,4.0,1,6.6,No,5,8.4,Quiet Room,No,Low,5,10,5,Visual,3.8,100
177502,16,Male,Psychology,0.8,1.7,1.5,No,73.8,7.6,Fair,3,High School,Low,7.0,No,4.0,8,4.6,No,2,4.2,Co-Learning Group,Yes,Medium,8,8,7,Reading,7.9,98
154968,18,Male,Arts,3.2,3.1,2.9,Yes,46.2,5.8,Good,3,Master,Medium,3.6,Yes,4.0,3,8.8,No,4,11.2,Cafe,Yes,Medium,4,7,8,Reading,8.9,100
135963,24,Other,Computer Science,8.459030234270323,1.6,0.2,Yes,93.5,6.8,Good,0,Bachelor,Low,8.0,Yes,3.51,7,5.1,No,0,12.2,Library,Yes,Low,1,1,10,Auditory,6.8,97
115856,19,Other,Psychology,2.5,2.6,3.0,Yes,80.3,4.5,Good,7,Bachelor,Low,6.9,No,3.82,5,4.2,No,2,9.1,Cafe,Yes,Low,10,6,9,Visual,5.1,91
159493,16,Female,Arts,5.2,5.0,1.6,Yes,84.5,6.7,Good,1,Bachelor,Low,2.6,No,4.0,3,5.0,No,2,13.2,Library,Yes,High,4,10,5,Visual,8.0,100
114270,24,Male,Psychology,2.8,0.7,1.9,Yes,83.0,6.3,Good,0,High School,Low,3.9,No,4.0,6,5.4,No,4,7.3,Dorm,Yes,Medium,7,7,8,Auditory,3.1,100
161102,17,Female,Biology,4.4,3.6,0.5,Yes,45.0,7.3,Fair,6,PhD,Medium,6.8,Yes,2.69,6,5.3,No,0,10.4,Cafe,No,High,1,4,10,Reading,9.5,67
110209,16,Female,Business,5.8,3.8,2.6,No,91.5,6.3,Good,5,Master,Medium,8.3,Yes,3.88,6,8.9,No,3,13.4,Cafe,Yes,High,5,8,7,Reading,1.9,100
130780,17,Male,Biology,4.2,4.0,0.7,No,50.6,7.2,Good,3,Some College,Low,7.0,No,4.0,8,6.5,No,1,9.7,Quiet Room,Yes,Low,2,8,7,Visual,7.1,93
165092,20,Female,Engineering,0.9,0.7,1.9,Yes,94.6,6.9,Good,6,Some College,High,8.2,Yes,2.95,4,6.3,No,4,4.5,Co-Learning Group,Yes,High,4,3,10,Auditory,4.2,69
167762,16,Male,Computer Science,2.1336970357312204,0.9,2.1,No,94.7,4.6,Fair,6,High School,Medium,4.5,No,4.0,8,2.9,No,0,6.1,Co-Learning Group,Yes,High,8,3,10,Auditory,9.3,100
140893,21,Female,Psychology,1.2,3.9,3.4,Yes,49.8,9.1,Good,3,Some College,Low,5.3,Yes,3.45,1,3.8,No,4,9.8,Library,No,High,1,3,10,Reading,1.5,84
152504,20,Male,Psychology,5.4,1.0,2.9,Yes,49.4,4.9,Good,5,PhD,Low,8.0,Yes,4.0,5,5.0,No,4,10.4,Cafe,No,High,1,6,9,Visual,5.4,98
135293,28,Other,Engineering,3.3,0.2,3.6,Yes,56.3,8.5,Fair,5,Some College,Low,10.0,Yes,2.96,6,5.0,No,4,7.5,Co-Learning Group,Yes,Medium,5,1,10,Kinesthetic,4.1,69
156885,23,Female,Business,0.0,2.2,3.8,No,46.2,8.2,Good,2,Master,Medium,4.5,No,3.21,5,8.2,No,1,7.5,Dorm,Yes,High,4,7,8,Reading,3.1,76
160093,27,Male,Business,4.0,4.1,2.3,Yes,52.6,5.9,Good,5,High School,Low,5.1,No,4.0,2,4.3,No,3,11.9,Co-Learning Group,No,Low,7,10,5,Reading,6.3,100
131593,21,Female,Engineering,3.4,2.8,0.6,No,62.0,5.5,Good,3,Bachelor,Medium,2.7,Yes,3.25,5,2.8,No,3,8.1,Cafe,Yes,High,1,8,7,Auditory,9.1,71
156782,23,Other,Arts,5.9,1.5,0.8,Yes,59.9,4.4,Fair,0,Some College,High,9.1,Yes,3.73,1,4.9,No,2,10.1,Quiet Room,No,Medium,1,6,9,Kinesthetic,8.5,91
143255,17,Female,Engineering,6.2,3.0,3.9,Yes,59.9,7.8,Good,3,High School,High,7.3,No,3.68,7,1.6,No,0,13.8,Quiet Room,Yes,Medium,7,6,9,Kinesthetic,8.9,96
178704,19,Male,Computer Science,4.487956395331752,2.1,1.6,Yes,40.2,6.0,Fair,3,Master,Low,8.5,No,4.0,3,5.2,No,0,10.0,Library,Yes,Medium,9,3,10,Reading,5.4,100
169796,18,Other,Biology,3.1,3.0,2.8,No,68.2,9.3,Fair,1,Bachelor,High,9.7,No,3.84,2,5.2,No,2,10.4,Cafe,No,Medium,10,10,5,Reading,1.2,99
122017,17,Other,Business,2.5,3.5,0.7,No,53.5,4.8,Good,0,High School,Medium,3.4000000000000004,Yes,3.99,6,7.2,No,1,7.6,Quiet Room,Yes,Medium,4,4,10,Reading,1.6,97
173821,20,Other,Psychology,3.7,4.9,3.3,No,86.2,5.6,Good,4,Bachelor,Medium,4.8,No,3.67,7,4.3,No,2,13.3,Library,Yes,Low,3,5,10,Visual,3.0,97
115277,20,Male,Computer Science,4.578683121820144,1.6,0.1,Yes,70.6,10.1,Good,6,Master,High,7.1,No,4.0,3,5.8,No,4,8.0,Co-Learning Group,Yes,Low,10,9,6,Kinesthetic,7.8,97
134761,27,Female,Arts,5.4,0.3,0.5,Yes,41.0,6.8,Fair,2,Bachelor,Low,10.0,Yes,3.31,6,6.9,No,2,6.8,Library,No,Medium,2,7,8,Kinesthetic,8.2,76
176023,22,Other,Computer Science,5.768822717158884,0.6,2.5,No,69.0,4.1,Fair,2,PhD,High,5.9,No,3.04,4,6.6,No,1,8.9,Library,Yes,Low,3,3,10,Auditory,9.3,80
122580,24,Other,Computer Science,3.5584016971842787,0.6,3.3,Yes,44.5,7.2,Good,5,Some College,Medium,6.4,Yes,3.41,8,6.6,No,4,8.5,Dorm,No,Low,6,9,6,Visual,9.1,87
140860,16,Other,Biology,4.1,2.3,0.2,No,97.8,5.1,Fair,2,Bachelor,High,6.8,Yes,2.86,6,4.0,No,4,8.1,Library,No,High,1,3,10,Reading,2.8,77
160070,26,Female,Engineering,5.1,4.9,1.2,Yes,50.1,7.4,Good,4,Master,Medium,8.4,No,4.0,7,6.9,No,2,12.7,Co-Learning Group,Yes,High,2,2,10,Auditory,6.3,100
114239,16,Other,Business,5.5,3.9,1.4,No,73.1,6.9,Fair,0,Some College,Low,4.8,No,4.0,6,5.7,No,1,11.4,Cafe,Yes,High,10,7,8,Kinesthetic,6.0,100
164532,22,Male,Computer Science,7.5686509678201075,4.8,2.5,Yes,50.4,8.7,Fair,3,Bachelor,Low,6.2,Yes,4.0,3,5.2,No,2,15.6,Co-Learning Group,Yes,High,8,7,8,Kinesthetic,10.0,97
126916,18,Other,Arts,5.7,4.0,3.4,Yes,78.8,7.5,Good,2,PhD,Low,6.1,No,3.63,6,4.4,No,2,14.8,Co-Learning Group,No,High,6,2,10,Reading,1.9,98
102973,22,Female,Computer Science,5.694132745732052,2.0,2.8,Yes,59.5,7.1,Fair,0,High School,High,7.2,No,4.0,6,5.5,No,0,10.9,Library,Yes,High,7,5,10,Auditory,4.0,100
152434,18,Female,Arts,4.5,3.5,1.8,No,88.9,9.0,Fair,0,Some College,Medium,7.0,No,3.6,4,6.4,No,4,10.4,Cafe,Yes,Low,3,2,10,Auditory,7.7,82
142132,25,Male,Engineering,8.1,2.2,1.9,No,82.3,9.3,Good,7,Some College,Medium,5.6,No,4.0,3,5.6,No,1,13.0,Library,Yes,Medium,6,5,10,Reading,7.0,100
119997,25,Other,Arts,5.1,0.6,2.5,No,69.4,7.6,Poor,6,Master,High,8.8,Yes,4.0,1,6.1,No,0,9.1,Co-Learning Group,Yes,Low,3,1,10,Visual,2.7,100
106543,28,Female,Engineering,2.5,0.8,3.3,Yes,42.5,7.0,Good,3,High School,Low,6.2,No,4.0,1,5.0,No,0,8.5,Dorm,Yes,Medium,1,9,6,Auditory,3.9,100
142174,26,Female,Biology,3.6,0.4,1.1,Yes,47.8,6.9,Good,4,Some College,High,6.0,Yes,2.77,7,6.7,No,0,6.1,Quiet Room,Yes,Low,3,3,10,Reading,3.5,75
149520,23,Other,Psychology,0.0,3.6,2.5,Yes,85.1,7.1,Good,7,PhD,Low,6.9,No,3.43,1,5.0,No,4,8.1,Co-Learning Group,No,Low,10,1,10,Kinesthetic,7.5,82
128124,22,Male,Computer Science,3.8258603777570337,4.3,1.8,No,64.8,6.7,Poor,1,High School,High,6.2,No,3.29,1,7.1,No,5,10.2,Dorm,No,Low,2,7,8,Auditory,7.3,83
115998,23,Other,Biology,5.2,0.1,1.6,Yes,76.9,6.1,Good,1,Bachelor,Medium,4.4,No,4.0,2,6.3,No,2,7.8,Quiet Room,No,Medium,3,10,5,Kinesthetic,1.2,93
166901,25,Other,Engineering,3.6,1.7,0.7,Yes,41.9,7.7,Poor,2,Bachelor,Medium,10.0,No,3.24,3,5.3,No,3,7.8,Co-Learning Group,No,Medium,1,1,10,Visual,6.2,75
147460,28,Male,Biology,2.3,2.0,2.0,Yes,58.4,9.9,Good,5,Some College,Medium,6.2,No,4.0,8,2.0,No,1,6.7,Co-Learning Group,No,Low,3,4,10,Kinesthetic,2.3,100
139805,27,Female,Psychology,4.9,2.9,2.4,No,40.7,8.8,Good,2,Master,Medium,6.3,Yes,3.94,1,3.4,No,2,11.1,Library,No,Low,7,5,10,Visual,4.5,100
138639,19,Female,Biology,5.9,4.5,1.8,No,56.6,8.9,Fair,0,Master,Low,8.7,Yes,4.0,4,9.3,No,2,12.9,Co-Learning Group,No,High,4,10,5,Auditory,3.9,100
108343,17,Male,Engineering,7.1,1.6,2.5,No,80.9,5.4,Fair,3,Some College,High,8.5,Yes,4.0,2,1.9,No,5,11.7,Dorm,No,Low,3,6,9,Visual,1.5,92
156682,20,Female,Business,4.4,2.7,0.8,Yes,58.2,7.0,Good,1,Master,High,3.5,Yes,2.95,7,5.3,No,5,9.3,Dorm,Yes,High,1,5,10,Visual,2.9,80
120537,21,Male,Psychology,7.8,0.8,2.9,Yes,73.1,9.7,Fair,0,Some College,High,6.2,No,3.21,2,6.6,No,4,12.5,Cafe,No,Low,7,2,10,Auditory,1.1,78
161866,28,Male,Arts,3.7,4.5,2.1,Yes,82.6,7.1,Fair,0,Some College,Low,3.8,No,3.65,6,1.6,No,5,12.0,Quiet Room,No,High,5,7,8,Visual,9.6,99
121056,19,Male,Biology,7.8,4.0,3.7,Yes,43.2,8.3,Good,5,Bachelor,Medium,7.199999999999999,No,3.58,5,7.5,No,3,16.8,Quiet Room,No,High,1,4,10,Kinesthetic,9.1,88
133778,25,Other,Arts,1.5,3.3,3.8,No,76.2,5.5,Fair,0,PhD,Low,9.1,No,3.94,4,6.4,No,4,9.3,Library,Yes,Low,6,4,10,Reading,6.3,90
112117,22,Female,Engineering,6.0,3.3,2.6,No,48.1,6.9,Good,5,Some College,Medium,7.8,No,3.5,2,5.0,No,0,13.3,Dorm,Yes,Medium,3,8,7,Reading,8.5,92
152527,21,Male,Psychology,5.7,0.5,3.1,Yes,68.8,7.6,Fair,6,PhD,Low,9.2,Yes,4.0,2,4.8,No,0,10.8,Cafe,Yes,Low,9,10,5,Visual,1.0,100
154526,26,Male,Psychology,1.3,4.2,3.7,No,43.2,7.2,Fair,1,Bachelor,High,6.2,Yes,2.94,5,7.8,No,1,10.0,Quiet Room,No,High,10,4,10,Reading,4.8,79
159930,22,Other,Biology,3.4,2.7,2.6,No,44.4,8.0,Poor,6,Some College,High,6.2,Yes,4.0,3,6.9,No,1,10.0,Cafe,No,Low,5,8,7,Visual,8.5,97
163289,24,Male,Computer Science,3.0944115129039003,2.1,3.6,No,84.0,6.1,Good,0,Bachelor,Medium,4.9,Yes,3.17,1,4.8,No,5,10.3,Library,No,Medium,2,6,9,Kinesthetic,8.2,79
166819,23,Other,Arts,4.2,0.8,2.2,Yes,52.2,6.3,Good,7,High School,High,7.9,Yes,3.78,6,3.2,No,0,9.1,Dorm,No,Medium,9,10,5,Visual,2.9,93
135170,26,Female,Engineering,7.7,2.3,2.0,No,90.1,6.7,Poor,6,High School,Medium,6.5,No,3.9,8,2.3,No,0,13.0,Co-Learning Group,No,High,6,3,10,Visual,4.6,96
128784,20,Other,Arts,2.8,2.7,0.6,Yes,80.7,8.2,Fair,5,High School,Medium,7.6,Yes,3.29,6,7.6,No,4,7.0,Co-Learning Group,Yes,High,10,10,5,Kinesthetic,9.6,86
115938,18,Male,Biology,0.2,3.6,1.3,No,57.2,7.4,Good,0,Bachelor,Medium,6.4,Yes,3.44,7,5.7,No,0,6.3,Library,Yes,Low,4,3,10,Kinesthetic,4.2,85
108721,25,Male,Business,0.3,4.9,0.1,Yes,53.7,7.8,Fair,0,High School,Low,7.2,No,3.09,5,2.8,No,1,7.0,Library,Yes,Medium,3,7,8,Auditory,2.7,84
105047,20,Male,Psychology,0.0,4.1,0.6,No,85.7,7.0,Good,4,Master,High,8.0,Yes,4.0,6,1.0,No,5,6.5,Co-Learning Group,Yes,Medium,3,6,9,Kinesthetic,2.7,100
126939,20,Female,Engineering,1.7,0.7,3.5,No,78.4,6.4,Good,0,PhD,Low,6.4,No,4.0,2,6.8,No,5,6.0,Co-Learning Group,No,Medium,3,5,10,Visual,1.7,99
138831,27,Other,Business,7.0,4.8,2.2,Yes,47.9,5.4,Good,4,Bachelor,High,8.6,Yes,4.0,6,5.6,No,4,14.1,Cafe,Yes,Low,10,4,10,Visual,8.4,100
158774,26,Female,Biology,5.2,4.8,0.1,No,99.1,5.8,Poor,7,Bachelor,Medium,5.2,No,4.0,8,5.1,No,3,10.8,Dorm,No,Medium,4,3,10,Kinesthetic,4.6,99
144669,27,Male,Biology,2.0,3.0,3.0,No,99.2,8.6,Fair,7,PhD,Medium,7.9,Yes,3.41,4,3.6,No,1,8.3,Dorm,Yes,Medium,1,2,10,Visual,6.1,89
149245,16,Female,Psychology,4.1,4.7,1.0,No,56.5,6.4,Good,4,Some College,High,7.7,No,2.98,7,4.1,No,4,9.9,Library,No,Medium,3,7,8,Auditory,2.0,81
144653,26,Male,Business,4.8,2.0,1.3,Yes,70.4,8.2,Good,7,High School,Low,7.5,Yes,3.23,1,4.5,No,3,8.5,Co-Learning Group,No,Medium,9,2,10,Auditory,3.0,81
179766,26,Male,Psychology,5.1,4.5,3.9,No,48.9,8.7,Poor,6,Bachelor,High,6.0,Yes,3.95,6,6.3,No,4,14.0,Library,Yes,Low,1,4,10,Auditory,6.9,100
144045,21,Other,Psychology,9.2,2.8,2.7,No,90.2,7.7,Poor,3,High School,Low,7.1,No,4.0,3,2.8,No,1,15.4,Quiet Room,Yes,High,5,7,8,Visual,4.7,100
132520,17,Other,Engineering,6.4,1.7,3.7,Yes,67.2,4.7,Fair,7,PhD,Low,5.3,Yes,4.0,4,7.4,No,4,13.1,Quiet Room,No,Low,3,10,5,Visual,5.9,100
161411,22,Other,Engineering,5.4,0.4,2.3,No,80.5,9.1,Good,7,Bachelor,Low,7.1,Yes,4.0,1,2.5,No,5,9.7,Quiet Room,No,Low,9,10,5,Reading,2.7,100
135225,23,Female,Computer Science,5.832732616671665,4.9,2.8,Yes,87.3,6.3,Good,5,Master,Low,10.0,Yes,4.0,7,5.8,No,0,15.5,Library,Yes,Medium,6,2,10,Visual,5.2,92
135997,17,Other,Biology,7.4,4.0,3.6,No,57.5,7.2,Poor,0,PhD,High,8.0,Yes,4.0,6,5.8,No,2,15.8,Dorm,No,High,4,1,10,Kinesthetic,4.1,100
163792,22,Other,Arts,3.4,2.4,2.0,Yes,76.4,9.8,Fair,1,Some College,High,9.7,Yes,4.0,5,6.1,No,4,8.2,Quiet Room,No,High,10,8,7,Auditory,2.4,95
140057,28,Other,Business,2.9,1.2,0.2,No,82.0,6.8,Good,2,Master,Low,6.8,Yes,4.0,6,2.4,No,4,5.7,Quiet Room,No,Medium,1,4,10,Visual,5.4,98
120741,26,Male,Arts,1.2,4.3,0.5,Yes,91.9,5.2,Good,6,Some College,High,8.3,Yes,3.08,1,1.9,No,2,7.0,Quiet Room,Yes,Low,5,2,10,Kinesthetic,3.7,70
113871,27,Female,Business,5.5,2.0,2.8,No,45.9,5.8,Good,7,Bachelor,Low,6.7,Yes,4.0,3,6.0,No,5,10.7,Cafe,Yes,High,2,3,10,Reading,3.2,93
177000,18,Female,Business,1.8,4.3,1.7,No,91.8,6.9,Fair,0,High School,Medium,10.0,Yes,2.78,8,4.4,No,5,9.1,Library,No,High,4,5,10,Visual,9.4,68
150186,28,Male,Computer Science,6.451920229449901,2.3,3.7,No,81.0,6.9,Good,4,PhD,Medium,8.0,No,3.98,4,4.6,No,0,12.7,Cafe,No,Medium,5,5,10,Reading,2.1,100
126546,27,Other,Biology,0.6,4.8,2.6,Yes,85.9,5.5,Fair,7,Some College,High,4.7,Yes,2.33,5,6.7,No,3,8.1,Dorm,No,Medium,10,8,7,Auditory,9.7,67
108421,28,Male,Biology,5.3,2.4,3.6,Yes,73.1,8.6,Fair,6,PhD,Medium,5.9,Yes,4.0,4,1.9,No,3,13.0,Library,No,Low,6,5,10,Reading,8.7,98
141802,26,Male,Engineering,6.3,3.1,0.5,No,73.8,6.8,Good,1,Bachelor,High,3.6,Yes,3.21,4,7.0,No,5,10.7,Dorm,Yes,Low,4,8,7,Visual,7.2,74
137975,24,Female,Arts,5.6,3.8,1.1,Yes,49.4,6.7,Poor,2,Some College,High,6.3,No,3.0,5,8.3,No,1,11.1,Quiet Room,No,High,7,6,9,Kinesthetic,6.1,72
114960,19,Other,Business,3.1,2.1,2.9,Yes,66.1,8.0,Good,5,High School,Medium,6.8,No,4.0,3,5.7,No,3,8.4,Co-Learning Group,No,Low,2,5,10,Reading,6.3,97
156762,21,Female,Business,5.8,2.1,3.2,Yes,76.3,7.4,Good,2,High School,Low,6.6,No,2.77,7,4.9,No,5,11.7,Cafe,Yes,Low,3,1,10,Visual,8.5,65
166735,21,Other,Arts,0.5,3.7,3.3,No,64.7,4.0,Poor,6,Some College,Low,5.5,Yes,2.84,3,9.1,No,4,7.9,Co-Learning Group,Yes,Medium,10,10,5,Reading,2.5,63
149773,18,Female,Biology,7.1,3.6,1.6,No,59.1,4.0,Good,5,Bachelor,Medium,7.6,No,3.89,3,3.9,No,0,14.0,Quiet Room,No,Low,9,5,10,Reading,7.2,100
167680,19,Male,Arts,4.4,3.3,1.3,No,78.6,8.4,Good,7,Some College,High,9.4,Yes,4.0,5,2.5,No,5,9.5,Dorm,Yes,High,8,4,10,Kinesthetic,2.3,97
112747,21,Other,Business,3.0,2.8,0.9,Yes,90.7,8.0,Fair,4,High School,Low,6.5,Yes,4.0,6,5.3,No,2,7.9,Library,Yes,Low,4,10,5,Visual,5.4,98
172518,28,Male,Psychology,7.5,1.4,2.3,No,94.9,8.3,Good,7,Master,High,9.2,Yes,4.0,2,6.4,No,3,12.6,Cafe,Yes,Low,10,9,6,Reading,3.0,98
167583,17,Other,Computer Science,6.456767002710008,4.2,2.1,Yes,72.9,10.0,Poor,7,PhD,High,8.3,No,3.43,5,4.4,No,2,14.3,Dorm,No,Low,1,9,6,Visual,9.1,84
111185,28,Female,Biology,7.4,0.9,4.0,No,89.7,7.9,Good,3,High School,Medium,7.4,Yes,3.87,6,5.2,No,3,13.2,Library,No,Medium,5,9,6,Visual,4.8,93
160491,21,Other,Psychology,5.7,3.4,1.7,Yes,70.8,5.9,Fair,4,Some College,High,5.5,Yes,3.5,3,5.8,No,2,11.6,Library,No,Medium,5,4,10,Auditory,8.1,89
162327,25,Other,Engineering,3.2,0.6,1.6,No,64.9,7.4,Poor,4,High School,High,7.2,Yes,4.0,1,1.7,No,4,6.8,Quiet Room,Yes,Medium,3,9,6,Kinesthetic,9.9,89
102737,21,Other,Biology,0.5,2.5,2.3,Yes,41.3,7.7,Fair,7,Bachelor,Low,6.8,No,3.59,6,5.3,No,3,5.8,Cafe,Yes,Low,2,4,10,Reading,9.9,83
149778,18,Male,Computer Science,5.494133006450049,1.6,2.2,No,77.6,8.1,Good,4,Some College,Low,10.0,Yes,4.0,6,6.4,No,2,10.1,Cafe,No,Medium,10,8,7,Reading,8.1,91
127459,23,Female,Arts,2.0,4.8,3.7,No,99.3,6.1,Fair,3,High School,High,10.0,Yes,2.71,3,5.7,No,3,11.2,Library,Yes,High,4,6,9,Visual,3.3,58
125822,25,Male,Arts,6.4,1.7,3.0,No,85.1,6.4,Fair,3,PhD,Low,5.5,No,4.0,7,7.3,No,4,12.0,Cafe,Yes,Medium,2,4,10,Reading,1.1,93
110931,26,Male,Biology,6.1,0.4,0.2,No,53.5,5.9,Poor,7,Master,Low,6.4,No,2.95,1,7.3,No,2,8.2,Cafe,Yes,Low,3,2,10,Auditory,5.8,73
122510,21,Other,Engineering,4.2,3.6,1.2,No,90.8,10.2,Fair,7,Master,High,7.9,Yes,3.31,4,2.3,No,0,9.5,Quiet Room,No,High,8,1,10,Visual,7.3,78
164780,22,Male,Arts,3.2,4.3,1.7,Yes,68.7,6.8,Fair,2,Some College,Low,6.6,Yes,3.29,7,4.8,No,2,11.1,Co-Learning Group,No,High,2,1,10,Kinesthetic,2.4,81
145440,17,Male,Engineering,2.9,2.4,3.9,No,55.3,7.6,Good,7,Bachelor,High,8.5,No,3.23,3,1.6,No,2,11.0,Cafe,No,Medium,9,5,10,Kinesthetic,5.9,79
157303,20,Female,Psychology,2.8,0.5,3.7,Yes,54.8,6.3,Good,1,High School,Medium,7.2,Yes,3.56,6,3.0,No,1,8.8,Quiet Room,No,Low,6,10,5,Visual,9.7,97
156158,22,Female,Arts,2.1,3.6,2.9,Yes,44.3,6.4,Good,2,Master,High,8.8,Yes,4.0,7,5.5,No,2,8.9,Quiet Room,Yes,Low,4,7,8,Reading,1.9,100
155858,17,Other,Arts,0.0,1.2,1.1,Yes,47.4,7.5,Fair,7,High School,High,7.7,Yes,4.0,3,4.6,No,2,4.2,Cafe,Yes,Low,9,10,5,Auditory,2.6,100
175384,23,Male,Business,7.4,2.8,3.9,Yes,80.5,6.1,Good,0,PhD,Medium,8.3,No,4.0,6,6.6,No,5,14.5,Quiet Room,Yes,Low,5,6,9,Reading,9.9,100
142986,17,Other,Computer Science,7.284670133337315,1.4,2.7,Yes,71.2,7.6,Good,7,Bachelor,High,1.0,No,4.0,7,2.8,No,5,13.3,Quiet Room,Yes,High,5,6,9,Kinesthetic,4.0,100
159846,16,Female,Psychology,8.2,0.3,2.7,Yes,67.1,7.5,Fair,7,Master,High,9.4,Yes,3.75,7,5.4,No,0,12.6,Library,No,Low,4,4,10,Auditory,9.9,100
150415,20,Male,Biology,6.9,4.9,3.1,Yes,99.5,7.1,Good,2,PhD,High,4.1,Yes,3.36,7,2.6,No,2,14.9,Cafe,Yes,High,1,7,8,Auditory,9.4,84
169520,18,Female,Business,2.7,3.1,3.8,No,84.1,8.8,Good,4,Bachelor,Low,6.6,No,4.0,5,5.3,No,1,11.3,Library,No,Medium,6,10,5,Reading,2.1,98
156595,23,Other,Psychology,0.7,0.2,0.2,Yes,57.8,9.6,Fair,0,High School,High,4.0,Yes,3.83,1,7.3,No,2,1.3,Co-Learning Group,Yes,Low,5,1,10,Reading,8.4,96
136437,21,Female,Biology,6.0,3.4,2.3,Yes,63.5,8.2,Good,1,High School,Medium,3.4,No,3.3,1,3.2,No,0,12.6,Dorm,No,High,9,2,10,Visual,8.0,88
113770,22,Female,Psychology,4.8,3.3,4.0,Yes,51.7,7.5,Good,0,Master,Low,6.8,No,3.58,7,3.7,No,2,12.8,Quiet Room,No,Medium,6,2,10,Visual,2.8,96
154156,22,Other,Engineering,1.2,0.6,0.3,No,67.0,8.7,Fair,7,PhD,Low,7.2,No,4.0,7,3.9,No,5,2.9,Dorm,No,Medium,7,10,5,Reading,7.5,94
159608,27,Other,Engineering,2.0,1.3,2.3,Yes,54.0,4.5,Good,4,Bachelor,Low,7.6,Yes,3.83,1,5.4,No,4,6.3,Co-Learning Group,Yes,Medium,1,2,10,Reading,7.9,86
176738,23,Male,Computer Science,4.879476907983531,2.7,3.1,Yes,72.3,5.2,Good,2,High School,Medium,8.4,Yes,3.41,1,2.7,No,1,12.7,Dorm,No,Medium,9,1,10,Kinesthetic,1.2,81
125788,18,Female,Psychology,5.3,0.3,1.8,Yes,99.3,6.1,Good,3,Some College,Medium,10.0,Yes,2.91,1,6.0,No,1,9.4,Library,Yes,Medium,7,2,10,Visual,4.3,70
111774,25,Female,Arts,3.6,4.0,2.3,Yes,88.6,6.7,Good,1,PhD,High,5.0,No,3.9,8,4.3,No,0,11.9,Library,No,Low,9,4,10,Reading,3.5,96
127053,27,Other,Engineering,3.3,2.6,2.3,Yes,65.8,11.7,Good,2,Some College,High,4.0,Yes,4.0,1,4.7,No,1,8.3,Library,No,High,5,8,7,Auditory,1.0,100
121605,20,Female,Engineering,0.0,1.0,1.1,Yes,67.9,6.3,Good,0,High School,High,7.1,Yes,4.0,7,6.7,No,4,3.3,Cafe,Yes,High,2,8,7,Kinesthetic,3.3,100
177194,24,Female,Computer Science,9.334441356584156,1.6,0.0,Yes,74.7,6.7,Good,7,PhD,High,9.1,Yes,4.0,5,4.9,No,0,11.5,Dorm,Yes,Medium,9,6,9,Reading,6.5,97
176166,26,Female,Business,5.7,3.6,3.7,Yes,63.0,9.1,Good,1,Some College,Medium,6.3,No,2.57,6,5.1,No,5,13.3,Cafe,No,High,10,1,10,Visual,3.3,63
145076,20,Female,Arts,3.3,3.0,0.3,No,88.5,8.6,Good,0,High School,Medium,6.8,Yes,4.0,8,6.9,No,0,7.9,Cafe,Yes,High,7,3,10,Visual,1.9,99
125993,22,Other,Arts,3.3,1.0,0.6,No,57.2,7.3,Poor,5,PhD,Medium,6.2,Yes,3.88,7,5.0,No,4,6.9,Quiet Room,No,High,9,5,10,Reading,9.2,94
130535,24,Male,Biology,8.0,2.7,0.2,No,44.6,4.9,Fair,2,High School,High,4.2,No,3.88,2,4.0,No,4,12.6,Library,No,Medium,3,5,10,Visual,1.2,96
170192,17,Female,Computer Science,4.226095960920024,4.5,3.1,Yes,44.3,6.7,Fair,3,PhD,Low,5.8,No,3.12,6,4.8,No,1,11.9,Quiet Room,No,High,2,4,10,Auditory,8.4,76
116008,28,Other,Psychology,5.3,3.1,2.7,No,89.5,7.4,Good,7,Bachelor,Low,1.9,Yes,3.76,7,2.1,No,4,12.7,Co-Learning Group,No,High,7,2,10,Kinesthetic,9.8,88
136332,24,Female,Business,5.3,0.8,3.7,No,94.2,5.6,Fair,2,Bachelor,High,6.9,No,4.0,7,5.9,No,2,10.5,Quiet Room,No,Medium,6,6,9,Visual,7.5,98
111624,18,Other,Psychology,5.2,2.9,1.3,Yes,76.1,6.7,Fair,2,Some College,Medium,5.7,Yes,3.37,3,6.2,No,2,9.9,Co-Learning Group,No,Medium,10,2,10,Visual,7.8,91
138272,23,Male,Computer Science,8.179378025820732,3.5,1.4,No,71.0,8.1,Fair,5,High School,Medium,7.3,Yes,4.0,2,3.7,No,4,13.4,Co-Learning Group,Yes,Low,8,10,5,Visual,7.4,100
160617,19,Other,Computer Science,7.176511560939535,2.1,3.7,No,97.1,7.9,Fair,1,High School,Low,6.2,Yes,4.0,1,4.6,No,3,14.2,Co-Learning Group,No,Low,9,2,10,Kinesthetic,7.7,100
165302,23,Male,Arts,2.8,3.4,0.5,No,68.7,8.7,Good,2,Bachelor,High,7.5,No,3.75,6,6.9,No,2,7.3,Co-Learning Group,Yes,Low,9,9,6,Visual,2.6,96
148294,18,Female,Engineering,5.2,4.4,3.4,Yes,58.6,7.6,Poor,2,Some College,High,7.8,No,4.0,2,6.4,No,0,13.6,Quiet Room,Yes,Medium,3,10,5,Reading,5.5,95
155112,28,Male,Engineering,3.8,3.1,1.0,Yes,64.7,6.6,Good,5,Some College,High,4.8,No,3.2,3,6.5,No,2,8.8,Quiet Room,No,Low,4,5,10,Reading,4.6,72
147790,17,Female,Biology,3.7,2.8,3.4,Yes,70.9,7.4,Poor,1,High School,Medium,8.0,No,3.73,7,3.0,No,0,10.7,Cafe,No,Low,6,5,10,Reading,3.7,96
168850,20,Other,Engineering,4.0,0.1,0.7,No,83.9,5.5,Fair,7,Master,Low,9.0,No,2.82,7,3.8,No,1,5.3,Dorm,Yes,Low,7,4,10,Visual,8.9,74
142224,19,Male,Arts,4.1,1.8,1.4,Yes,60.1,6.9,Fair,1,High School,Medium,6.9,No,4.0,2,6.9,No,2,8.9,Co-Learning Group,Yes,Low,5,9,6,Kinesthetic,8.4,100
111358,20,Female,Business,3.8,3.7,3.3,Yes,58.4,6.5,Fair,0,Some College,High,7.4,No,2.69,5,1.4,No,2,12.3,Cafe,Yes,High,7,3,10,Kinesthetic,2.0,59
107088,22,Male,Business,2.9,0.1,3.8,No,47.7,9.2,Poor,7,Master,Medium,3.6,No,3.72,6,7.7,No,5,7.1,Cafe,No,High,4,9,6,Auditory,6.6,94
104978,26,Female,Arts,4.5,4.9,2.7,No,42.3,4.6,Fair,6,Master,High,8.0,Yes,3.0,1,6.1,No,1,12.4,Cafe,No,Medium,4,7,8,Kinesthetic,7.6,73
124740,20,Male,Biology,3.0,3.9,1.1,No,49.8,5.5,Fair,7,High School,High,4.9,No,3.7,6,1.4,No,2,8.2,Quiet Room,No,Medium,7,2,10,Kinesthetic,6.6,86
138776,28,Male,Arts,1.1,1.4,1.5,Yes,66.7,5.4,Fair,2,Bachelor,High,7.3,Yes,4.0,3,4.9,No,4,5.8,Co-Learning Group,Yes,Medium,1,5,10,Reading,5.4,96
130484,22,Male,Psychology,4.9,0.5,1.8,Yes,87.0,6.6,Poor,2,Bachelor,Low,6.7,No,3.63,4,4.0,No,0,8.0,Cafe,No,Low,8,5,10,Kinesthetic,6.2,93
124577,17,Other,Computer Science,5.088033629305757,1.7,3.8,Yes,93.0,7.8,Good,5,Some College,Low,6.0,Yes,4.0,8,5.2,No,3,10.7,Library,No,Low,6,5,10,Auditory,2.4,98
144029,18,Male,Engineering,4.6,4.3,1.2,Yes,46.9,6.6,Poor,6,Bachelor,High,7.7,No,4.0,6,2.0,No,1,11.5,Quiet Room,No,Low,9,6,9,Visual,4.2,100
112431,22,Other,Computer Science,5.790911797390839,1.1,0.6,Yes,87.9,8.5,Good,7,Some College,Low,5.4,Yes,4.0,8,4.2,No,1,8.0,Co-Learning Group,Yes,High,7,9,6,Auditory,1.1,88
124141,24,Male,Computer Science,6.556260595906336,1.4,1.2,Yes,48.1,7.2,Good,0,PhD,Low,6.3,No,4.0,7,4.4,No,2,10.6,Cafe,Yes,Low,10,4,10,Visual,1.0,98
145395,18,Male,Engineering,7.7,3.8,3.3,Yes,46.3,6.8,Fair,3,High School,High,7.9,Yes,3.83,8,6.3,No,5,15.2,Cafe,Yes,High,4,9,6,Reading,8.7,97
114876,20,Male,Biology,2.8,3.4,0.9,Yes,96.6,7.3,Good,0,Bachelor,High,7.4,Yes,3.54,2,1.6,No,5,9.0,Quiet Room,No,Low,6,6,9,Visual,1.2,92
128118,16,Male,Psychology,1.2,4.9,1.2,No,85.5,10.2,Good,4,Bachelor,Low,7.3,No,2.92,1,6.9,No,0,8.1,Library,Yes,Low,1,2,10,Kinesthetic,6.8,76
161523,16,Male,Psychology,2.2,3.6,2.0,Yes,81.2,7.0,Good,3,PhD,High,5.8,Yes,3.87,1,5.8,No,2,9.5,Dorm,No,High,3,10,5,Reading,5.8,99
171510,24,Other,Psychology,5.1,2.5,3.8,Yes,99.2,5.6,Poor,0,Master,Medium,8.7,Yes,3.82,5,2.5,No,1,12.0,Cafe,Yes,High,4,8,7,Auditory,4.2,100
130866,21,Male,Psychology,5.3,4.6,3.0,No,52.9,6.1,Good,5,High School,Low,10.0,Yes,4.0,1,6.5,No,2,14.4,Cafe,No,High,5,7,8,Reading,1.7,100
179939,18,Female,Psychology,1.0,3.2,2.3,No,52.1,5.6,Fair,7,Bachelor,Low,7.699999999999999,Yes,3.44,8,7.9,No,4,8.5,Cafe,Yes,High,4,9,6,Kinesthetic,8.4,78
107148,19,Male,Computer Science,7.593830611971772,2.7,2.5,No,81.5,6.8,Good,3,Bachelor,Low,8.3,No,2.96,2,6.6,No,5,13.0,Library,No,High,1,4,10,Auditory,2.9,70
146778,25,Female,Engineering,4.0,4.7,1.2,Yes,95.1,6.1,Poor,7,PhD,Low,4.1,Yes,3.31,2,4.3,No,2,10.7,Cafe,Yes,High,2,4,10,Kinesthetic,6.7,85
152810,24,Male,Computer Science,2.860809691950977,1.1,4.0,Yes,43.6,5.7,Good,0,Some College,High,6.1,Yes,4.0,5,5.6,No,5,9.4,Quiet Room,Yes,Low,9,1,10,Kinesthetic,8.1,100
126125,19,Male,Arts,2.8,1.0,3.6,No,66.9,6.7,Fair,7,Bachelor,Low,5.4,No,4.0,3,9.3,No,1,7.4,Library,No,Medium,5,10,5,Auditory,9.4,98
120171,25,Female,Engineering,5.0,2.8,1.8,No,80.7,5.0,Good,1,High School,Low,2.4,Yes,3.57,6,7.6,No,4,10.1,Dorm,No,High,8,3,10,Auditory,7.4,86
126008,23,Female,Biology,5.3,1.7,2.0,No,65.8,9.0,Poor,3,Some College,Low,8.7,Yes,3.08,2,6.4,No,2,9.3,Dorm,Yes,High,8,6,9,Auditory,4.6,74
107806,28,Male,Biology,3.7,3.2,3.7,Yes,69.4,8.1,Poor,2,Master,High,7.3,Yes,3.44,6,6.7,No,3,12.5,Cafe,Yes,Medium,9,3,10,Reading,3.2,87
109499,18,Other,Engineering,3.4,1.3,0.8,Yes,61.4,9.2,Poor,5,PhD,Low,1.1,No,3.86,2,3.7,No,3,6.7,Cafe,Yes,Medium,4,6,9,Kinesthetic,4.1,93
104965,20,Other,Computer Science,5.989378591822778,2.7,1.1,No,47.4,7.7,Fair,6,Some College,Low,5.7,Yes,2.79,3,3.4,No,3,10.0,Dorm,No,High,5,5,10,Reading,2.4,66
122138,22,Male,Biology,4.8,4.1,0.6,No,92.3,8.7,Good,6,Master,Medium,4.8,Yes,4.0,8,2.9,No,1,11.4,Cafe,Yes,Low,7,9,6,Visual,4.5,90
126540,18,Male,Arts,4.3,4.5,1.4,No,59.2,7.1,Good,2,Master,Low,6.1,No,3.98,2,2.4,No,5,11.2,Cafe,No,Medium,2,4,10,Visual,9.6,93
108592,20,Female,Business,5.7,4.8,1.9,No,94.4,6.4,Poor,4,PhD,Low,7.0,No,3.49,1,2.7,No,0,13.3,Dorm,Yes,Low,5,8,7,Reading,7.4,82
155222,20,Male,Engineering,4.7,1.5,3.1,Yes,98.2,8.5,Fair,0,Bachelor,Medium,5.6,No,2.92,8,5.8,No,0,11.1,Library,No,High,10,3,10,Reading,7.0,73
108694,26,Male,Biology,1.0,4.4,1.9,Yes,70.3,5.2,Good,1,High School,Medium,6.9,No,2.89,2,2.3,No,2,8.6,Co-Learning Group,Yes,Low,3,8,7,Visual,2.4,77
155838,19,Male,Arts,6.3,2.7,0.1,No,98.1,6.3,Fair,6,PhD,High,6.5,No,4.0,5,5.7,No,3,9.5,Co-Learning Group,Yes,Low,5,4,10,Kinesthetic,9.6,95
109119,22,Other,Psychology,5.8,0.7,0.3,No,83.3,5.1,Good,1,PhD,Medium,7.5,Yes,3.61,1,6.5,No,3,7.9,Quiet Room,Yes,Low,5,10,5,Auditory,9.2,90
160835,23,Other,Engineering,5.9,0.8,2.4,Yes,84.5,7.5,Fair,6,PhD,Medium,5.8,Yes,4.0,4,3.9,No,4,9.6,Quiet Room,Yes,High,7,7,8,Auditory,2.5,98
101248,25,Female,Computer Science,4.871619016733671,3.2,3.6,Yes,40.4,7.5,Good,3,Master,Medium,9.6,No,3.76,1,4.9,No,4,12.8,Library,No,Medium,7,2,10,Kinesthetic,7.7,92
164021,17,Male,Psychology,4.6,0.5,2.1,No,70.9,6.4,Good,3,Bachelor,Low,5.2,Yes,4.0,5,2.0,No,4,7.9,Co-Learning Group,No,Low,1,7,8,Kinesthetic,6.8,96
164680,20,Female,Arts,0.9,4.9,1.5,No,63.0,8.3,Poor,4,Bachelor,High,9.3,No,4.0,5,7.5,No,1,8.2,Quiet Room,Yes,Medium,6,5,10,Visual,4.0,100
117407,23,Other,Psychology,3.3,3.1,0.2,Yes,73.0,6.0,Poor,0,Master,Low,9.4,Yes,3.73,5,3.4,No,5,7.6,Dorm,No,Medium,4,8,7,Visual,6.9,88
